[2026-10-06 12:49:54]	[CDH] shell attached 
[2026-10-06 12:49:55]	[CDH] shell query complete 
[2026-10-06 12:49:55]	[CDH] shell found AugustusExp66.Civ7Save turn 66 age AGE_EXPLORATION missingMods=0 unowned=0 
[2026-10-06 12:49:55]	[CDH] shell handleLoadSave returned true 
[2026-10-06 12:50:13]	[CDH] attached am-soak 
[2026-10-06 12:50:13]	[CulturalDiffusion] boot (turnInterval 1, verb purchasePlot, enabled true) 
[2026-10-06 12:50:18]	[CDH] LOAD GameStarted 
[2026-10-06 12:50:28]	[CDH] AMSOAK start turn=66 age=AGE_EXPLORATION startAge=AGE_EXPLORATION local=0 amPresent=true amSet={"autoSpread":true,"targetCityStates":true,"targetTriumphs":true,"garrisonLastCharge":false,"ignoreAsleep":true,"showDockButton":false} religion=-1596605022 missionaries=0 cdConfig={"claimOnlyUnowned":false,"aiCultureFlips":true,"flipMaxDistance":6,"maxFlipsPerTurn":8} 
[2026-10-06 12:50:28]	[CDH] INV T0-pre: claims=0 stale=0 localInner=0 district=0 center=0 pending=0 bytes=78 
[2026-10-06 12:50:28]	[CDH] SEED T0: 280 frontier tiles seeded, state bytes=4056 
[2026-10-06 12:50:28]	[CDH] BUY T0: had 0, bought 6 
[2026-10-06 12:50:28]	[CulturalDiffusion] inject 92,32 civ=0 culture=114.4 vitality=106.83 strength=53.92 stock=10 cap=107842.6 
[2026-10-06 12:50:28]	[CulturalDiffusion] inject 86,20 civ=0 culture=12 vitality=51.06 strength=9.62 stock=10 cap=19233.91 
[2026-10-06 12:50:28]	[CulturalDiffusion] inject 77,21 civ=0 culture=0 vitality=23.88 strength=0 stock=1 cap=0 
[2026-10-06 12:50:28]	[CulturalDiffusion] inject 82,23 civ=0 culture=0.6 vitality=18.92 strength=0.97 stock=10 cap=1942.05 
[2026-10-06 12:50:28]	[CulturalDiffusion] inject 93,26 civ=0 culture=3.6 vitality=10.52 strength=2.53 stock=10 cap=5060.62 
[2026-10-06 12:50:28]	[CulturalDiffusion] inject 80,31 civ=0 culture=1.6 vitality=21.3 strength=1.91 stock=10 cap=3825.4 
[2026-10-06 12:50:28]	[CulturalDiffusion] inject 87,32 civ=0 culture=17.4 vitality=29.88 strength=10.15 stock=10 cap=20302.58 
[2026-10-06 12:50:28]	[CulturalDiffusion] inject 84,35 civ=0 culture=1 vitality=27.75 strength=1.54 stock=10 cap=3089.66 
[2026-10-06 12:50:28]	[CulturalDiffusion] inject 90,37 civ=0 culture=4.75 vitality=18.73 strength=3.71 stock=10 cap=7413.54 
[2026-10-06 12:50:28]	[CulturalDiffusion] inject 77,36 civ=0 culture=0 vitality=12.99 strength=0 stock=1 cap=0 
[2026-10-06 12:50:28]	[CulturalDiffusion] inject 81,18 civ=0 culture=0.59 vitality=25.08 strength=1.06 stock=10 cap=2125.1 
[2026-10-06 12:50:28]	[CulturalDiffusion] inject 79,39 civ=0 culture=0 vitality=17.27 strength=0 stock=1 cap=0 
[2026-10-06 12:50:28]	[CulturalDiffusion] inject 78,13 civ=0 culture=0.5 vitality=12.94 strength=0.75 stock=10 cap=1507.46 
[2026-10-06 12:50:28]	[CulturalDiffusion] inject 75,41 civ=0 culture=0.42 vitality=13.4 strength=0.68 stock=10 cap=1358.48 
[2026-10-06 12:50:28]	[CulturalDiffusion] inject 75,14 civ=0 culture=0 vitality=11.8 strength=0 stock=1 cap=0 
[2026-10-06 12:50:28]	[CulturalDiffusion] inject 71,44 civ=0 culture=0.47 vitality=22.81 strength=0.88 stock=10 cap=1762.84 
[2026-10-06 12:50:28]	[CulturalDiffusion] inject 71,39 civ=0 culture=0 vitality=12.37 strength=0 stock=1 cap=0 
[2026-10-06 12:50:28]	[CulturalDiffusion] inject 71,15 civ=0 culture=0 vitality=21.2 strength=0 stock=1 cap=0 
[2026-10-06 12:50:28]	[CulturalDiffusion] inject 72,10 civ=0 culture=2.4 vitality=12.32 strength=2.06 stock=10 cap=4110.59 
[2026-10-06 12:50:28]	[CulturalDiffusion] inject 68,19 civ=0 culture=4 vitality=32.81 strength=4.03 stock=10 cap=8067.07 
[2026-10-06 12:50:28]	[CulturalDiffusion] inject 67,41 civ=0 culture=16.51 vitality=70.82 strength=13.27 stock=10 cap=26534.67 
[2026-10-06 12:50:28]	[CulturalDiffusion] inject 67,35 civ=0 culture=2 vitality=27.4 strength=2.41 stock=10 cap=4826.71 
[2026-10-06 12:50:28]	[CulturalDiffusion] inject 71,33 civ=0 culture=0 vitality=22.9 strength=0 stock=1 cap=0 
[2026-10-06 12:50:28]	[CulturalDiffusion] inject 68,30 civ=0 culture=0 vitality=18.4 strength=0 stock=1 cap=0 
[2026-10-06 12:50:28]	[CulturalDiffusion] inject 64,19 civ=0 culture=4.42 vitality=19.14 strength=3.56 stock=10 cap=7125.91 
[2026-10-06 12:50:28]	[CulturalDiffusion] inject 64,45 civ=0 culture=5 vitality=38.32 strength=4.92 stock=10 cap=9846.62 
[2026-10-06 12:50:28]	[CulturalDiffusion] inject 64,26 civ=0 culture=2 vitality=18.3 strength=2.1 stock=10 cap=4190.79 
[2026-10-06 12:50:28]	[CulturalDiffusion] inject 62,32 civ=0 culture=1 vitality=19.3 strength=1.36 stock=10 cap=2720.91 
[2026-10-06 12:50:28]	[CulturalDiffusion] inject 64,14 civ=0 culture=6.61 vitality=31.13 strength=5.49 stock=10 cap=10977.11 
[2026-10-06 12:50:28]	[CulturalDiffusion] inject 60,50 civ=2 culture=10.65 vitality=15.36 strength=9.6 stock=10 cap=19194.96 
[2026-10-06 12:50:28]	[CulturalDiffusion] inject 67,50 civ=2 culture=5.92 vitality=9.51 strength=5.54 stock=10 cap=11078.05 
[2026-10-06 12:50:28]	[CulturalDiffusion] inject 74,52 civ=2 culture=82.5 vitality=52.01 strength=55.65 stock=10 cap=111309.84 
[2026-10-06 12:50:28]	[CulturalDiffusion] inject 83,44 civ=4 culture=8.8 vitality=24.73 strength=14.19 stock=10 cap=28379.88 
[2026-10-06 12:50:28]	[CulturalDiffusion] inject 79,47 civ=4 culture=8.8 vitality=30.85 strength=15.33 stock=10 cap=30663.72 
[2026-10-06 12:50:28]	[CulturalDiffusion] inject 75,48 civ=4 culture=14.3 vitality=43.15 strength=23.64 stock=10.73 cap=47287.65 
[2026-10-06 12:50:28]	[CulturalDiffusion] frontier city=65536 ring=4 best=3799 bar=375 over=2/23 center=10 
[2026-10-06 12:50:28]	[CulturalDiffusion] frontier city=131073 ring=4 best=3799 bar=375 over=8/24 center=10 
[2026-10-06 12:50:28]	[CulturalDiffusion] frontier city=196610 ring=4 best=3799 bar=375 over=5/24 center=1 
[2026-10-06 12:50:28]	[CulturalDiffusion] frontier city=262147 ring=4 best=3799 bar=375 over=6/24 center=10 
[2026-10-06 12:50:28]	[CulturalDiffusion] frontier city=327684 ring=4 best=3799 bar=375 over=8/19 center=10 
[2026-10-06 12:50:28]	[CulturalDiffusion] frontier city=393221 ring=4 best=3799 bar=375 over=3/24 center=10 
[2026-10-06 12:50:28]	[CulturalDiffusion] frontier city=458758 ring=4 best=3799 bar=375 over=3/24 center=10 
[2026-10-06 12:50:28]	[CulturalDiffusion] frontier city=524295 ring=4 best=10 bar=375 over=0/24 center=10 
[2026-10-06 12:50:28]	[CulturalDiffusion] frontier city=589832 ring=4 best=1 bar=375 over=0/24 center=10 
[2026-10-06 12:50:28]	[CulturalDiffusion] frontier city=655369 ring=4 best=1 bar=375 over=0/24 center=1 
[2026-10-06 12:50:28]	[CulturalDiffusion] frontier city=720906 ring=4 best=3799 bar=375 over=4/24 center=10 
[2026-10-06 12:50:28]	[CulturalDiffusion] frontier city=786443 ring=4 best=1 bar=375 over=0/24 center=1 
[2026-10-06 12:50:28]	[CulturalDiffusion] frontier city=851980 ring=4 best=3799 bar=375 over=4/24 center=10 
[2026-10-06 12:50:28]	[CulturalDiffusion] frontier city=917517 ring=4 best=1 bar=375 over=0/24 center=10 
[2026-10-06 12:50:28]	[CulturalDiffusion] frontier city=983054 ring=4 best=3799 bar=375 over=5/24 center=1 
[2026-10-06 12:50:28]	[CulturalDiffusion] frontier city=1048591 ring=4 best=1 bar=375 over=0/24 center=10 
[2026-10-06 12:50:28]	[CulturalDiffusion] frontier city=1114128 ring=4 best=1 bar=375 over=0/24 center=1 
[2026-10-06 12:50:28]	[CulturalDiffusion] frontier city=1179665 ring=4 best=3799 bar=375 over=3/24 center=1 
[2026-10-06 12:50:28]	[CulturalDiffusion] frontier city=1245202 ring=4 best=1 bar=375 over=0/24 center=10 
[2026-10-06 12:50:28]	[CulturalDiffusion] frontier city=1310739 ring=4 best=3799 bar=375 over=3/24 center=10 
[2026-10-06 12:50:28]	[CulturalDiffusion] frontier city=1376276 ring=4 best=1 bar=375 over=0/24 center=10 
[2026-10-06 12:50:28]	[CulturalDiffusion] frontier city=1441813 ring=4 best=1 bar=375 over=0/24 center=10 
[2026-10-06 12:50:28]	[CulturalDiffusion] frontier city=1507350 ring=4 best=1 bar=375 over=0/24 center=1 
[2026-10-06 12:50:28]	[CulturalDiffusion] frontier city=1572887 ring=4 best=1 bar=375 over=0/24 center=1 
[2026-10-06 12:50:28]	[CulturalDiffusion] frontier city=1638424 ring=4 best=10 bar=375 over=0/24 center=10 
[2026-10-06 12:50:28]	[CulturalDiffusion] frontier city=1703961 ring=4 best=1 bar=375 over=0/24 center=10 
[2026-10-06 12:50:28]	[CulturalDiffusion] frontier city=1769498 ring=4 best=1 bar=375 over=0/24 center=10 
[2026-10-06 12:50:28]	[CulturalDiffusion] frontier city=1835035 ring=4 best=1 bar=375 over=0/24 center=10 
[2026-10-06 12:50:28]	[CulturalDiffusion] frontier city=1900572 ring=4 best=1 bar=375 over=0/24 center=10 
[2026-10-06 12:50:28]	[CulturalDiffusion] flip 89,29 -> player 0 via purchasePlot sent; pending confirmation next pass (was owner -1) 
[2026-10-06 12:50:28]	[CulturalDiffusion] flip 90,28 -> player 0 via purchasePlot sent; pending confirmation next pass (was owner -1) 
[2026-10-06 12:50:28]	[CulturalDiffusion] flip 89,28 -> player 0 via purchasePlot sent; pending confirmation next pass (was owner -1) 
[2026-10-06 12:50:28]	[CulturalDiffusion] flip 89,27 -> player 0 via purchasePlot sent; pending confirmation next pass (was owner -1) 
[2026-10-06 12:50:28]	[CulturalDiffusion] flip 88,28 -> player 0 via purchasePlot sent; pending confirmation next pass (was owner -1) 
[2026-10-06 12:50:28]	[CulturalDiffusion] flip 89,26 -> player 0 via purchasePlot sent; pending confirmation next pass (was owner -1) 
[2026-10-06 12:50:28]	[CulturalDiffusion] flip 89,25 -> player 0 via purchasePlot sent; pending confirmation next pass (was owner -1) 
[2026-10-06 12:50:28]	[CulturalDiffusion] flip 88,24 -> player 0 via purchasePlot sent; pending confirmation next pass (was owner -1) 
[2026-10-06 12:50:28]	[CulturalDiffusion] flip 86,43 -> player 4 via purchasePlot sent; pending confirmation next pass (was owner -1) 
[2026-10-06 12:50:28]	[CulturalDiffusion] flip 77,44 -> player 4 via purchasePlot sent; pending confirmation next pass (was owner -1) 
[2026-10-06 12:50:28]	[CulturalDiffusion] flip 76,44 -> player 4 via purchasePlot sent; pending confirmation next pass (was owner -1) 
[2026-10-06 12:50:28]	[CulturalDiffusion] flip 73,48 -> player 2 via purchasePlot sent; pending confirmation next pass (was owner -1) 
[2026-10-06 12:50:28]	[CulturalDiffusion] flip 72,48 -> player 2 via purchasePlot sent; pending confirmation next pass (was owner -1) 
[2026-10-06 12:50:28]	[CulturalDiffusion] flip 71,49 -> player 2 via purchasePlot sent; pending confirmation next pass (was owner -1) 
[2026-10-06 12:50:28]	[CulturalDiffusion] flip 70,48 -> player 2 via purchasePlot sent; pending confirmation next pass (was owner -1) 
[2026-10-06 12:50:28]	[CulturalDiffusion] flip 68,46 -> player 2 via purchasePlot sent; pending confirmation next pass (was owner -1) 
[2026-10-06 12:50:28]	[CulturalDiffusion] state bytes=19818 field=979 claims=0 locked=0 passMs=64 
[2026-10-06 12:50:28]	[CulturalDiffusion] pass: 0 flip(s), 8 pending, 0 ceded (0 pending), 0 AI flip(s) (8 pending), 0 conquest(s) (0 pending), confirmed 0 claim/0 cede (0 dropped), 0 orphan(s) healed, 0 inner tile(s) released to base game, 979 active field tile(s) 
[2026-10-06 12:50:28]	[CulturalDiffusion] pass (manual): flips=0 field tiles=9 
[2026-10-06 12:50:28]	[CDH] T0 runNow={"flips":0,"pending":8,"tiles":9,"healed":0,"released":0,"ceded":0,"cedePending":0,"aiFlips":0,"aiPending":8,"conquests":0,"conquestPending":0,"occupied":0,"confirmed":0,"confirmedCede":0} 
[2026-10-06 12:50:36]	[CDH] INV T0-post: claims=0 stale=0 localInner=0 district=0 center=0 pending=16 bytes=19803 
[2026-10-06 12:50:36]	[CulturalDiffusion] notify: (89,29) unowned -> player 0 
[2026-10-06 12:50:36]	[CulturalDiffusion] pending 89,29 claim confirmed on the live map 
[2026-10-06 12:50:36]	[CulturalDiffusion] notify: (90,28) unowned -> player 0 
[2026-10-06 12:50:36]	[CulturalDiffusion] pending 90,28 claim confirmed on the live map 
[2026-10-06 12:50:36]	[CulturalDiffusion] notify: (89,28) unowned -> player 0 
[2026-10-06 12:50:36]	[CulturalDiffusion] pending 89,28 claim confirmed on the live map 
[2026-10-06 12:50:36]	[CulturalDiffusion] notify: (89,27) unowned -> player 0 
[2026-10-06 12:50:36]	[CulturalDiffusion] pending 89,27 claim confirmed on the live map 
[2026-10-06 12:50:36]	[CulturalDiffusion] notify: (88,28) unowned -> player 0 
[2026-10-06 12:50:36]	[CulturalDiffusion] pending 88,28 claim confirmed on the live map 
[2026-10-06 12:50:36]	[CulturalDiffusion] notify: (89,26) unowned -> player 0 
[2026-10-06 12:50:36]	[CulturalDiffusion] pending 89,26 claim confirmed on the live map 
[2026-10-06 12:50:36]	[CulturalDiffusion] notify: (89,25) unowned -> player 0 
[2026-10-06 12:50:36]	[CulturalDiffusion] pending 89,25 claim confirmed on the live map 
[2026-10-06 12:50:36]	[CulturalDiffusion] notify: (88,24) unowned -> player 0 
[2026-10-06 12:50:36]	[CulturalDiffusion] pending 88,24 claim confirmed on the live map 
[2026-10-06 12:50:36]	[CulturalDiffusion] notify: (86,43) unowned -> player 4 
[2026-10-06 12:50:36]	[CulturalDiffusion] pending 86,43 claim confirmed on the live map 
[2026-10-06 12:50:36]	[CulturalDiffusion] notify: (77,44) unowned -> player 4 
[2026-10-06 12:50:36]	[CulturalDiffusion] pending 77,44 claim confirmed on the live map 
[2026-10-06 12:50:36]	[CulturalDiffusion] notify: (76,44) unowned -> player 4 
[2026-10-06 12:50:36]	[CulturalDiffusion] pending 76,44 claim confirmed on the live map 
[2026-10-06 12:50:36]	[CulturalDiffusion] notify: (73,48) unowned -> player 2 
[2026-10-06 12:50:36]	[CulturalDiffusion] pending 73,48 claim confirmed on the live map 
[2026-10-06 12:50:36]	[CulturalDiffusion] notify: (72,48) unowned -> player 2 
[2026-10-06 12:50:36]	[CulturalDiffusion] pending 72,48 claim confirmed on the live map 
[2026-10-06 12:50:36]	[CulturalDiffusion] notify: (71,49) unowned -> player 2 
[2026-10-06 12:50:36]	[CulturalDiffusion] pending 71,49 claim confirmed on the live map 
[2026-10-06 12:50:36]	[CulturalDiffusion] notify: (70,48) unowned -> player 2 
[2026-10-06 12:50:36]	[CulturalDiffusion] pending 70,48 claim confirmed on the live map 
[2026-10-06 12:50:36]	[CulturalDiffusion] notify: (68,46) unowned -> player 2 
[2026-10-06 12:50:36]	[CulturalDiffusion] pending 68,46 claim confirmed on the live map 
[2026-10-06 12:50:36]	[CulturalDiffusion] inject 92,32 civ=0 culture=114.4 vitality=106.83 strength=53.92 stock=84.54 cap=107842.6 
[2026-10-06 12:50:36]	[CulturalDiffusion] inject 86,20 civ=0 culture=12 vitality=51.06 strength=9.62 stock=30.28 cap=19233.91 
[2026-10-06 12:50:36]	[CulturalDiffusion] inject 77,21 civ=0 culture=0 vitality=23.88 strength=0 stock=1 cap=0 
[2026-10-06 12:50:36]	[CulturalDiffusion] inject 82,23 civ=0 culture=0.6 vitality=18.92 strength=0.97 stock=19.69 cap=1942.05 
[2026-10-06 12:50:36]	[CulturalDiffusion] inject 93,26 civ=0 culture=3.6 vitality=10.52 strength=2.53 stock=21.6 cap=5060.62 
[2026-10-06 12:50:36]	[CulturalDiffusion] inject 80,31 civ=0 culture=1.6 vitality=21.3 strength=1.91 stock=20.84 cap=3825.4 
[2026-10-06 12:50:36]	[CulturalDiffusion] inject 87,32 civ=0 culture=17.4 vitality=29.88 strength=10.15 stock=30.93 cap=20302.58 
[2026-10-06 12:50:36]	[CulturalDiffusion] inject 84,35 civ=0 culture=1 vitality=27.75 strength=1.54 stock=20.39 cap=3089.66 
[2026-10-06 12:50:36]	[CulturalDiffusion] inject 90,37 civ=0 culture=4.75 vitality=18.73 strength=3.71 stock=23.04 cap=7413.54 
[2026-10-06 12:50:36]	[CulturalDiffusion] inject 77,36 civ=0 culture=0 vitality=12.99 strength=0 stock=1 cap=0 
[2026-10-06 12:50:36]	[CulturalDiffusion] inject 81,18 civ=0 culture=0.59 vitality=25.08 strength=1.06 stock=19.8 cap=2125.1 
[2026-10-06 12:50:36]	[CulturalDiffusion] inject 79,39 civ=0 culture=0 vitality=17.27 strength=0 stock=1 cap=0 
[2026-10-06 12:50:36]	[CulturalDiffusion] inject 78,13 civ=0 culture=0.5 vitality=12.94 strength=0.75 stock=55.27 cap=1507.46 
[2026-10-06 12:50:36]	[CulturalDiffusion] inject 75,41 civ=0 culture=0.42 vitality=13.4 strength=0.68 stock=19.33 cap=1358.48 
[2026-10-06 12:50:36]	[CulturalDiffusion] inject 75,14 civ=0 culture=0 vitality=11.8 strength=0 stock=1 cap=0 
[2026-10-06 12:50:36]	[CulturalDiffusion] inject 71,44 civ=0 culture=0.47 vitality=22.81 strength=0.88 stock=19.58 cap=1762.84 
[2026-10-06 12:50:36]	[CulturalDiffusion] inject 71,39 civ=0 culture=0 vitality=12.37 strength=0 stock=1 cap=0 
[2026-10-06 12:50:36]	[CulturalDiffusion] inject 71,15 civ=0 culture=0 vitality=21.2 strength=0 stock=1 cap=0 
[2026-10-06 12:50:36]	[CulturalDiffusion] inject 72,10 civ=0 culture=2.4 vitality=12.32 strength=2.06 stock=21.02 cap=4110.59 
[2026-10-06 12:50:36]	[CulturalDiffusion] inject 68,19 civ=0 culture=4 vitality=32.81 strength=4.03 stock=23.44 cap=8067.07 
[2026-10-06 12:50:36]	[CulturalDiffusion] inject 67,41 civ=0 culture=16.51 vitality=70.82 strength=13.27 stock=34.75 cap=26534.67 
[2026-10-06 12:50:36]	[CulturalDiffusion] inject 67,35 civ=0 culture=2 vitality=27.4 strength=2.41 stock=21.46 cap=4826.71 
[2026-10-06 12:50:36]	[CulturalDiffusion] inject 71,33 civ=0 culture=0 vitality=22.9 strength=0 stock=1 cap=0 
[2026-10-06 12:50:36]	[CulturalDiffusion] inject 68,30 civ=0 culture=0 vitality=18.4 strength=0 stock=1 cap=0 
[2026-10-06 12:50:36]	[CulturalDiffusion] inject 64,19 civ=0 culture=4.42 vitality=19.14 strength=3.56 stock=22.86 cap=7125.91 
[2026-10-06 12:50:36]	[CulturalDiffusion] inject 64,45 civ=0 culture=5 vitality=38.32 strength=4.92 stock=24.53 cap=9846.62 
[2026-10-06 12:50:36]	[CulturalDiffusion] inject 64,26 civ=0 culture=2 vitality=18.3 strength=2.1 stock=21.07 cap=4190.79 
[2026-10-06 12:50:36]	[CulturalDiffusion] inject 62,32 civ=0 culture=1 vitality=19.3 strength=1.36 stock=20.17 cap=2720.91 
[2026-10-06 12:50:36]	[CulturalDiffusion] inject 64,14 civ=0 culture=6.61 vitality=31.13 strength=5.49 stock=25.22 cap=10977.11 
[2026-10-06 12:50:36]	[CulturalDiffusion] inject 60,50 civ=2 culture=10.65 vitality=15.36 strength=9.6 stock=30.25 cap=19194.96 
[2026-10-06 12:50:36]	[CulturalDiffusion] inject 67,50 civ=2 culture=5.92 vitality=9.51 strength=5.54 stock=25.28 cap=11078.05 
[2026-10-06 12:50:36]	[CulturalDiffusion] inject 74,52 civ=2 culture=82.5 vitality=52.01 strength=55.65 stock=86.66 cap=111309.84 
[2026-10-06 12:50:36]	[CulturalDiffusion] inject 83,44 civ=4 culture=8.8 vitality=24.73 strength=14.19 stock=35.88 cap=28379.88 
[2026-10-06 12:50:36]	[CulturalDiffusion] inject 79,47 civ=4 culture=8.8 vitality=30.85 strength=15.33 stock=37.28 cap=30663.72 
[2026-10-06 12:50:36]	[CulturalDiffusion] inject 75,48 civ=4 culture=14.3 vitality=43.15 strength=23.64 stock=103.01 cap=47287.65 
[2026-10-06 12:50:36]	[CulturalDiffusion] frontier city=65536 ring=4 best=3608.05 bar=375 over=2/23 center=84.54 
[2026-10-06 12:50:36]	[CulturalDiffusion] frontier city=131073 ring=4 best=3608.05 bar=375 over=9/24 center=30.28 
[2026-10-06 12:50:36]	[CulturalDiffusion] frontier city=196610 ring=4 best=3608.05 bar=375 over=7/24 center=1 
[2026-10-06 12:50:36]	[CulturalDiffusion] frontier city=262147 ring=4 best=3608.05 bar=375 over=7/24 center=19.69 
[2026-10-06 12:50:36]	[CulturalDiffusion] frontier city=327684 ring=4 best=3608.05 bar=375 over=8/19 center=21.6 
[2026-10-06 12:50:36]	[CulturalDiffusion] frontier city=393221 ring=4 best=3608.05 bar=375 over=3/24 center=20.84 
[2026-10-06 12:50:36]	[CulturalDiffusion] frontier city=458758 ring=4 best=3608.05 bar=375 over=4/24 center=30.93 
[2026-10-06 12:50:36]	[CulturalDiffusion] frontier city=524295 ring=4 best=30.93 bar=375 over=0/24 center=20.39 
[2026-10-06 12:50:36]	[CulturalDiffusion] frontier city=589832 ring=4 best=1 bar=375 over=0/24 center=23.04 
[2026-10-06 12:50:36]	[CulturalDiffusion] frontier city=655369 ring=4 best=1 bar=375 over=0/24 center=1 
[2026-10-06 12:50:36]	[CulturalDiffusion] frontier city=720906 ring=4 best=3608.05 bar=375 over=9/24 center=19.8 
[2026-10-06 12:50:36]	[CulturalDiffusion] frontier city=786443 ring=4 best=1 bar=375 over=0/24 center=1 
[2026-10-06 12:50:36]	[CulturalDiffusion] frontier city=851980 ring=4 best=3608.05 bar=375 over=5/24 center=55.27 
[2026-10-06 12:50:36]	[CulturalDiffusion] frontier city=917517 ring=4 best=1 bar=375 over=0/24 center=19.33 
[2026-10-06 12:50:36]	[CulturalDiffusion] frontier city=983054 ring=4 best=3608.05 bar=375 over=10/24 center=1 
[2026-10-06 12:50:36]	[CulturalDiffusion] frontier city=1048591 ring=4 best=1 bar=375 over=0/24 center=19.58 
[2026-10-06 12:50:36]	[CulturalDiffusion] frontier city=1114128 ring=4 best=1 bar=375 over=0/24 center=1 
[2026-10-06 12:50:36]	[CulturalDiffusion] frontier city=1179665 ring=4 best=3608.05 bar=375 over=5/24 center=1 
[2026-10-06 12:50:36]	[CulturalDiffusion] frontier city=1245202 ring=4 best=1 bar=375 over=0/24 center=21.02 
[2026-10-06 12:50:36]	[CulturalDiffusion] frontier city=1310739 ring=4 best=3608.05 bar=375 over=3/24 center=23.44 
[2026-10-06 12:50:36]	[CulturalDiffusion] frontier city=1376276 ring=4 best=1 bar=375 over=0/24 center=34.75 
[2026-10-06 12:50:36]	[CulturalDiffusion] frontier city=1441813 ring=4 best=1 bar=375 over=0/24 center=21.46 
[2026-10-06 12:50:36]	[CulturalDiffusion] frontier city=1507350 ring=4 best=1 bar=375 over=0/24 center=1 
[2026-10-06 12:50:36]	[CulturalDiffusion] frontier city=1572887 ring=4 best=1 bar=375 over=0/24 center=1 
[2026-10-06 12:50:36]	[CulturalDiffusion] frontier city=1638424 ring=4 best=23.44 bar=375 over=0/24 center=22.86 
[2026-10-06 12:50:36]	[CulturalDiffusion] frontier city=1703961 ring=4 best=1 bar=375 over=0/24 center=24.53 
[2026-10-06 12:50:36]	[CulturalDiffusion] frontier city=1769498 ring=4 best=1 bar=375 over=0/24 center=21.07 
[2026-10-06 12:50:36]	[CulturalDiffusion] frontier city=1835035 ring=4 best=1 bar=375 over=0/24 center=20.17 
[2026-10-06 12:50:36]	[CulturalDiffusion] frontier city=1900572 ring=4 best=1 bar=375 over=0/24 center=25.22 
[2026-10-06 12:50:36]	[CulturalDiffusion] flip 87,28 -> player 0 via purchasePlot sent; pending confirmation next pass (was owner -1) 
[2026-10-06 12:50:36]	[CulturalDiffusion] flip 90,24 -> player 0 via purchasePlot sent; pending confirmation next pass (was owner -1) 
[2026-10-06 12:50:36]	[CulturalDiffusion] flip 87,24 -> player 0 via purchasePlot sent; pending confirmation next pass (was owner -1) 
[2026-10-06 12:50:36]	[CulturalDiffusion] flip 86,24 -> player 0 via purchasePlot sent; pending confirmation next pass (was owner -1) 
[2026-10-06 12:50:36]	[CulturalDiffusion] flip 84,16 -> player 0 via purchasePlot sent; pending confirmation next pass (was owner -1) 
[2026-10-06 12:50:36]	[CulturalDiffusion] flip 89,22 -> player 0 via purchasePlot sent; pending confirmation next pass (was owner -1) 
[2026-10-06 12:50:36]	[CulturalDiffusion] flip 88,23 -> player 0 via purchasePlot sent; pending confirmation next pass (was owner -1) 
[2026-10-06 12:50:36]	[CulturalDiffusion] flip 85,26 -> player 0 via purchasePlot sent; pending confirmation next pass (was owner -1) 
[2026-10-06 12:50:36]	[CulturalDiffusion] flip 70,49 -> player 2 via purchasePlot sent; pending confirmation next pass (was owner -1) 
[2026-10-06 12:50:36]	[CulturalDiffusion] flip 71,50 -> player 2 via purchasePlot sent; pending confirmation next pass (was owner -1) 
[2026-10-06 12:50:36]	[CulturalDiffusion] flip 63,49 -> player 2 via purchasePlot sent; pending confirmation next pass (was owner -1) 
[2026-10-06 12:50:36]	[CulturalDiffusion] flip 63,48 -> player 2 via purchasePlot sent; pending confirmation next pass (was owner -1) 
[2026-10-06 12:50:36]	[CulturalDiffusion] flip 63,51 -> player 2 via purchasePlot sent; pending confirmation next pass (was owner -1) 
[2026-10-06 12:50:36]	[CulturalDiffusion] flip 63,52 -> player 2 via purchasePlot sent; pending confirmation next pass (was owner -1) 
[2026-10-06 12:50:36]	[CulturalDiffusion] flip 62,53 -> player 2 via purchasePlot sent; pending confirmation next pass (was owner -1) 
[2026-10-06 12:50:36]	[CulturalDiffusion] flip 76,43 -> player 4 via purchasePlot sent; pending confirmation next pass (was owner 0) 
[2026-10-06 12:50:36]	[CulturalDiffusion] state bytes=24014 field=1014 claims=16 locked=16 passMs=60 
[2026-10-06 12:50:36]	[CulturalDiffusion] pass: 0 flip(s), 8 pending, 0 ceded (0 pending), 0 AI flip(s) (8 pending), 0 conquest(s) (0 pending), confirmed 16 claim/0 cede (0 dropped), 0 orphan(s) healed, 0 inner tile(s) released to base game, 1014 active field tile(s) 
[2026-10-06 12:50:36]	[CulturalDiffusion] pass (turn 66): flips=0 field tiles=22 
[2026-10-06 12:50:52]	[CDH] JSERR Error: Expected this.unit to be non-null. @ fs://game/base-standard/ui/unit-flags/unit-flags.js:348 
[2026-10-06 12:50:54]	[CDH] TURN k=1 turn=67 age=AGE_EXPLORATION blocker=PRODUCTION 
[2026-10-06 12:50:55]	[CulturalDiffusion] notify: (87,28) unowned -> player 0 
[2026-10-06 12:50:55]	[CulturalDiffusion] pending 87,28 claim confirmed on the live map 
[2026-10-06 12:50:55]	[CulturalDiffusion] notify: (90,24) unowned -> player 0 
[2026-10-06 12:50:55]	[CulturalDiffusion] pending 90,24 claim confirmed on the live map 
[2026-10-06 12:50:55]	[CulturalDiffusion] notify: (87,24) unowned -> player 0 
[2026-10-06 12:50:55]	[CulturalDiffusion] pending 87,24 claim confirmed on the live map 
[2026-10-06 12:50:55]	[CulturalDiffusion] notify: (86,24) unowned -> player 0 
[2026-10-06 12:50:55]	[CulturalDiffusion] pending 86,24 claim confirmed on the live map 
[2026-10-06 12:50:55]	[CulturalDiffusion] notify: (84,16) unowned -> player 0 
[2026-10-06 12:50:55]	[CulturalDiffusion] pending 84,16 claim confirmed on the live map 
[2026-10-06 12:50:55]	[CulturalDiffusion] notify: (89,22) unowned -> player 0 
[2026-10-06 12:50:55]	[CulturalDiffusion] pending 89,22 claim confirmed on the live map 
[2026-10-06 12:50:55]	[CulturalDiffusion] notify: (88,23) unowned -> player 0 
[2026-10-06 12:50:55]	[CulturalDiffusion] pending 88,23 claim confirmed on the live map 
[2026-10-06 12:50:55]	[CulturalDiffusion] notify: (85,26) unowned -> player 0 
[2026-10-06 12:50:55]	[CulturalDiffusion] pending 85,26 claim confirmed on the live map 
[2026-10-06 12:50:55]	[CulturalDiffusion] notify: (70,49) unowned -> player 2 
[2026-10-06 12:50:55]	[CulturalDiffusion] pending 70,49 claim confirmed on the live map 
[2026-10-06 12:50:55]	[CulturalDiffusion] notify: (71,50) unowned -> player 2 
[2026-10-06 12:50:55]	[CulturalDiffusion] pending 71,50 claim confirmed on the live map 
[2026-10-06 12:50:55]	[CulturalDiffusion] notify: (63,49) unowned -> player 2 
[2026-10-06 12:50:55]	[CulturalDiffusion] pending 63,49 claim confirmed on the live map 
[2026-10-06 12:50:55]	[CulturalDiffusion] notify: (63,48) unowned -> player 2 
[2026-10-06 12:50:55]	[CulturalDiffusion] pending 63,48 claim confirmed on the live map 
[2026-10-06 12:50:55]	[CulturalDiffusion] notify: (63,51) unowned -> player 2 
[2026-10-06 12:50:55]	[CulturalDiffusion] pending 63,51 claim confirmed on the live map 
[2026-10-06 12:50:55]	[CulturalDiffusion] notify: (63,52) unowned -> player 2 
[2026-10-06 12:50:55]	[CulturalDiffusion] pending 63,52 claim confirmed on the live map 
[2026-10-06 12:50:55]	[CulturalDiffusion] notify: (62,53) unowned -> player 2 
[2026-10-06 12:50:55]	[CulturalDiffusion] pending 62,53 claim confirmed on the live map 
[2026-10-06 12:50:55]	[CulturalDiffusion] notify: (76,43) player 0 -> player 4 
[2026-10-06 12:50:55]	[CulturalDiffusion] pending 76,43 claim confirmed on the live map 
[2026-10-06 12:50:55]	[CulturalDiffusion] inject 92,32 civ=0 culture=114.4 vitality=106.83 strength=53.96 stock=281.46 cap=107917.85 
[2026-10-06 12:50:55]	[CulturalDiffusion] inject 86,20 civ=0 culture=12 vitality=51.06 strength=9.62 stock=58.27 cap=19247.33 
[2026-10-06 12:50:55]	[CulturalDiffusion] inject 77,21 civ=0 culture=0 vitality=23.88 strength=0 stock=1 cap=0 
[2026-10-06 12:50:55]	[CulturalDiffusion] inject 82,23 civ=0 culture=0.6 vitality=18.92 strength=0.97 stock=29.37 cap=1943.41 
[2026-10-06 12:50:55]	[CulturalDiffusion] inject 93,26 civ=0 culture=3.6 vitality=10.52 strength=2.53 stock=34.08 cap=5064.15 
[2026-10-06 12:50:55]	[CulturalDiffusion] inject 80,31 civ=0 culture=1.6 vitality=21.3 strength=1.91 stock=32.18 cap=3828.07 
[2026-10-06 12:50:55]	[CulturalDiffusion] inject 87,32 civ=0 culture=17.4 vitality=29.88 strength=10.16 stock=60.27 cap=20316.75 
[2026-10-06 12:50:55]	[CulturalDiffusion] inject 84,35 civ=0 culture=1 vitality=27.75 strength=1.55 stock=31.08 cap=3091.82 
[2026-10-06 12:50:55]	[CulturalDiffusion] inject 90,37 civ=0 culture=4.75 vitality=18.73 strength=3.71 stock=37.78 cap=7418.72 
[2026-10-06 12:50:55]	[CulturalDiffusion] inject 77,36 civ=0 culture=0 vitality=15.52 strength=0 stock=1 cap=0 
[2026-10-06 12:50:55]	[CulturalDiffusion] inject 81,18 civ=0 culture=0.59 vitality=27.28 strength=1.1 stock=29.7 cap=2190.13 
[2026-10-06 12:50:55]	[CulturalDiffusion] inject 79,39 civ=0 culture=0 vitality=18.92 strength=0 stock=1 cap=0 
[2026-10-06 12:50:55]	[CulturalDiffusion] inject 78,13 civ=0 culture=0.5 vitality=12.94 strength=0.75 stock=131.97 cap=1508.52 
[2026-10-06 12:50:55]	[CulturalDiffusion] inject 75,41 civ=0 culture=0.42 vitality=13.4 strength=0.68 stock=28.52 cap=1359.43 
[2026-10-06 12:50:55]	[CulturalDiffusion] inject 75,14 civ=0 culture=0 vitality=11.8 strength=0 stock=1 cap=0 
[2026-10-06 12:50:55]	[CulturalDiffusion] inject 71,44 civ=0 culture=0.47 vitality=22.81 strength=0.88 stock=29.11 cap=1764.07 
[2026-10-06 12:50:55]	[CulturalDiffusion] inject 71,39 civ=0 culture=0 vitality=12.37 strength=0 stock=1 cap=0 
[2026-10-06 12:50:55]	[CulturalDiffusion] inject 71,15 civ=0 culture=0 vitality=21.2 strength=0 stock=1 cap=0 
[2026-10-06 12:50:55]	[CulturalDiffusion] inject 72,10 civ=0 culture=2.4 vitality=12.32 strength=2.06 stock=32.62 cap=4113.46 
[2026-10-06 12:50:55]	[CulturalDiffusion] inject 68,19 civ=0 culture=4 vitality=32.81 strength=4.04 stock=38.84 cap=8072.7 
[2026-10-06 12:50:55]	[CulturalDiffusion] inject 67,41 civ=0 culture=15.96 vitality=71.89 strength=13.06 stock=71.82 cap=26111.24 
[2026-10-06 12:50:55]	[CulturalDiffusion] inject 67,35 civ=0 culture=2 vitality=27.4 strength=2.42 stock=33.72 cap=4830.07 
[2026-10-06 12:50:55]	[CulturalDiffusion] inject 71,33 civ=0 culture=0 vitality=22.9 strength=0 stock=1 cap=0 
[2026-10-06 12:50:55]	[CulturalDiffusion] inject 68,30 civ=0 culture=0 vitality=18.4 strength=0 stock=1 cap=0 
[2026-10-06 12:50:55]	[CulturalDiffusion] inject 64,19 civ=0 culture=4.42 vitality=19.14 strength=3.57 stock=37.32 cap=7130.88 
[2026-10-06 12:50:55]	[CulturalDiffusion] inject 64,45 civ=0 culture=5 vitality=38.32 strength=4.93 stock=41.75 cap=9853.49 
[2026-10-06 12:50:55]	[CulturalDiffusion] inject 64,26 civ=0 culture=2 vitality=18.3 strength=2.1 stock=32.74 cap=4193.72 
[2026-10-06 12:50:55]	[CulturalDiffusion] inject 62,32 civ=0 culture=1 vitality=19.3 strength=1.36 stock=30.53 cap=2722.81 
[2026-10-06 12:50:55]	[CulturalDiffusion] inject 64,14 civ=0 culture=8 vitality=42.06 strength=6.91 stock=46.4 cap=13817.63 
[2026-10-06 12:50:55]	[CulturalDiffusion] inject 60,50 civ=2 culture=10.65 vitality=15.36 strength=9.37 stock=57.7 cap=18741.71 
[2026-10-06 12:50:55]	[CulturalDiffusion] inject 67,50 civ=2 culture=5.92 vitality=9.51 strength=5.41 stock=43.55 cap=10816.47 
[2026-10-06 12:50:55]	[CulturalDiffusion] inject 74,52 civ=2 culture=81.4 vitality=49.74 strength=53.03 stock=282.54 cap=106065.99 
[2026-10-06 12:50:55]	[CulturalDiffusion] inject 83,44 civ=4 culture=8.8 vitality=24.73 strength=14.44 stock=76.58 cap=28875.45 
[2026-10-06 12:50:55]	[CulturalDiffusion] inject 79,47 civ=4 culture=8.8 vitality=30.85 strength=15.6 stock=81.3 cap=31199.16 
[2026-10-06 12:50:55]	[CulturalDiffusion] inject 75,48 civ=4 culture=14.3 vitality=43.15 strength=24.06 stock=308.87 cap=48113.38 
[2026-10-06 12:50:55]	[CulturalDiffusion] frontier city=65536 ring=4 best=3426.65 bar=375 over=3/23 center=281.46 
[2026-10-06 12:50:55]	[CulturalDiffusion] frontier city=131073 ring=4 best=3426.65 bar=375 over=11/24 center=58.27 
[2026-10-06 12:50:55]	[CulturalDiffusion] frontier city=196610 ring=4 best=3426.65 bar=375 over=9/24 center=1 
[2026-10-06 12:50:55]	[CulturalDiffusion] frontier city=262147 ring=4 best=3426.65 bar=375 over=8/24 center=29.37 
[2026-10-06 12:50:55]	[CulturalDiffusion] frontier city=327684 ring=4 best=3426.65 bar=375 over=9/19 center=34.08 
[2026-10-06 12:50:55]	[CulturalDiffusion] frontier city=393221 ring=4 best=3426.65 bar=375 over=4/24 center=32.18 
[2026-10-06 12:50:55]	[CulturalDiffusion] frontier city=458758 ring=4 best=3426.65 bar=375 over=5/24 center=60.27 
[2026-10-06 12:50:55]	[CulturalDiffusion] frontier city=524295 ring=4 best=60.27 bar=375 over=0/24 center=31.08 
[2026-10-06 12:50:55]	[CulturalDiffusion] frontier city=589832 ring=4 best=1 bar=375 over=0/24 center=37.78 
[2026-10-06 12:50:55]	[CulturalDiffusion] frontier city=655369 ring=4 best=1 bar=375 over=0/24 center=1 
[2026-10-06 12:50:55]	[CulturalDiffusion] frontier city=720906 ring=4 best=3426.65 bar=375 over=11/24 center=29.7 
[2026-10-06 12:50:55]	[CulturalDiffusion] frontier city=786443 ring=4 best=1 bar=375 over=0/24 center=1 
[2026-10-06 12:50:55]	[CulturalDiffusion] frontier city=851980 ring=4 best=3426.65 bar=375 over=7/24 center=131.97 
[2026-10-06 12:50:55]	[CulturalDiffusion] frontier city=917517 ring=4 best=1 bar=375 over=0/24 center=28.52 
[2026-10-06 12:50:55]	[CulturalDiffusion] frontier city=983054 ring=4 best=3426.65 bar=375 over=10/24 center=1 
[2026-10-06 12:50:55]	[CulturalDiffusion] frontier city=1048591 ring=4 best=1 bar=375 over=0/24 center=29.11 
[2026-10-06 12:50:55]	[CulturalDiffusion] frontier city=1114128 ring=4 best=1 bar=375 over=0/24 center=1 
[2026-10-06 12:50:55]	[CulturalDiffusion] frontier city=1179665 ring=4 best=3426.65 bar=375 over=7/24 center=1 
[2026-10-06 12:50:55]	[CulturalDiffusion] frontier city=1245202 ring=4 best=1 bar=375 over=0/24 center=32.62 
[2026-10-06 12:50:55]	[CulturalDiffusion] frontier city=1310739 ring=4 best=3426.65 bar=375 over=4/24 center=38.84 
[2026-10-06 12:50:55]	[CulturalDiffusion] frontier city=1376276 ring=4 best=1 bar=375 over=0/24 center=71.82 
[2026-10-06 12:50:55]	[CulturalDiffusion] frontier city=1441813 ring=4 best=1 bar=375 over=0/24 center=33.72 
[2026-10-06 12:50:55]	[CulturalDiffusion] frontier city=1507350 ring=4 best=1 bar=375 over=0/24 center=1 
[2026-10-06 12:50:55]	[CulturalDiffusion] frontier city=1572887 ring=4 best=1 bar=375 over=0/24 center=1 
[2026-10-06 12:50:55]	[CulturalDiffusion] frontier city=1638424 ring=4 best=38.84 bar=375 over=0/24 center=37.32 
[2026-10-06 12:50:55]	[CulturalDiffusion] frontier city=1703961 ring=4 best=1 bar=375 over=0/24 center=41.75 
[2026-10-06 12:50:55]	[CulturalDiffusion] frontier city=1769498 ring=4 best=1 bar=375 over=0/24 center=32.74 
[2026-10-06 12:50:55]	[CulturalDiffusion] frontier city=1835035 ring=4 best=1 bar=375 over=0/24 center=30.53 
[2026-10-06 12:50:55]	[CulturalDiffusion] frontier city=1900572 ring=4 best=1 bar=375 over=0/24 center=46.4 
[2026-10-06 12:50:55]	[CulturalDiffusion] flip 89,21 -> player 0 via purchasePlot sent; pending confirmation next pass (was owner -1) 
[2026-10-06 12:50:55]	[CulturalDiffusion] flip 85,25 -> player 0 via purchasePlot sent; pending confirmation next pass (was owner -1) 
[2026-10-06 12:50:55]	[CulturalDiffusion] flip 83,15 -> player 0 via purchasePlot sent; pending confirmation next pass (was owner -1) 
[2026-10-06 12:50:55]	[CulturalDiffusion] flip 91,22 -> player 0 via purchasePlot sent; pending confirmation next pass (was owner -1) 
[2026-10-06 12:50:55]	[CulturalDiffusion] flip 90,23 -> player 0 via purchasePlot sent; pending confirmation next pass (was owner -1) 
[2026-10-06 12:50:55]	[CulturalDiffusion] flip 82,14 -> player 0 via purchasePlot sent; pending confirmation next pass (was owner -1) 
[2026-10-06 12:50:55]	[CulturalDiffusion] flip 92,22 -> player 0 via purchasePlot sent; pending confirmation next pass (was owner -1) 
[2026-10-06 12:50:55]	[CulturalDiffusion] flip 81,27 -> player 0 via purchasePlot sent; pending confirmation next pass (was owner -1) 
[2026-10-06 12:50:55]	[CulturalDiffusion] flip 89,45 -> player 4 via purchasePlot sent; pending confirmation next pass (was owner -1) 
[2026-10-06 12:50:55]	[CulturalDiffusion] flip 64,48 -> player 2 via purchasePlot sent; pending confirmation next pass (was owner -1) 
[2026-10-06 12:50:55]	[CulturalDiffusion] flip 87,42 -> player 4 via purchasePlot sent; pending confirmation next pass (was owner -1) 
[2026-10-06 12:50:55]	[CulturalDiffusion] flip 75,43 -> player 4 via purchasePlot sent; pending confirmation next pass (was owner 0) 
[2026-10-06 12:50:55]	[CulturalDiffusion] flip 73,47 -> player 2 via purchasePlot sent; pending confirmation next pass (was owner 63) 
[2026-10-06 12:50:55]	[CulturalDiffusion] flip 71,48 -> player 2 via purchasePlot sent; pending confirmation next pass (was owner -1) 
[2026-10-06 12:50:55]	[CulturalDiffusion] state bytes=26183 field=1025 claims=32 locked=32 passMs=68 
[2026-10-06 12:50:55]	[CulturalDiffusion] pass: 0 flip(s), 8 pending, 0 ceded (0 pending), 0 AI flip(s) (6 pending), 0 conquest(s) (0 pending), confirmed 16 claim/0 cede (0 dropped), 0 orphan(s) healed, 0 inner tile(s) released to base game, 1025 active field tile(s) 
[2026-10-06 12:50:55]	[CulturalDiffusion] pass (turn 67): flips=0 field tiles=34 
[2026-10-06 12:51:03]	[CDH] OBS T1: age=AGE_EXPLORATION turn=67 ownerChanges=14 missionaries=6 moved=5 idleWithMoves=0 gone=0 flipsNearMissionary=0 (district 0) onFlipped=0 jsErrors=1 amAuto=true 
[2026-10-06 12:51:03]	[CDH] UNITS T1: ?@71,44 mv=0 ch=2 ?@64,45 mv=0 ch=2 ?@67,41 mv=0 ch=2 ?@92,32 mv=0 ch=2 ?@86,20 mv=0 ch=2 ?@77,21 mv=0 ch=2 
[2026-10-06 12:51:03]	[CDH] INV T1: claims=32 stale=0 localInner=4 district=0 center=0 pending=14 bytes=26168 
[2026-10-06 12:51:05]	[CDH] JSERR Error: Expected this.unit to be non-null. @ fs://game/base-standard/ui/unit-flags/unit-flags.js:348 
[2026-10-06 12:51:12]	[CDH] JSERR Error: Expected this.unit to be non-null. @ fs://game/base-standard/ui/unit-flags/unit-flags.js:348 
[2026-10-06 12:51:12]	[CDH] JSERR Error: Expected this.unit to be non-null. @ fs://game/base-standard/ui/unit-flags/unit-flags.js:348 
[2026-10-06 12:51:12]	[CDH] JSERR Error: Expected this.unit to be non-null. @ fs://game/base-standard/ui/unit-flags/unit-flags.js:348 
[2026-10-06 12:51:12]	[CDH] JSERR Error: Expected this.unit to be non-null. @ fs://game/base-standard/ui/unit-flags/unit-flags.js:348 
[2026-10-06 12:51:12]	[CDH] JSERR Error: Expected this.unit to be non-null. @ fs://game/base-standard/ui/unit-flags/unit-flags.js:348 
[2026-10-06 12:51:14]	[CulturalDiffusion] notify: (89,21) unowned -> player 0 
[2026-10-06 12:51:14]	[CulturalDiffusion] pending 89,21 claim confirmed on the live map 
[2026-10-06 12:51:14]	[CulturalDiffusion] notify: (85,25) unowned -> player 0 
[2026-10-06 12:51:14]	[CulturalDiffusion] pending 85,25 claim confirmed on the live map 
[2026-10-06 12:51:14]	[CulturalDiffusion] notify: (83,15) unowned -> player 0 
[2026-10-06 12:51:14]	[CulturalDiffusion] pending 83,15 claim confirmed on the live map 
[2026-10-06 12:51:14]	[CulturalDiffusion] notify: (91,22) unowned -> player 0 
[2026-10-06 12:51:14]	[CulturalDiffusion] pending 91,22 claim confirmed on the live map 
[2026-10-06 12:51:14]	[CulturalDiffusion] notify: (90,23) unowned -> player 0 
[2026-10-06 12:51:14]	[CulturalDiffusion] pending 90,23 claim confirmed on the live map 
[2026-10-06 12:51:14]	[CulturalDiffusion] notify: (82,14) unowned -> player 0 
[2026-10-06 12:51:14]	[CulturalDiffusion] pending 82,14 claim confirmed on the live map 
[2026-10-06 12:51:14]	[CulturalDiffusion] notify: (92,22) unowned -> player 0 
[2026-10-06 12:51:14]	[CulturalDiffusion] pending 92,22 claim confirmed on the live map 
[2026-10-06 12:51:14]	[CulturalDiffusion] notify: (81,27) unowned -> player 0 
[2026-10-06 12:51:14]	[CulturalDiffusion] pending 81,27 claim confirmed on the live map 
[2026-10-06 12:51:14]	[CulturalDiffusion] notify: (89,45) unowned -> player 4 
[2026-10-06 12:51:14]	[CulturalDiffusion] pending 89,45 claim confirmed on the live map 
[2026-10-06 12:51:14]	[CulturalDiffusion] notify: (64,48) unowned -> player 2 
[2026-10-06 12:51:14]	[CulturalDiffusion] pending 64,48 claim confirmed on the live map 
[2026-10-06 12:51:14]	[CulturalDiffusion] notify: (87,42) unowned -> player 4 
[2026-10-06 12:51:14]	[CulturalDiffusion] pending 87,42 claim confirmed on the live map 
[2026-10-06 12:51:14]	[CulturalDiffusion] notify: (75,43) player 0 -> player 4 
[2026-10-06 12:51:14]	[CulturalDiffusion] pending 75,43 claim confirmed on the live map 
[2026-10-06 12:51:14]	[CulturalDiffusion] notify: (73,47) player 63 -> player 2 
[2026-10-06 12:51:14]	[CulturalDiffusion] pending 73,47 claim confirmed on the live map 
[2026-10-06 12:51:14]	[CulturalDiffusion] notify: (71,48) unowned -> player 2 
[2026-10-06 12:51:14]	[CulturalDiffusion] pending 71,48 claim confirmed on the live map 
[2026-10-06 12:51:14]	[CulturalDiffusion] inject 92,32 civ=0 culture=114.4 vitality=106.83 strength=54.03 stock=627.44 cap=108054.43 
[2026-10-06 12:51:14]	[CulturalDiffusion] inject 86,20 civ=0 culture=12 vitality=51.06 strength=9.64 stock=92.85 cap=19271.69 
[2026-10-06 12:51:14]	[CulturalDiffusion] inject 77,21 civ=0 culture=0 vitality=23.88 strength=0 stock=12.08 cap=0 
[2026-10-06 12:51:14]	[CulturalDiffusion] inject 82,23 civ=0 culture=0.6 vitality=18.92 strength=0.97 stock=75.12 cap=1945.87 
[2026-10-06 12:51:14]	[CulturalDiffusion] inject 93,26 civ=0 culture=3.6 vitality=10.52 strength=2.54 stock=47.1 cap=5070.56 
[2026-10-06 12:51:14]	[CulturalDiffusion] inject 80,31 civ=0 culture=1.6 vitality=21.3 strength=1.92 stock=43.79 cap=3832.92 
[2026-10-06 12:51:14]	[CulturalDiffusion] inject 87,32 civ=0 culture=17.4 vitality=29.88 strength=10.17 stock=96.84 cap=20342.46 
[2026-10-06 12:51:14]	[CulturalDiffusion] inject 84,35 civ=0 culture=1 vitality=27.75 strength=1.55 stock=41.86 cap=3095.73 
[2026-10-06 12:51:14]	[CulturalDiffusion] inject 90,37 civ=0 culture=4.75 vitality=18.73 strength=3.71 stock=53.74 cap=7428.11 
[2026-10-06 12:51:14]	[CulturalDiffusion] inject 77,36 civ=0 culture=0 vitality=15.52 strength=0 stock=1 cap=0 
[2026-10-06 12:51:14]	[CulturalDiffusion] inject 81,18 civ=0 culture=0.59 vitality=27.28 strength=1.1 stock=39.53 cap=2192.9 
[2026-10-06 12:51:14]	[CulturalDiffusion] inject 79,39 civ=0 culture=0 vitality=18.92 strength=0 stock=1 cap=0 
[2026-10-06 12:51:14]	[CulturalDiffusion] inject 78,13 civ=0 culture=0.5 vitality=12.94 strength=0.76 stock=235.46 cap=1510.42 
[2026-10-06 12:51:14]	[CulturalDiffusion] inject 75,41 civ=0 culture=0.42 vitality=13.4 strength=0.68 stock=37.5 cap=1361.15 
[2026-10-06 12:51:14]	[CulturalDiffusion] inject 75,14 civ=0 culture=0 vitality=11.8 strength=0 stock=101.18 cap=0 
[2026-10-06 12:51:14]	[CulturalDiffusion] inject 71,44 civ=0 culture=0.47 vitality=22.81 strength=0.88 stock=38.5 cap=1766.3 
[2026-10-06 12:51:14]	[CulturalDiffusion] inject 71,39 civ=0 culture=0 vitality=12.37 strength=0 stock=1 cap=0 
[2026-10-06 12:51:14]	[CulturalDiffusion] inject 71,15 civ=0 culture=0 vitality=21.2 strength=0 stock=1 cap=0 
[2026-10-06 12:51:14]	[CulturalDiffusion] inject 72,10 civ=0 culture=2.4 vitality=12.32 strength=2.06 stock=44.54 cap=4118.66 
[2026-10-06 12:51:14]	[CulturalDiffusion] inject 68,19 civ=0 culture=4 vitality=32.81 strength=4.04 stock=55.65 cap=8082.92 
[2026-10-06 12:51:14]	[CulturalDiffusion] inject 67,41 civ=0 culture=15.96 vitality=71.89 strength=13.07 stock=120.13 cap=26144.28 
[2026-10-06 12:51:14]	[CulturalDiffusion] inject 67,35 civ=0 culture=2 vitality=27.4 strength=2.42 stock=46.47 cap=4836.19 
[2026-10-06 12:51:14]	[CulturalDiffusion] inject 71,33 civ=0 culture=0 vitality=22.9 strength=0 stock=1 cap=0 
[2026-10-06 12:51:14]	[CulturalDiffusion] inject 68,30 civ=0 culture=0 vitality=18.4 strength=0 stock=1 cap=0 
[2026-10-06 12:51:14]	[CulturalDiffusion] inject 64,19 civ=0 culture=4.42 vitality=19.14 strength=3.57 stock=52.9 cap=7139.91 
[2026-10-06 12:51:14]	[CulturalDiffusion] inject 64,45 civ=0 culture=5 vitality=38.32 strength=4.93 stock=61.01 cap=9865.96 
[2026-10-06 12:51:14]	[CulturalDiffusion] inject 64,26 civ=0 culture=2 vitality=18.3 strength=2.1 stock=44.76 cap=4199.02 
[2026-10-06 12:51:14]	[CulturalDiffusion] inject 62,32 civ=0 culture=1 vitality=19.3 strength=1.36 stock=40.92 cap=2726.25 
[2026-10-06 12:51:14]	[CulturalDiffusion] inject 64,14 civ=0 culture=8 vitality=42.06 strength=6.92 stock=71.33 cap=13835.12 
[2026-10-06 12:51:14]	[CulturalDiffusion] inject 60,50 civ=2 culture=10.65 vitality=15.36 strength=9.36 stock=91.35 cap=18716.72 
[2026-10-06 12:51:14]	[CulturalDiffusion] inject 67,50 civ=2 culture=5.92 vitality=9.51 strength=5.4 stock=64.18 cap=10802.05 
[2026-10-06 12:51:14]	[CulturalDiffusion] inject 74,52 civ=2 culture=78.1 vitality=45.97 strength=50.15 stock=603.92 cap=100309.15 
[2026-10-06 12:51:14]	[CulturalDiffusion] inject 83,44 civ=4 culture=8.8 vitality=24.73 strength=14.41 stock=185.28 cap=28815.11 
[2026-10-06 12:51:14]	[CulturalDiffusion] inject 79,47 civ=4 culture=8.8 vitality=30.85 strength=15.57 stock=140.6 cap=31133.97 
[2026-10-06 12:51:14]	[CulturalDiffusion] inject 75,48 civ=4 culture=14.3 vitality=43.15 strength=24.01 stock=579.9 cap=48012.85 
[2026-10-06 12:51:14]	[CulturalDiffusion] frontier city=65536 ring=4 best=3254.32 bar=375 over=3/23 center=627.44 
[2026-10-06 12:51:14]	[CulturalDiffusion] frontier city=131073 ring=4 best=3254.32 bar=375 over=12/24 center=92.85 
[2026-10-06 12:51:14]	[CulturalDiffusion] frontier city=196610 ring=4 best=3254.32 bar=375 over=10/24 center=12.08 
[2026-10-06 12:51:14]	[CulturalDiffusion] frontier city=262147 ring=4 best=3254.32 bar=375 over=8/24 center=75.12 
[2026-10-06 12:51:14]	[CulturalDiffusion] frontier city=327684 ring=4 best=3254.32 bar=375 over=10/19 center=47.1 
[2026-10-06 12:51:14]	[CulturalDiffusion] frontier city=393221 ring=4 best=3254.32 bar=375 over=4/24 center=43.79 
[2026-10-06 12:51:14]	[CulturalDiffusion] frontier city=458758 ring=4 best=3254.32 bar=375 over=5/24 center=96.84 
[2026-10-06 12:51:14]	[CulturalDiffusion] frontier city=524295 ring=4 best=96.84 bar=375 over=0/24 center=41.86 
[2026-10-06 12:51:14]	[CulturalDiffusion] frontier city=589832 ring=4 best=1 bar=375 over=0/24 center=53.74 
[2026-10-06 12:51:14]	[CulturalDiffusion] frontier city=655369 ring=4 best=1 bar=375 over=0/24 center=1 
[2026-10-06 12:51:14]	[CulturalDiffusion] frontier city=720906 ring=4 best=3254.32 bar=375 over=11/24 center=39.53 
[2026-10-06 12:51:14]	[CulturalDiffusion] frontier city=786443 ring=4 best=1 bar=375 over=0/24 center=1 
[2026-10-06 12:51:14]	[CulturalDiffusion] frontier city=851980 ring=4 best=3254.32 bar=375 over=8/24 center=235.46 
[2026-10-06 12:51:14]	[CulturalDiffusion] frontier city=917517 ring=4 best=1 bar=375 over=0/24 center=37.5 
[2026-10-06 12:51:14]	[CulturalDiffusion] frontier city=983054 ring=4 best=3254.32 bar=375 over=10/24 center=101.18 
[2026-10-06 12:51:14]	[CulturalDiffusion] frontier city=1048591 ring=4 best=1 bar=375 over=0/24 center=38.5 
[2026-10-06 12:51:14]	[CulturalDiffusion] frontier city=1114128 ring=4 best=1 bar=375 over=0/24 center=1 
[2026-10-06 12:51:14]	[CulturalDiffusion] frontier city=1179665 ring=4 best=3254.32 bar=375 over=7/24 center=1 
[2026-10-06 12:51:14]	[CulturalDiffusion] frontier city=1245202 ring=4 best=46.84 bar=375 over=0/24 center=44.54 
[2026-10-06 12:51:14]	[CulturalDiffusion] frontier city=1310739 ring=4 best=3254.32 bar=375 over=4/24 center=55.65 
[2026-10-06 12:51:14]	[CulturalDiffusion] frontier city=1376276 ring=4 best=1 bar=375 over=0/24 center=120.13 
[2026-10-06 12:51:14]	[CulturalDiffusion] frontier city=1441813 ring=4 best=1 bar=375 over=0/24 center=46.47 
[2026-10-06 12:51:14]	[CulturalDiffusion] frontier city=1507350 ring=4 best=1 bar=375 over=0/24 center=1 
[2026-10-06 12:51:14]	[CulturalDiffusion] frontier city=1572887 ring=4 best=1 bar=375 over=0/24 center=1 
[2026-10-06 12:51:14]	[CulturalDiffusion] frontier city=1638424 ring=4 best=55.65 bar=375 over=0/24 center=52.9 
[2026-10-06 12:51:14]	[CulturalDiffusion] frontier city=1703961 ring=4 best=1 bar=375 over=0/24 center=61.01 
[2026-10-06 12:51:14]	[CulturalDiffusion] frontier city=1769498 ring=4 best=1 bar=375 over=0/24 center=44.76 
[2026-10-06 12:51:14]	[CulturalDiffusion] frontier city=1835035 ring=4 best=1 bar=375 over=0/24 center=40.92 
[2026-10-06 12:51:14]	[CulturalDiffusion] frontier city=1900572 ring=4 best=1 bar=375 over=0/24 center=71.33 
[2026-10-06 12:51:14]	[CulturalDiffusion] flip 83,14 -> player 0 via purchasePlot sent; pending confirmation next pass (was owner -1) 
[2026-10-06 12:51:14]	[CulturalDiffusion] flip 79,25 -> player 0 via purchasePlot sent; pending confirmation next pass (was owner -1) 
[2026-10-06 12:51:14]	[CulturalDiffusion] flip 77,17 -> player 0 via purchasePlot sent; pending confirmation next pass (was owner -1) 
[2026-10-06 12:51:14]	[CulturalDiffusion] flip 80,26 -> player 0 via purchasePlot sent; pending confirmation next pass (was owner -1) 
[2026-10-06 12:51:14]	[CulturalDiffusion] flip 80,27 -> player 0 via purchasePlot sent; pending confirmation next pass (was owner -1) 
[2026-10-06 12:51:14]	[CulturalDiffusion] flip 79,27 -> player 0 via purchasePlot sent; pending confirmation next pass (was owner -1) 
[2026-10-06 12:51:14]	[CulturalDiffusion] flip 71,21 -> player 0 via purchasePlot sent; pending confirmation next pass (was owner -1) 
[2026-10-06 12:51:14]	[CulturalDiffusion] flip 72,20 -> player 0 via purchasePlot sent; pending confirmation next pass (was owner -1) 
[2026-10-06 12:51:14]	[CulturalDiffusion] flip 89,44 -> player 4 via purchasePlot sent; pending confirmation next pass (was owner -1) 
[2026-10-06 12:51:14]	[CulturalDiffusion] flip 76,42 -> player 4 via purchasePlot sent; pending confirmation next pass (was owner 0) 
[2026-10-06 12:51:14]	[CulturalDiffusion] state bytes=27384 field=1037 claims=46 locked=46 passMs=86 
[2026-10-06 12:51:14]	[CulturalDiffusion] pass: 0 flip(s), 8 pending, 0 ceded (0 pending), 0 AI flip(s) (2 pending), 0 conquest(s) (0 pending), confirmed 14 claim/0 cede (0 dropped), 0 orphan(s) healed, 0 inner tile(s) released to base game, 1037 active field tile(s) 
[2026-10-06 12:51:14]	[CulturalDiffusion] pass (turn 68): flips=0 field tiles=55 
[2026-10-06 12:51:15]	[CDH] TURN k=2 turn=68 age=AGE_EXPLORATION blocker=NEW_POPULATION 
[2026-10-06 12:51:24]	[CDH] OBS T2: age=AGE_EXPLORATION turn=68 ownerChanges=10 missionaries=6 moved=6 idleWithMoves=0 gone=0 flipsNearMissionary=0 (district 0) onFlipped=0 jsErrors=7 amAuto=true 
[2026-10-06 12:51:24]	[CDH] UNITS T2: ?@73,45 mv=0 ch=? q ?@68,44 mv=0 ch=? q ?@70,44 mv=0 ch=? q ?@90,36 mv=0 ch=? q ?@85,19 mv=0 ch=2 ?@79,17 mv=0 ch=? q 
[2026-10-06 12:51:24]	[CDH] INV T2: claims=46 stale=0 localInner=6 district=0 center=0 pending=10 bytes=27369 
[2026-10-06 12:51:25]	[CDH] JSERR TypeError: Cannot read properties of null (reading 'cityId') @ fs://game/bz-map-trix/ui/lenses/layer/bz-religion-layer.js:50 
[2026-10-06 12:51:25]	[CDH] JSERR TypeError: Cannot read properties of null (reading 'cityId') @ fs://game/bz-map-trix/ui/lenses/layer/bz-religion-layer.js:50 
[2026-10-06 12:51:25]	[CDH] JSERR TypeError: Cannot read properties of null (reading 'cityId') @ fs://game/bz-map-trix/ui/lenses/layer/bz-religion-layer.js:50 
[2026-10-06 12:51:25]	[CDH] JSERR TypeError: Cannot read properties of null (reading 'cityId') @ fs://game/bz-map-trix/ui/lenses/layer/bz-religion-layer.js:50 
[2026-10-06 12:51:25]	[CDH] JSERR TypeError: Cannot read properties of null (reading 'cityId') @ fs://game/bz-map-trix/ui/lenses/layer/bz-religion-layer.js:50 
[2026-10-06 12:51:30]	[CDH] JSERR Error: Expected this.unit to be non-null. @ fs://game/base-standard/ui/unit-flags/unit-flags.js:348 
[2026-10-06 12:51:32]	[CDH] TURN k=3 turn=69 age=AGE_EXPLORATION blocker=NEW_POPULATION 
[2026-10-06 12:51:33]	[CulturalDiffusion] notify: (83,14) unowned -> player 0 
[2026-10-06 12:51:33]	[CulturalDiffusion] pending 83,14 claim confirmed on the live map 
[2026-10-06 12:51:33]	[CulturalDiffusion] notify: (79,25) unowned -> player 0 
[2026-10-06 12:51:33]	[CulturalDiffusion] pending 79,25 claim confirmed on the live map 
[2026-10-06 12:51:33]	[CulturalDiffusion] notify: (77,17) unowned -> player 0 
[2026-10-06 12:51:33]	[CulturalDiffusion] pending 77,17 claim confirmed on the live map 
[2026-10-06 12:51:33]	[CulturalDiffusion] notify: (80,26) unowned -> player 0 
[2026-10-06 12:51:33]	[CulturalDiffusion] pending 80,26 claim confirmed on the live map 
[2026-10-06 12:51:33]	[CulturalDiffusion] notify: (80,27) unowned -> player 0 
[2026-10-06 12:51:33]	[CulturalDiffusion] pending 80,27 claim confirmed on the live map 
[2026-10-06 12:51:33]	[CulturalDiffusion] notify: (79,27) unowned -> player 0 
[2026-10-06 12:51:33]	[CulturalDiffusion] pending 79,27 claim confirmed on the live map 
[2026-10-06 12:51:33]	[CulturalDiffusion] notify: (71,21) unowned -> player 0 
[2026-10-06 12:51:33]	[CulturalDiffusion] pending 71,21 claim confirmed on the live map 
[2026-10-06 12:51:33]	[CulturalDiffusion] notify: (72,20) unowned -> player 0 
[2026-10-06 12:51:33]	[CulturalDiffusion] pending 72,20 claim confirmed on the live map 
[2026-10-06 12:51:33]	[CulturalDiffusion] notify: (89,44) unowned -> player 4 
[2026-10-06 12:51:33]	[CulturalDiffusion] pending 89,44 claim confirmed on the live map 
[2026-10-06 12:51:33]	[CulturalDiffusion] notify: (76,42) player 0 -> player 4 
[2026-10-06 12:51:33]	[CulturalDiffusion] pending 76,42 claim confirmed on the live map 
[2026-10-06 12:51:33]	[CulturalDiffusion] inject 92,32 civ=0 culture=114.4 vitality=106.83 strength=53.62 stock=1125.24 cap=107238.42 
[2026-10-06 12:51:33]	[CulturalDiffusion] inject 86,20 civ=0 culture=12 vitality=51.06 strength=9.56 stock=132.9 cap=19126.16 
[2026-10-06 12:51:33]	[CulturalDiffusion] inject 77,21 civ=0 culture=0 vitality=23.88 strength=0 stock=79.79 cap=0 
[2026-10-06 12:51:33]	[CulturalDiffusion] inject 82,23 civ=0 culture=0.6 vitality=18.92 strength=0.97 stock=148.88 cap=1931.17 
[2026-10-06 12:51:33]	[CulturalDiffusion] inject 93,26 civ=0 culture=3.6 vitality=10.52 strength=2.52 stock=60.44 cap=5032.27 
[2026-10-06 12:51:33]	[CulturalDiffusion] inject 80,31 civ=0 culture=1.6 vitality=21.3 strength=1.9 stock=55.47 cap=3803.97 
[2026-10-06 12:51:33]	[CulturalDiffusion] inject 87,32 civ=0 culture=17.4 vitality=29.88 strength=10.09 stock=139.47 cap=20188.84 
[2026-10-06 12:51:33]	[CulturalDiffusion] inject 84,35 civ=0 culture=1 vitality=27.75 strength=1.54 stock=52.62 cap=3072.35 
[2026-10-06 12:51:33]	[CulturalDiffusion] inject 90,37 civ=0 culture=4.75 vitality=18.73 strength=3.69 stock=70.51 cap=7372.01 
[2026-10-06 12:51:33]	[CulturalDiffusion] inject 77,36 civ=0 culture=0 vitality=15.52 strength=0 stock=1 cap=0 
[2026-10-06 12:51:33]	[CulturalDiffusion] inject 81,18 civ=0 culture=0.59 vitality=27.28 strength=1.09 stock=49.2 cap=2176.34 
[2026-10-06 12:51:33]	[CulturalDiffusion] inject 79,39 civ=0 culture=0 vitality=18.92 strength=0 stock=1 cap=0 
[2026-10-06 12:51:33]	[CulturalDiffusion] inject 78,13 civ=0 culture=0.5 vitality=12.94 strength=0.75 stock=367.54 cap=1499.02 
[2026-10-06 12:51:33]	[CulturalDiffusion] inject 75,41 civ=0 culture=0.42 vitality=13.4 strength=0.68 stock=46.53 cap=1350.87 
[2026-10-06 12:51:33]	[CulturalDiffusion] inject 75,14 civ=0 culture=0 vitality=11.8 strength=0 stock=275.93 cap=0 
[2026-10-06 12:51:33]	[CulturalDiffusion] inject 71,44 civ=0 culture=0.47 vitality=22.81 strength=0.88 stock=47.68 cap=1752.96 
[2026-10-06 12:51:33]	[CulturalDiffusion] inject 71,39 civ=0 culture=0 vitality=12.37 strength=0 stock=1 cap=0 
[2026-10-06 12:51:33]	[CulturalDiffusion] inject 71,15 civ=0 culture=0 vitality=21.2 strength=0 stock=13.88 cap=0 
[2026-10-06 12:51:33]	[CulturalDiffusion] inject 72,10 civ=0 culture=2.4 vitality=12.32 strength=2.04 stock=56.6 cap=4087.56 
[2026-10-06 12:51:33]	[CulturalDiffusion] inject 68,19 civ=0 culture=4 vitality=32.81 strength=4.01 stock=73.46 cap=8021.88 
[2026-10-06 12:51:33]	[CulturalDiffusion] inject 67,41 civ=0 culture=15.96 vitality=71.89 strength=12.97 stock=178.2 cap=25946.85 
[2026-10-06 12:51:33]	[CulturalDiffusion] inject 67,35 civ=0 culture=2 vitality=27.4 strength=2.4 stock=59.48 cap=4799.67 
[2026-10-06 12:51:33]	[CulturalDiffusion] inject 71,33 civ=0 culture=0 vitality=22.9 strength=0 stock=1 cap=0 
[2026-10-06 12:51:33]	[CulturalDiffusion] inject 68,30 civ=0 culture=0 vitality=18.4 strength=0 stock=1 cap=0 
[2026-10-06 12:51:33]	[CulturalDiffusion] inject 64,19 civ=0 culture=4.42 vitality=19.14 strength=3.54 stock=69.24 cap=7085.99 
[2026-10-06 12:51:33]	[CulturalDiffusion] inject 64,45 civ=0 culture=5 vitality=36.92 strength=4.83 stock=81.85 cap=9664.72 
[2026-10-06 12:51:33]	[CulturalDiffusion] inject 64,26 civ=0 culture=2 vitality=18.3 strength=2.08 stock=56.92 cap=4167.31 
[2026-10-06 12:51:33]	[CulturalDiffusion] inject 62,32 civ=0 culture=1 vitality=19.3 strength=1.35 stock=51.22 cap=2705.66 
[2026-10-06 12:51:33]	[CulturalDiffusion] inject 64,14 civ=0 culture=8 vitality=42.06 strength=6.87 stock=99.22 cap=13730.64 
[2026-10-06 12:51:33]	[CulturalDiffusion] inject 60,50 civ=2 culture=10.65 vitality=15.36 strength=9.37 stock=130.46 cap=18734.46 
[2026-10-06 12:51:33]	[CulturalDiffusion] inject 67,50 civ=2 culture=3.16 vitality=5.65 strength=3 stock=79.27 cap=5992.51 
[2026-10-06 12:51:33]	[CulturalDiffusion] inject 74,52 civ=2 culture=78.1 vitality=39.55 strength=47.63 stock=1036.01 cap=95250.66 
[2026-10-06 12:51:33]	[CulturalDiffusion] inject 83,44 civ=4 culture=8.8 vitality=27.23 strength=18.78 stock=386.29 cap=37563.73 
[2026-10-06 12:51:33]	[CulturalDiffusion] inject 79,47 civ=4 culture=8.8 vitality=33.1 strength=20.11 stock=266.86 cap=40220.24 
[2026-10-06 12:51:33]	[CulturalDiffusion] inject 75,48 civ=4 culture=14.3 vitality=45.65 strength=30.86 stock=850.01 cap=61720.09 
[2026-10-06 12:51:33]	[CulturalDiffusion] frontier city=65536 ring=4 best=3090.6 bar=375 over=3/23 center=1125.24 
[2026-10-06 12:51:33]	[CulturalDiffusion] frontier city=131073 ring=4 best=3090.6 bar=375 over=12/24 center=132.9 
[2026-10-06 12:51:33]	[CulturalDiffusion] frontier city=196610 ring=4 best=3090.6 bar=375 over=11/24 center=79.79 
[2026-10-06 12:51:33]	[CulturalDiffusion] frontier city=262147 ring=4 best=3090.6 bar=375 over=9/24 center=148.88 
[2026-10-06 12:51:33]	[CulturalDiffusion] frontier city=327684 ring=4 best=3090.6 bar=375 over=10/19 center=60.44 
[2026-10-06 12:51:33]	[CulturalDiffusion] frontier city=393221 ring=4 best=3090.6 bar=375 over=4/24 center=55.47 
[2026-10-06 12:51:33]	[CulturalDiffusion] frontier city=458758 ring=4 best=3090.6 bar=375 over=5/24 center=139.47 
[2026-10-06 12:51:33]	[CulturalDiffusion] frontier city=524295 ring=4 best=139.47 bar=375 over=0/24 center=52.62 
[2026-10-06 12:51:33]	[CulturalDiffusion] frontier city=589832 ring=4 best=64.7 bar=375 over=0/24 center=70.51 
[2026-10-06 12:51:33]	[CulturalDiffusion] frontier city=655369 ring=4 best=1 bar=375 over=0/24 center=1 
[2026-10-06 12:51:33]	[CulturalDiffusion] frontier city=720906 ring=4 best=3090.6 bar=375 over=11/24 center=49.2 
[2026-10-06 12:51:33]	[CulturalDiffusion] frontier city=786443 ring=4 best=1 bar=375 over=0/24 center=1 
[2026-10-06 12:51:33]	[CulturalDiffusion] frontier city=851980 ring=4 best=3090.6 bar=375 over=8/24 center=367.54 
[2026-10-06 12:51:33]	[CulturalDiffusion] frontier city=917517 ring=4 best=1 bar=375 over=0/24 center=46.53 
[2026-10-06 12:51:33]	[CulturalDiffusion] frontier city=983054 ring=4 best=3090.6 bar=375 over=10/24 center=275.93 
[2026-10-06 12:51:33]	[CulturalDiffusion] frontier city=1048591 ring=4 best=1 bar=375 over=0/24 center=47.68 
[2026-10-06 12:51:33]	[CulturalDiffusion] frontier city=1114128 ring=4 best=1 bar=375 over=0/24 center=1 
[2026-10-06 12:51:33]	[CulturalDiffusion] frontier city=1179665 ring=4 best=3090.6 bar=375 over=7/24 center=13.88 
[2026-10-06 12:51:33]	[CulturalDiffusion] frontier city=1245202 ring=4 best=98.3 bar=375 over=0/24 center=56.6 
[2026-10-06 12:51:33]	[CulturalDiffusion] frontier city=1310739 ring=4 best=3090.6 bar=375 over=4/24 center=73.46 
[2026-10-06 12:51:33]	[CulturalDiffusion] frontier city=1376276 ring=4 best=1 bar=375 over=0/24 center=178.2 
[2026-10-06 12:51:33]	[CulturalDiffusion] frontier city=1441813 ring=4 best=1 bar=375 over=0/24 center=59.48 
[2026-10-06 12:51:33]	[CulturalDiffusion] frontier city=1507350 ring=4 best=1 bar=375 over=0/24 center=1 
[2026-10-06 12:51:33]	[CulturalDiffusion] frontier city=1572887 ring=4 best=1 bar=375 over=0/24 center=1 
[2026-10-06 12:51:33]	[CulturalDiffusion] frontier city=1638424 ring=4 best=73.46 bar=375 over=0/24 center=69.24 
[2026-10-06 12:51:33]	[CulturalDiffusion] frontier city=1703961 ring=4 best=1 bar=375 over=0/24 center=81.85 
[2026-10-06 12:51:33]	[CulturalDiffusion] frontier city=1769498 ring=4 best=1 bar=375 over=0/24 center=56.92 
[2026-10-06 12:51:33]	[CulturalDiffusion] frontier city=1835035 ring=4 best=1 bar=375 over=0/24 center=51.22 
[2026-10-06 12:51:33]	[CulturalDiffusion] frontier city=1900572 ring=4 best=1 bar=375 over=0/24 center=99.22 
[2026-10-06 12:51:33]	[CulturalDiffusion] flip 78,27 -> player 0 via purchasePlot sent; pending confirmation next pass (was owner -1) 
[2026-10-06 12:51:33]	[CulturalDiffusion] flip 72,19 -> player 0 via purchasePlot sent; pending confirmation next pass (was owner -1) 
[2026-10-06 12:51:33]	[CulturalDiffusion] flip 71,22 -> player 0 via purchasePlot sent; pending confirmation next pass (was owner -1) 
[2026-10-06 12:51:33]	[CulturalDiffusion] flip 88,27 -> player 0 via purchasePlot sent; pending confirmation next pass (was owner -1) 
[2026-10-06 12:51:33]	[CulturalDiffusion] flip 87,27 -> player 0 via purchasePlot sent; pending confirmation next pass (was owner -1) 
[2026-10-06 12:51:33]	[CulturalDiffusion] flip 88,25 -> player 0 via purchasePlot sent; pending confirmation next pass (was owner -1) 
[2026-10-06 12:51:33]	[CulturalDiffusion] flip 87,25 -> player 0 via purchasePlot sent; pending confirmation next pass (was owner -1) 
[2026-10-06 12:51:33]	[CulturalDiffusion] flip 89,24 -> player 0 via purchasePlot sent; pending confirmation next pass (was owner -1) 
[2026-10-06 12:51:33]	[CulturalDiffusion] state bytes=29071 field=1043 claims=56 locked=56 passMs=51 
[2026-10-06 12:51:33]	[CulturalDiffusion] pass: 0 flip(s), 8 pending, 0 ceded (0 pending), 0 AI flip(s) (0 pending), 0 conquest(s) (0 pending), confirmed 10 claim/0 cede (0 dropped), 0 orphan(s) healed, 0 inner tile(s) released to base game, 1043 active field tile(s) 
[2026-10-06 12:51:33]	[CulturalDiffusion] pass (turn 69): flips=0 field tiles=103 
[2026-10-06 12:51:34]	[CDH] JSERR TypeError: Cannot read properties of null (reading 'cityId') @ fs://game/bz-map-trix/ui/lenses/layer/bz-religion-layer.js:50 
[2026-10-06 12:51:34]	[CDH] JSERR TypeError: Cannot read properties of null (reading 'cityId') @ fs://game/bz-map-trix/ui/lenses/layer/bz-religion-layer.js:50 
[2026-10-06 12:51:34]	[CDH] JSERR TypeError: Cannot read properties of null (reading 'cityId') @ fs://game/bz-map-trix/ui/lenses/layer/bz-religion-layer.js:50 
[2026-10-06 12:51:40]	[CDH] JSERR TypeError: Cannot read properties of null (reading 'cityId') @ fs://game/bz-map-trix/ui/lenses/layer/bz-religion-layer.js:50 
[2026-10-06 12:51:40]	[CDH] JSERR TypeError: Cannot read properties of null (reading 'cityId') @ fs://game/bz-map-trix/ui/lenses/layer/bz-religion-layer.js:50 
[2026-10-06 12:51:41]	[CDH] OBS T3: age=AGE_EXPLORATION turn=69 ownerChanges=8 missionaries=6 moved=5 idleWithMoves=1 gone=0 flipsNearMissionary=0 (district 0) onFlipped=0 jsErrors=18 amAuto=true 
[2026-10-06 12:51:41]	[CDH] UNITS T3: ?@73,45 mv=4 ch=2 ?@71,43 mv=0 ch=? q ?@73,49 mv=0 ch=? q ?@88,38 mv=0 ch=? q ?@85,19 mv=0 ch=1 ?@81,18 mv=0 ch=1 
[2026-10-06 12:51:41]	[CDH] INV T3: claims=56 stale=0 localInner=7 district=0 center=0 pending=8 bytes=29056 
[2026-10-06 12:51:45]	[CDH] JSERR TypeError: Cannot read properties of null (reading 'cityId') @ fs://game/bz-map-trix/ui/lenses/layer/bz-religion-layer.js:50 
[2026-10-06 12:51:45]	[CDH] JSERR TypeError: Cannot read properties of null (reading 'cityId') @ fs://game/bz-map-trix/ui/lenses/layer/bz-religion-layer.js:50 
[2026-10-06 12:51:45]	[CDH] JSERR TypeError: Cannot read properties of null (reading 'cityId') @ fs://game/bz-map-trix/ui/lenses/layer/bz-religion-layer.js:50 
[2026-10-06 12:51:46]	[CDH] JSERR TypeError: Cannot read properties of null (reading 'cityId') @ fs://game/bz-map-trix/ui/lenses/layer/bz-religion-layer.js:50 
[2026-10-06 12:51:46]	[CDH] JSERR TypeError: Cannot read properties of null (reading 'cityId') @ fs://game/bz-map-trix/ui/lenses/layer/bz-religion-layer.js:50 
[2026-10-06 12:51:46]	[CDH] JSERR TypeError: Cannot read properties of null (reading 'cityId') @ fs://game/bz-map-trix/ui/lenses/layer/bz-religion-layer.js:50 
[2026-10-06 12:51:46]	[CDH] JSERR TypeError: Cannot read properties of null (reading 'cityId') @ fs://game/bz-map-trix/ui/lenses/layer/bz-religion-layer.js:50 
[2026-10-06 12:51:46]	[CDH] JSERR TypeError: Cannot read properties of null (reading 'cityId') @ fs://game/bz-map-trix/ui/lenses/layer/bz-religion-layer.js:50 
[2026-10-06 12:51:46]	[CDH] JSERR TypeError: Cannot read properties of null (reading 'cityId') @ fs://game/bz-map-trix/ui/lenses/layer/bz-religion-layer.js:50 
[2026-10-06 12:51:46]	[CDH] JSERR TypeError: Cannot read properties of null (reading 'cityId') @ fs://game/bz-map-trix/ui/lenses/layer/bz-religion-layer.js:50 
[2026-10-06 12:51:46]	[CDH] JSERR TypeError: Cannot read properties of null (reading 'cityId') @ fs://game/bz-map-trix/ui/lenses/layer/bz-religion-layer.js:50 
[2026-10-06 12:51:46]	[CDH] JSERR TypeError: Cannot read properties of null (reading 'cityId') @ fs://game/bz-map-trix/ui/lenses/layer/bz-religion-layer.js:50 
[2026-10-06 12:51:57]	[CulturalDiffusion] notify: (78,27) unowned -> player 0 
[2026-10-06 12:51:57]	[CulturalDiffusion] pending 78,27 claim confirmed on the live map 
[2026-10-06 12:51:57]	[CulturalDiffusion] notify: (72,19) unowned -> player 0 
[2026-10-06 12:51:57]	[CulturalDiffusion] pending 72,19 claim confirmed on the live map 
[2026-10-06 12:51:57]	[CulturalDiffusion] notify: (71,22) unowned -> player 0 
[2026-10-06 12:51:57]	[CulturalDiffusion] pending 71,22 claim confirmed on the live map 
[2026-10-06 12:51:57]	[CulturalDiffusion] notify: (88,27) unowned -> player 0 
[2026-10-06 12:51:57]	[CulturalDiffusion] pending 88,27 claim confirmed on the live map 
[2026-10-06 12:51:57]	[CulturalDiffusion] notify: (87,27) unowned -> player 0 
[2026-10-06 12:51:57]	[CulturalDiffusion] pending 87,27 claim confirmed on the live map 
[2026-10-06 12:51:57]	[CulturalDiffusion] notify: (88,25) unowned -> player 0 
[2026-10-06 12:51:57]	[CulturalDiffusion] pending 88,25 claim confirmed on the live map 
[2026-10-06 12:51:57]	[CulturalDiffusion] notify: (87,25) unowned -> player 0 
[2026-10-06 12:51:57]	[CulturalDiffusion] pending 87,25 claim confirmed on the live map 
[2026-10-06 12:51:57]	[CulturalDiffusion] notify: (89,24) unowned -> player 0 
[2026-10-06 12:51:57]	[CulturalDiffusion] pending 89,24 claim confirmed on the live map 
[2026-10-06 12:51:57]	[CulturalDiffusion] inject 92,32 civ=0 culture=114.4 vitality=106.83 strength=53.45 stock=1772.4 cap=106900.65 
[2026-10-06 12:51:57]	[CulturalDiffusion] inject 86,20 civ=0 culture=11.5 vitality=51.11 strength=9.28 stock=200.36 cap=18556.01 
[2026-10-06 12:51:57]	[CulturalDiffusion] inject 77,21 civ=0 culture=0 vitality=23.88 strength=0 stock=138.7 cap=0 
[2026-10-06 12:51:57]	[CulturalDiffusion] inject 82,23 civ=0 culture=0.6 vitality=18.92 strength=0.96 stock=246.35 cap=1925.09 
[2026-10-06 12:51:57]	[CulturalDiffusion] inject 93,26 civ=0 culture=3.6 vitality=10.52 strength=2.51 stock=73.97 cap=5016.42 
[2026-10-06 12:51:57]	[CulturalDiffusion] inject 80,31 civ=0 culture=1.6 vitality=21.3 strength=1.9 stock=67.17 cap=3791.99 
[2026-10-06 12:51:57]	[CulturalDiffusion] inject 87,32 civ=0 culture=17.4 vitality=29.88 strength=10.06 stock=187.52 cap=20125.25 
[2026-10-06 12:51:57]	[CulturalDiffusion] inject 84,35 civ=0 culture=1 vitality=27.75 strength=1.53 stock=63.29 cap=3062.67 
[2026-10-06 12:51:57]	[CulturalDiffusion] inject 90,37 civ=0 culture=4.75 vitality=18.73 strength=3.67 stock=87.94 cap=7348.79 
[2026-10-06 12:51:57]	[CulturalDiffusion] inject 77,36 civ=0 culture=0 vitality=15.52 strength=0 stock=1 cap=0 
[2026-10-06 12:51:57]	[CulturalDiffusion] inject 81,18 civ=0 culture=0.59 vitality=27.28 strength=1.08 stock=58.69 cap=2169.49 
[2026-10-06 12:51:57]	[CulturalDiffusion] inject 79,39 civ=0 culture=0 vitality=18.92 strength=0 stock=1 cap=0 
[2026-10-06 12:51:57]	[CulturalDiffusion] inject 78,13 civ=0 culture=0.5 vitality=12.94 strength=0.75 stock=520.77 cap=1494.3 
[2026-10-06 12:51:57]	[CulturalDiffusion] inject 75,41 civ=0 culture=0.42 vitality=13.4 strength=0.67 stock=55.66 cap=1346.62 
[2026-10-06 12:51:57]	[CulturalDiffusion] inject 75,14 civ=0 culture=0 vitality=11.8 strength=0 stock=525.45 cap=0 
[2026-10-06 12:51:57]	[CulturalDiffusion] inject 71,44 civ=0 culture=0.47 vitality=22.81 strength=0.87 stock=56.64 cap=1747.44 
[2026-10-06 12:51:57]	[CulturalDiffusion] inject 71,39 civ=0 culture=0 vitality=12.37 strength=0 stock=1 cap=0 
[2026-10-06 12:51:57]	[CulturalDiffusion] inject 71,15 civ=0 culture=0 vitality=21.2 strength=0 stock=37.28 cap=0 
[2026-10-06 12:51:57]	[CulturalDiffusion] inject 72,10 civ=0 culture=2.4 vitality=12.32 strength=2.04 stock=68.7 cap=4074.68 
[2026-10-06 12:51:57]	[CulturalDiffusion] inject 68,19 civ=0 culture=4 vitality=32.81 strength=4 stock=92.05 cap=7996.61 
[2026-10-06 12:51:57]	[CulturalDiffusion] inject 67,41 civ=0 culture=15.96 vitality=71.89 strength=12.93 stock=245.15 cap=25865.12 
[2026-10-06 12:51:57]	[CulturalDiffusion] inject 67,35 civ=0 culture=2 vitality=27.4 strength=2.39 stock=72.65 cap=4784.55 
[2026-10-06 12:51:57]	[CulturalDiffusion] inject 71,33 civ=0 culture=0 vitality=22.9 strength=0 stock=1 cap=0 
[2026-10-06 12:51:57]	[CulturalDiffusion] inject 68,30 civ=0 culture=0 vitality=18.4 strength=0 stock=1 cap=0 
[2026-10-06 12:51:57]	[CulturalDiffusion] inject 64,19 civ=0 culture=4.42 vitality=19.14 strength=3.53 stock=86.16 cap=7063.67 
[2026-10-06 12:51:57]	[CulturalDiffusion] inject 64,45 civ=0 culture=5 vitality=35.67 strength=4.76 stock=104.16 cap=9518.82 
[2026-10-06 12:51:57]	[CulturalDiffusion] inject 64,26 civ=0 culture=2 vitality=18.3 strength=2.08 stock=69.14 cap=4154.19 
[2026-10-06 12:51:57]	[CulturalDiffusion] inject 62,32 civ=0 culture=1 vitality=19.3 strength=1.35 stock=61.4 cap=2697.14 
[2026-10-06 12:51:57]	[CulturalDiffusion] inject 64,14 civ=0 culture=8 vitality=42.06 strength=6.84 stock=129.66 cap=13687.39 
[2026-10-06 12:51:57]	[CulturalDiffusion] inject 60,50 civ=2 culture=10.65 vitality=15.36 strength=9.76 stock=176.13 cap=19526.69 
[2026-10-06 12:51:57]	[CulturalDiffusion] inject 67,50 civ=2 culture=2.21 vitality=4.54 strength=2.29 stock=92.21 cap=4584.04 
[2026-10-06 12:51:57]	[CulturalDiffusion] inject 74,52 civ=2 culture=75.9 vitality=37.61 strength=47.88 stock=1590.03 cap=95751.57 
[2026-10-06 12:51:57]	[CulturalDiffusion] inject 83,44 civ=4 culture=11 vitality=27.23 strength=21.63 stock=699.54 cap=43268.7 
[2026-10-06 12:51:57]	[CulturalDiffusion] inject 79,47 civ=4 culture=11 vitality=33.1 strength=23.16 stock=412.61 cap=46328.66 
[2026-10-06 12:51:57]	[CulturalDiffusion] inject 75,48 civ=4 culture=16.5 vitality=45.65 strength=33.74 stock=1199.67 cap=67483.52 
[2026-10-06 12:51:57]	[CulturalDiffusion] frontier city=65536 ring=4 best=2935.07 bar=375 over=3/23 center=1772.4 
[2026-10-06 12:51:57]	[CulturalDiffusion] frontier city=131073 ring=4 best=2935.07 bar=375 over=11/24 center=200.36 
[2026-10-06 12:51:57]	[CulturalDiffusion] frontier city=196610 ring=4 best=2935.07 bar=375 over=10/24 center=138.7 
[2026-10-06 12:51:57]	[CulturalDiffusion] frontier city=262147 ring=4 best=2935.07 bar=375 over=9/24 center=246.35 
[2026-10-06 12:51:57]	[CulturalDiffusion] frontier city=327684 ring=4 best=2935.07 bar=375 over=10/19 center=73.97 
[2026-10-06 12:51:57]	[CulturalDiffusion] frontier city=393221 ring=4 best=2935.07 bar=375 over=4/24 center=67.17 
[2026-10-06 12:51:57]	[CulturalDiffusion] frontier city=458758 ring=4 best=2935.07 bar=375 over=5/24 center=187.52 
[2026-10-06 12:51:57]	[CulturalDiffusion] frontier city=524295 ring=4 best=187.52 bar=375 over=0/24 center=63.29 
[2026-10-06 12:51:57]	[CulturalDiffusion] frontier city=589832 ring=4 best=176.51 bar=375 over=0/24 center=87.94 
[2026-10-06 12:51:57]	[CulturalDiffusion] frontier city=655369 ring=4 best=1 bar=375 over=0/24 center=1 
[2026-10-06 12:51:57]	[CulturalDiffusion] frontier city=720906 ring=4 best=2935.07 bar=375 over=10/24 center=58.69 
[2026-10-06 12:51:57]	[CulturalDiffusion] frontier city=786443 ring=4 best=1 bar=375 over=0/24 center=1 
[2026-10-06 12:51:57]	[CulturalDiffusion] frontier city=851980 ring=4 best=2935.07 bar=375 over=8/24 center=520.77 
[2026-10-06 12:51:57]	[CulturalDiffusion] frontier city=917517 ring=4 best=1 bar=375 over=0/24 center=55.66 
[2026-10-06 12:51:57]	[CulturalDiffusion] frontier city=983054 ring=4 best=2935.07 bar=375 over=8/24 center=525.45 
[2026-10-06 12:51:57]	[CulturalDiffusion] frontier city=1048591 ring=4 best=1 bar=375 over=0/24 center=56.64 
[2026-10-06 12:51:57]	[CulturalDiffusion] frontier city=1114128 ring=4 best=17.56 bar=375 over=0/24 center=1 
[2026-10-06 12:51:57]	[CulturalDiffusion] frontier city=1179665 ring=4 best=2935.07 bar=375 over=5/24 center=37.28 
[2026-10-06 12:51:57]	[CulturalDiffusion] frontier city=1245202 ring=4 best=175.14 bar=375 over=0/24 center=68.7 
[2026-10-06 12:51:57]	[CulturalDiffusion] frontier city=1310739 ring=4 best=2935.07 bar=375 over=4/24 center=92.05 
[2026-10-06 12:51:57]	[CulturalDiffusion] frontier city=1376276 ring=4 best=1 bar=375 over=0/24 center=245.15 
[2026-10-06 12:51:57]	[CulturalDiffusion] frontier city=1441813 ring=4 best=1 bar=375 over=0/24 center=72.65 
[2026-10-06 12:51:57]	[CulturalDiffusion] frontier city=1507350 ring=4 best=1 bar=375 over=0/24 center=1 
[2026-10-06 12:51:57]	[CulturalDiffusion] frontier city=1572887 ring=4 best=1 bar=375 over=0/24 center=1 
[2026-10-06 12:51:57]	[CulturalDiffusion] frontier city=1638424 ring=4 best=92.05 bar=375 over=0/24 center=86.16 
[2026-10-06 12:51:57]	[CulturalDiffusion] frontier city=1703961 ring=4 best=9.03 bar=375 over=0/24 center=104.16 
[2026-10-06 12:51:57]	[CulturalDiffusion] frontier city=1769498 ring=4 best=1 bar=375 over=0/24 center=69.14 
[2026-10-06 12:51:57]	[CulturalDiffusion] frontier city=1835035 ring=4 best=1 bar=375 over=0/24 center=61.4 
[2026-10-06 12:51:57]	[CulturalDiffusion] frontier city=1900572 ring=4 best=1 bar=375 over=0/24 center=129.66 
[2026-10-06 12:51:57]	[CulturalDiffusion] flip 86,25 -> player 0 via purchasePlot sent; pending confirmation next pass (was owner -1) 
[2026-10-06 12:51:57]	[CulturalDiffusion] flip 90,21 -> player 0 via purchasePlot sent; pending confirmation next pass (was owner -1) 
[2026-10-06 12:51:57]	[CulturalDiffusion] flip 90,22 -> player 0 via purchasePlot sent; pending confirmation next pass (was owner -1) 
[2026-10-06 12:51:57]	[CulturalDiffusion] flip 89,23 -> player 0 via purchasePlot sent; pending confirmation next pass (was owner -1) 
[2026-10-06 12:51:57]	[CulturalDiffusion] flip 86,26 -> player 0 via purchasePlot sent; pending confirmation next pass (was owner -1) 
[2026-10-06 12:51:57]	[CulturalDiffusion] flip 91,21 -> player 0 via purchasePlot sent; pending confirmation next pass (was owner -1) 
[2026-10-06 12:51:57]	[CulturalDiffusion] flip 85,27 -> player 0 via purchasePlot sent; pending confirmation next pass (was owner -1) 
[2026-10-06 12:51:57]	[CulturalDiffusion] flip 72,21 -> player 0 via purchasePlot sent; pending confirmation next pass (was owner -1) 
[2026-10-06 12:51:57]	[CulturalDiffusion] state bytes=30142 field=1058 claims=64 locked=64 passMs=57 
[2026-10-06 12:51:57]	[CulturalDiffusion] pass: 0 flip(s), 8 pending, 0 ceded (0 pending), 0 AI flip(s) (0 pending), 0 conquest(s) (0 pending), confirmed 8 claim/0 cede (0 dropped), 0 orphan(s) healed, 0 inner tile(s) released to base game, 1058 active field tile(s) 
[2026-10-06 12:51:57]	[CulturalDiffusion] pass (turn 70): flips=0 field tiles=128 
[2026-10-06 12:51:58]	[CDH] TURN k=4 turn=70 age=AGE_EXPLORATION blocker=NEW_POPULATION 
[2026-10-06 12:51:58]	[CDH] JSERR TypeError: Cannot read properties of null (reading 'cityId') @ fs://game/bz-map-trix/ui/lenses/layer/bz-religion-layer.js:50 
[2026-10-06 12:51:58]	[CDH] JSERR TypeError: Cannot read properties of null (reading 'cityId') @ fs://game/bz-map-trix/ui/lenses/layer/bz-religion-layer.js:50 
[2026-10-06 12:51:58]	[CDH] JSERR TypeError: Cannot read properties of null (reading 'cityId') @ fs://game/bz-map-trix/ui/lenses/layer/bz-religion-layer.js:50 
[2026-10-06 12:51:59]	[CDH] JSERR TypeError: Cannot read properties of null (reading 'cityId') @ fs://game/bz-map-trix/ui/lenses/layer/bz-religion-layer.js:50 
[2026-10-06 12:52:07]	[CDH] OBS T4: age=AGE_EXPLORATION turn=70 ownerChanges=8 missionaries=6 moved=6 idleWithMoves=0 gone=0 flipsNearMissionary=0 (district 0) onFlipped=0 jsErrors=34 amAuto=true 
[2026-10-06 12:52:07]	[CDH] UNITS T4: ?@74,45 mv=0 ch=? q ?@75,43 mv=0 ch=? q ?@73,50 mv=0 ch=1 ?@88,38 mv=0 ch=1 ?@84,19 mv=0 ch=? q ?@82,22 mv=0 ch=? q 
[2026-10-06 12:52:07]	[CDH] INV T4: claims=64 stale=0 localInner=7 district=0 center=0 pending=8 bytes=30127 
[2026-10-06 12:52:10]	[CDH] JSERR TypeError: Cannot read properties of null (reading 'cityId') @ fs://game/bz-map-trix/ui/lenses/layer/bz-religion-layer.js:50 
[2026-10-06 12:52:20]	[CulturalDiffusion] notify: (86,25) unowned -> player 0 
[2026-10-06 12:52:20]	[CulturalDiffusion] pending 86,25 claim confirmed on the live map 
[2026-10-06 12:52:20]	[CulturalDiffusion] notify: (90,21) unowned -> player 0 
[2026-10-06 12:52:20]	[CulturalDiffusion] pending 90,21 claim confirmed on the live map 
[2026-10-06 12:52:20]	[CulturalDiffusion] notify: (90,22) unowned -> player 0 
[2026-10-06 12:52:20]	[CulturalDiffusion] pending 90,22 claim confirmed on the live map 
[2026-10-06 12:52:20]	[CulturalDiffusion] notify: (89,23) unowned -> player 0 
[2026-10-06 12:52:20]	[CulturalDiffusion] pending 89,23 claim confirmed on the live map 
[2026-10-06 12:52:20]	[CulturalDiffusion] notify: (86,26) unowned -> player 0 
[2026-10-06 12:52:20]	[CulturalDiffusion] pending 86,26 claim confirmed on the live map 
[2026-10-06 12:52:20]	[CulturalDiffusion] notify: (91,21) unowned -> player 0 
[2026-10-06 12:52:20]	[CulturalDiffusion] pending 91,21 claim confirmed on the live map 
[2026-10-06 12:52:20]	[CulturalDiffusion] notify: (85,27) unowned -> player 0 
[2026-10-06 12:52:20]	[CulturalDiffusion] pending 85,27 claim confirmed on the live map 
[2026-10-06 12:52:20]	[CulturalDiffusion] notify: (72,21) unowned -> player 0 
[2026-10-06 12:52:20]	[CulturalDiffusion] pending 72,21 claim confirmed on the live map 
[2026-10-06 12:52:20]	[CulturalDiffusion] inject 92,32 civ=0 culture=114.4 vitality=106.83 strength=53.46 stock=2564.48 cap=106923.5 
[2026-10-06 12:52:20]	[CulturalDiffusion] inject 86,20 civ=0 culture=11.5 vitality=51.11 strength=9.28 stock=305.19 cap=18559.97 
[2026-10-06 12:52:20]	[CulturalDiffusion] inject 77,21 civ=0 culture=0 vitality=23.88 strength=0 stock=195.2 cap=0 
[2026-10-06 12:52:20]	[CulturalDiffusion] inject 82,23 civ=0 culture=0.6 vitality=18.92 strength=0.96 stock=363.56 cap=1925.5 
[2026-10-06 12:52:20]	[CulturalDiffusion] inject 93,26 civ=0 culture=3.6 vitality=10.52 strength=2.51 stock=87.63 cap=5017.49 
[2026-10-06 12:52:20]	[CulturalDiffusion] inject 80,31 civ=0 culture=1.6 vitality=21.3 strength=1.9 stock=78.83 cap=3792.8 
[2026-10-06 12:52:20]	[CulturalDiffusion] inject 87,32 civ=0 culture=17.4 vitality=29.88 strength=10.06 stock=240.52 cap=20129.55 
[2026-10-06 12:52:20]	[CulturalDiffusion] inject 84,35 civ=0 culture=1 vitality=27.75 strength=1.53 stock=73.85 cap=3063.33 
[2026-10-06 12:52:20]	[CulturalDiffusion] inject 90,37 civ=0 culture=4.75 vitality=18.73 strength=3.68 stock=105.89 cap=7350.36 
[2026-10-06 12:52:20]	[CulturalDiffusion] inject 77,36 civ=0 culture=0 vitality=15.52 strength=0 stock=1 cap=0 
[2026-10-06 12:52:20]	[CulturalDiffusion] inject 81,18 civ=0 culture=0.59 vitality=27.28 strength=1.08 stock=67.97 cap=2169.95 
[2026-10-06 12:52:20]	[CulturalDiffusion] inject 79,39 civ=0 culture=0 vitality=18.92 strength=0 stock=1.09 cap=0 
[2026-10-06 12:52:20]	[CulturalDiffusion] inject 78,13 civ=0 culture=0.5 vitality=12.94 strength=0.75 stock=683.03 cap=1494.62 
[2026-10-06 12:52:20]	[CulturalDiffusion] inject 75,41 civ=0 culture=0.42 vitality=13.4 strength=0.67 stock=64.97 cap=1346.91 
[2026-10-06 12:52:20]	[CulturalDiffusion] inject 75,14 civ=0 culture=0 vitality=11.8 strength=0 stock=775.75 cap=0 
[2026-10-06 12:52:20]	[CulturalDiffusion] inject 71,44 civ=0 culture=0.47 vitality=22.81 strength=0.87 stock=65.35 cap=1747.81 
[2026-10-06 12:52:20]	[CulturalDiffusion] inject 71,39 civ=0 culture=0 vitality=12.37 strength=0 stock=1 cap=0 
[2026-10-06 12:52:20]	[CulturalDiffusion] inject 71,15 civ=0 culture=0 vitality=21.2 strength=0 stock=73.35 cap=0 
[2026-10-06 12:52:20]	[CulturalDiffusion] inject 72,10 civ=0 culture=2.4 vitality=12.32 strength=2.04 stock=80.81 cap=4075.56 
[2026-10-06 12:52:20]	[CulturalDiffusion] inject 68,19 civ=0 culture=4 vitality=32.81 strength=4 stock=111.31 cap=7998.32 
[2026-10-06 12:52:20]	[CulturalDiffusion] inject 67,41 civ=0 culture=15.96 vitality=71.89 strength=12.94 stock=320.33 cap=25870.65 
[2026-10-06 12:52:20]	[CulturalDiffusion] inject 67,35 civ=0 culture=2 vitality=27.4 strength=2.39 stock=85.92 cap=4785.57 
[2026-10-06 12:52:20]	[CulturalDiffusion] inject 71,33 civ=0 culture=0 vitality=22.9 strength=0 stock=1 cap=0 
[2026-10-06 12:52:20]	[CulturalDiffusion] inject 68,30 civ=0 culture=0 vitality=18.4 strength=0 stock=1 cap=0 
[2026-10-06 12:52:20]	[CulturalDiffusion] inject 64,19 civ=0 culture=4.42 vitality=19.14 strength=3.53 stock=103.55 cap=7065.18 
[2026-10-06 12:52:20]	[CulturalDiffusion] inject 64,45 civ=0 culture=5 vitality=35.67 strength=4.76 stock=127.89 cap=9520.86 
[2026-10-06 12:52:20]	[CulturalDiffusion] inject 64,26 civ=0 culture=2 vitality=18.3 strength=2.08 stock=81.37 cap=4155.08 
[2026-10-06 12:52:20]	[CulturalDiffusion] inject 62,32 civ=0 culture=1 vitality=19.3 strength=1.35 stock=71.42 cap=2697.72 
[2026-10-06 12:52:20]	[CulturalDiffusion] inject 64,14 civ=0 culture=8 vitality=42.06 strength=6.85 stock=162.36 cap=13690.31 
[2026-10-06 12:52:20]	[CulturalDiffusion] inject 60,50 civ=2 culture=10.65 vitality=15.36 strength=9.62 stock=225.78 cap=19247.19 
[2026-10-06 12:52:20]	[CulturalDiffusion] inject 67,50 civ=2 culture=2.21 vitality=4.54 strength=2.26 stock=105 cap=4518.42 
[2026-10-06 12:52:20]	[CulturalDiffusion] inject 74,52 civ=2 culture=72.6 vitality=36.02 strength=45.16 stock=2216.96 cap=90319.17 
[2026-10-06 12:52:20]	[CulturalDiffusion] inject 83,44 civ=4 culture=11 vitality=27.23 strength=21.62 stock=1106.25 cap=43244.89 
[2026-10-06 12:52:20]	[CulturalDiffusion] inject 79,47 civ=4 culture=11 vitality=33.1 strength=23.15 stock=583.11 cap=46303.17 
[2026-10-06 12:52:20]	[CulturalDiffusion] inject 75,48 civ=4 culture=16.5 vitality=45.65 strength=33.72 stock=1603.12 cap=67446.39 
[2026-10-06 12:52:20]	[CulturalDiffusion] frontier city=65536 ring=4 best=2787.32 bar=375 over=3/23 center=2564.48 
[2026-10-06 12:52:20]	[CulturalDiffusion] frontier city=131073 ring=4 best=2787.32 bar=375 over=11/24 center=305.19 
[2026-10-06 12:52:20]	[CulturalDiffusion] frontier city=196610 ring=4 best=2787.32 bar=375 over=9/24 center=195.2 
[2026-10-06 12:52:20]	[CulturalDiffusion] frontier city=262147 ring=4 best=2787.32 bar=375 over=9/24 center=363.56 
[2026-10-06 12:52:20]	[CulturalDiffusion] frontier city=327684 ring=4 best=2787.32 bar=375 over=10/19 center=87.63 
[2026-10-06 12:52:20]	[CulturalDiffusion] frontier city=393221 ring=4 best=2787.32 bar=375 over=4/24 center=78.83 
[2026-10-06 12:52:20]	[CulturalDiffusion] frontier city=458758 ring=4 best=2787.32 bar=375 over=6/24 center=240.52 
[2026-10-06 12:52:20]	[CulturalDiffusion] frontier city=524295 ring=4 best=240.52 bar=375 over=0/24 center=73.85 
[2026-10-06 12:52:20]	[CulturalDiffusion] frontier city=589832 ring=4 best=349.46 bar=375 over=0/24 center=105.89 
[2026-10-06 12:52:20]	[CulturalDiffusion] frontier city=655369 ring=4 best=1.09 bar=375 over=0/24 center=1 
[2026-10-06 12:52:20]	[CulturalDiffusion] frontier city=720906 ring=4 best=2787.32 bar=375 over=10/24 center=67.97 
[2026-10-06 12:52:20]	[CulturalDiffusion] frontier city=786443 ring=4 best=1 bar=375 over=0/24 center=1.09 
[2026-10-06 12:52:20]	[CulturalDiffusion] frontier city=851980 ring=4 best=2787.32 bar=375 over=8/24 center=683.03 
[2026-10-06 12:52:20]	[CulturalDiffusion] frontier city=917517 ring=4 best=1 bar=375 over=0/24 center=64.97 
[2026-10-06 12:52:20]	[CulturalDiffusion] frontier city=983054 ring=4 best=2787.32 bar=375 over=8/24 center=775.75 
[2026-10-06 12:52:20]	[CulturalDiffusion] frontier city=1048591 ring=4 best=1 bar=375 over=0/24 center=65.35 
[2026-10-06 12:52:20]	[CulturalDiffusion] frontier city=1114128 ring=4 best=39.91 bar=375 over=0/24 center=1 
[2026-10-06 12:52:20]	[CulturalDiffusion] frontier city=1179665 ring=4 best=2787.32 bar=375 over=5/24 center=73.35 
[2026-10-06 12:52:20]	[CulturalDiffusion] frontier city=1245202 ring=4 best=282.4 bar=375 over=0/24 center=80.81 
[2026-10-06 12:52:20]	[CulturalDiffusion] frontier city=1310739 ring=4 best=2787.32 bar=375 over=4/24 center=111.31 
[2026-10-06 12:52:20]	[CulturalDiffusion] frontier city=1376276 ring=4 best=1 bar=375 over=0/24 center=320.33 
[2026-10-06 12:52:20]	[CulturalDiffusion] frontier city=1441813 ring=4 best=1 bar=375 over=0/24 center=85.92 
[2026-10-06 12:52:20]	[CulturalDiffusion] frontier city=1507350 ring=4 best=1 bar=375 over=0/24 center=1 
[2026-10-06 12:52:20]	[CulturalDiffusion] frontier city=1572887 ring=4 best=1 bar=375 over=0/24 center=1 
[2026-10-06 12:52:20]	[CulturalDiffusion] frontier city=1638424 ring=4 best=111.31 bar=375 over=0/24 center=103.55 
[2026-10-06 12:52:20]	[CulturalDiffusion] frontier city=1703961 ring=4 best=20.09 bar=375 over=0/24 center=127.89 
[2026-10-06 12:52:20]	[CulturalDiffusion] frontier city=1769498 ring=4 best=1 bar=375 over=0/24 center=81.37 
[2026-10-06 12:52:20]	[CulturalDiffusion] frontier city=1835035 ring=4 best=1 bar=375 over=0/24 center=71.42 
[2026-10-06 12:52:20]	[CulturalDiffusion] frontier city=1900572 ring=4 best=1 bar=375 over=0/24 center=162.36 
[2026-10-06 12:52:20]	[CulturalDiffusion] flip 72,22 -> player 0 via purchasePlot sent; pending confirmation next pass (was owner -1) 
[2026-10-06 12:52:20]	[CulturalDiffusion] flip 74,48 -> player 2 via purchasePlot sent; pending confirmation next pass (was owner 4) 
[2026-10-06 12:52:20]	[CulturalDiffusion] state bytes=30884 field=1069 claims=72 locked=72 passMs=48 
[2026-10-06 12:52:20]	[CulturalDiffusion] pass: 0 flip(s), 1 pending, 0 ceded (0 pending), 0 AI flip(s) (1 pending), 0 conquest(s) (0 pending), confirmed 8 claim/0 cede (0 dropped), 0 orphan(s) healed, 0 inner tile(s) released to base game, 1069 active field tile(s) 
[2026-10-06 12:52:20]	[CulturalDiffusion] pass (turn 71): flips=0 field tiles=234 
[2026-10-06 12:52:21]	[CDH] TURN k=5 turn=71 age=AGE_EXPLORATION blocker=NEW_POPULATION 
[2026-10-06 12:52:22]	[CDH] JSERR TypeError: Cannot read properties of null (reading 'cityId') @ fs://game/bz-map-trix/ui/lenses/layer/bz-religion-layer.js:50 
[2026-10-06 12:52:22]	[CDH] JSERR TypeError: Cannot read properties of null (reading 'cityId') @ fs://game/bz-map-trix/ui/lenses/layer/bz-religion-layer.js:50 
[2026-10-06 12:52:22]	[CDH] JSERR TypeError: Cannot read properties of null (reading 'cityId') @ fs://game/bz-map-trix/ui/lenses/layer/bz-religion-layer.js:50 
[2026-10-06 12:52:30]	[CDH] OBS T5: age=AGE_EXPLORATION turn=71 ownerChanges=2 missionaries=5 moved=5 idleWithMoves=1 gone=0 flipsNearMissionary=0 (district 0) onFlipped=0 jsErrors=38 amAuto=true 
[2026-10-06 12:52:30]	[CDH] UNITS T5: ?@75,45 mv=0 ch=2 ?@77,47 mv=0 ch=2 ?@73,50 mv=4 ch=1 ?@88,39 mv=0 ch=? q ?@81,18 mv=0 ch=1 q 
[2026-10-06 12:52:30]	[CDH] INV T5: claims=72 stale=0 localInner=7 district=0 center=0 pending=2 bytes=30869 
[2026-10-06 12:52:30]	[CDH] SEED T5: 280 frontier tiles seeded, state bytes=32393 
[2026-10-06 12:52:30]	[CDH] BUY T5: had 5, bought 1 
[2026-10-06 12:52:38]	[CDH] JSERR Error: Expected this.unit to be non-null. @ fs://game/base-standard/ui/unit-flags/unit-flags.js:348 
[2026-10-06 12:52:38]	[CDH] JSERR Error: Expected this.unit to be non-null. @ fs://game/base-standard/ui/unit-flags/unit-flags.js:348 
[2026-10-06 12:52:38]	[CDH] JSERR Error: Expected this.unit to be non-null. @ fs://game/base-standard/ui/unit-flags/unit-flags.js:348 
[2026-10-06 12:52:44]	[CDH] JSERR Error: Expected this.unit to be non-null. @ fs://game/base-standard/ui/unit-flags/unit-flags.js:348 
[2026-10-06 12:52:44]	[CDH] JSERR Error: Expected this.unit to be non-null. @ fs://game/base-standard/ui/unit-flags/unit-flags.js:348 
[2026-10-06 12:52:47]	[CulturalDiffusion] notify: (72,22) unowned -> player 0 
[2026-10-06 12:52:47]	[CulturalDiffusion] pending 72,22 claim confirmed on the live map 
[2026-10-06 12:52:47]	[CulturalDiffusion] notify: (74,48) player 4 -> player 2 
[2026-10-06 12:52:47]	[CulturalDiffusion] pending 74,48 claim confirmed on the live map 
[2026-10-06 12:52:47]	[CulturalDiffusion] inject 92,32 civ=0 culture=114.4 vitality=106.83 strength=53.49 stock=3494.37 cap=106981.16 
[2026-10-06 12:52:47]	[CulturalDiffusion] inject 86,20 civ=0 culture=11.5 vitality=51.11 strength=9.28 stock=449.25 cap=18569.98 
[2026-10-06 12:52:47]	[CulturalDiffusion] inject 77,21 civ=0 culture=0 vitality=23.88 strength=0 stock=245.64 cap=0 
[2026-10-06 12:52:47]	[CulturalDiffusion] inject 82,23 civ=0 culture=0.6 vitality=18.92 strength=0.96 stock=494.53 cap=1926.54 
[2026-10-06 12:52:47]	[CulturalDiffusion] inject 93,26 civ=0 culture=3.6 vitality=9.76 strength=2.45 stock=101.11 cap=4890.2 
[2026-10-06 12:52:47]	[CulturalDiffusion] inject 80,31 civ=0 culture=1.6 vitality=21.3 strength=1.9 stock=90.41 cap=3794.85 
[2026-10-06 12:52:47]	[CulturalDiffusion] inject 87,32 civ=0 culture=17.4 vitality=29.88 strength=10.07 stock=297.98 cap=20140.41 
[2026-10-06 12:52:47]	[CulturalDiffusion] inject 84,35 civ=0 culture=1 vitality=27.75 strength=1.53 stock=84.25 cap=3064.98 
[2026-10-06 12:52:47]	[CulturalDiffusion] inject 90,37 civ=0 culture=4.75 vitality=18.73 strength=3.68 stock=124.25 cap=7354.32 
[2026-10-06 12:52:47]	[CulturalDiffusion] inject 77,36 civ=0 culture=0 vitality=15.52 strength=0 stock=1 cap=0 
[2026-10-06 12:52:47]	[CulturalDiffusion] inject 81,18 civ=0 culture=0.59 vitality=27.28 strength=1.09 stock=77.04 cap=2171.12 
[2026-10-06 12:52:47]	[CulturalDiffusion] inject 79,39 civ=0 culture=0 vitality=18.92 strength=0 stock=1 cap=0 
[2026-10-06 12:52:47]	[CulturalDiffusion] inject 78,13 civ=0 culture=0.5 vitality=12.94 strength=0.75 stock=721.98 cap=1495.42 
[2026-10-06 12:52:47]	[CulturalDiffusion] inject 75,41 civ=0 culture=0.42 vitality=13.4 strength=0.67 stock=74.53 cap=1347.63 
[2026-10-06 12:52:47]	[CulturalDiffusion] inject 75,14 civ=0 culture=0 vitality=11.8 strength=0 stock=944.97 cap=0 
[2026-10-06 12:52:47]	[CulturalDiffusion] inject 71,44 civ=0 culture=0.47 vitality=22.81 strength=0.87 stock=74.25 cap=1748.76 
[2026-10-06 12:52:47]	[CulturalDiffusion] inject 71,39 civ=0 culture=0 vitality=12.37 strength=0 stock=1 cap=0 
[2026-10-06 12:52:47]	[CulturalDiffusion] inject 71,15 civ=0 culture=0 vitality=21.2 strength=0 stock=120.41 cap=0 
[2026-10-06 12:52:47]	[CulturalDiffusion] inject 72,10 civ=0 culture=2.4 vitality=12.32 strength=2.04 stock=92.87 cap=4077.75 
[2026-10-06 12:52:47]	[CulturalDiffusion] inject 68,19 civ=0 culture=4 vitality=32.81 strength=4 stock=131.1 cap=8002.63 
[2026-10-06 12:52:47]	[CulturalDiffusion] inject 67,41 civ=0 culture=15.96 vitality=71.89 strength=12.94 stock=403.03 cap=25884.6 
[2026-10-06 12:52:47]	[CulturalDiffusion] inject 67,35 civ=0 culture=2 vitality=27.4 strength=2.39 stock=99.22 cap=4788.15 
[2026-10-06 12:52:47]	[CulturalDiffusion] inject 71,33 civ=0 culture=0 vitality=22.9 strength=0 stock=1 cap=0 
[2026-10-06 12:52:47]	[CulturalDiffusion] inject 68,30 civ=0 culture=0 vitality=18.4 strength=0 stock=1 cap=0 
[2026-10-06 12:52:47]	[CulturalDiffusion] inject 64,19 civ=0 culture=4.42 vitality=19.14 strength=3.53 stock=121.3 cap=7068.99 
[2026-10-06 12:52:47]	[CulturalDiffusion] inject 64,45 civ=0 culture=5 vitality=35.67 strength=4.76 stock=152.83 cap=9525.99 
[2026-10-06 12:52:47]	[CulturalDiffusion] inject 64,26 civ=0 culture=2 vitality=18.3 strength=2.08 stock=93.57 cap=4157.32 
[2026-10-06 12:52:47]	[CulturalDiffusion] inject 62,32 civ=0 culture=1 vitality=19.3 strength=1.35 stock=81.27 cap=2699.17 
[2026-10-06 12:52:47]	[CulturalDiffusion] inject 64,14 civ=0 culture=8 vitality=42.06 strength=6.85 stock=197.05 cap=13697.7 
[2026-10-06 12:52:47]	[CulturalDiffusion] inject 60,50 civ=2 culture=10.65 vitality=15.36 strength=9.64 stock=279.59 cap=19276.41 
[2026-10-06 12:52:47]	[CulturalDiffusion] inject 67,50 civ=2 culture=2.21 vitality=4.54 strength=2.26 stock=117.73 cap=4525.28 
[2026-10-06 12:52:47]	[CulturalDiffusion] inject 74,52 civ=2 culture=72.6 vitality=36.02 strength=45.23 stock=2939.88 cap=90456.28 
[2026-10-06 12:52:47]	[CulturalDiffusion] inject 83,44 civ=4 culture=11 vitality=26.9 strength=21.26 stock=1573.16 cap=42524.7 
[2026-10-06 12:52:47]	[CulturalDiffusion] inject 79,47 civ=4 culture=11 vitality=32.57 strength=22.73 stock=775.58 cap=45469.54 
[2026-10-06 12:52:47]	[CulturalDiffusion] inject 75,48 civ=4 culture=16.5 vitality=45.32 strength=33.22 stock=2066.09 cap=66437.88 
[2026-10-06 12:52:47]	[CulturalDiffusion] frontier city=65536 ring=4 best=2646.95 bar=375 over=3/23 center=3494.37 
[2026-10-06 12:52:47]	[CulturalDiffusion] frontier city=131073 ring=4 best=3799 bar=375 over=13/24 center=449.25 
[2026-10-06 12:52:47]	[CulturalDiffusion] frontier city=196610 ring=4 best=3799 bar=375 over=14/24 center=245.64 
[2026-10-06 12:52:47]	[CulturalDiffusion] frontier city=262147 ring=4 best=3799 bar=375 over=12/24 center=494.53 
[2026-10-06 12:52:47]	[CulturalDiffusion] frontier city=327684 ring=4 best=2646.95 bar=375 over=11/19 center=101.11 
[2026-10-06 12:52:47]	[CulturalDiffusion] frontier city=393221 ring=4 best=3799 bar=375 over=7/24 center=90.41 
[2026-10-06 12:52:47]	[CulturalDiffusion] frontier city=458758 ring=4 best=3799 bar=375 over=10/24 center=297.98 
[2026-10-06 12:52:47]	[CulturalDiffusion] frontier city=524295 ring=4 best=297.98 bar=375 over=0/24 center=84.25 
[2026-10-06 12:52:47]	[CulturalDiffusion] frontier city=589832 ring=4 best=512.9 bar=375 over=1/24 center=124.25 
[2026-10-06 12:52:47]	[CulturalDiffusion] frontier city=655369 ring=4 best=1 bar=375 over=0/24 center=1 
[2026-10-06 12:52:47]	[CulturalDiffusion] frontier city=720906 ring=4 best=3799 bar=375 over=12/24 center=77.04 
[2026-10-06 12:52:47]	[CulturalDiffusion] frontier city=786443 ring=4 best=1 bar=375 over=0/24 center=1 
[2026-10-06 12:52:47]	[CulturalDiffusion] frontier city=851980 ring=4 best=3799 bar=375 over=9/24 center=721.98 
[2026-10-06 12:52:47]	[CulturalDiffusion] frontier city=917517 ring=4 best=1 bar=375 over=0/24 center=74.53 
[2026-10-06 12:52:47]	[CulturalDiffusion] frontier city=983054 ring=4 best=3799 bar=375 over=11/24 center=944.97 
[2026-10-06 12:52:47]	[CulturalDiffusion] frontier city=1048591 ring=4 best=23.57 bar=375 over=0/24 center=74.25 
[2026-10-06 12:52:47]	[CulturalDiffusion] frontier city=1114128 ring=4 best=68.69 bar=375 over=0/24 center=1 
[2026-10-06 12:52:47]	[CulturalDiffusion] frontier city=1179665 ring=4 best=3799 bar=375 over=7/24 center=120.41 
[2026-10-06 12:52:47]	[CulturalDiffusion] frontier city=1245202 ring=4 best=370.46 bar=375 over=0/24 center=92.87 
[2026-10-06 12:52:47]	[CulturalDiffusion] frontier city=1310739 ring=4 best=2646.95 bar=375 over=4/24 center=131.1 
[2026-10-06 12:52:47]	[CulturalDiffusion] frontier city=1376276 ring=4 best=13.33 bar=375 over=0/24 center=403.03 
[2026-10-06 12:52:47]	[CulturalDiffusion] frontier city=1441813 ring=4 best=1 bar=375 over=0/24 center=99.22 
[2026-10-06 12:52:47]	[CulturalDiffusion] frontier city=1507350 ring=4 best=1 bar=375 over=0/24 center=1 
[2026-10-06 12:52:47]	[CulturalDiffusion] frontier city=1572887 ring=4 best=1 bar=375 over=0/24 center=1 
[2026-10-06 12:52:47]	[CulturalDiffusion] frontier city=1638424 ring=4 best=131.1 bar=375 over=0/24 center=121.3 
[2026-10-06 12:52:47]	[CulturalDiffusion] frontier city=1703961 ring=4 best=34.54 bar=375 over=0/24 center=152.83 
[2026-10-06 12:52:47]	[CulturalDiffusion] frontier city=1769498 ring=4 best=1 bar=375 over=0/24 center=93.57 
[2026-10-06 12:52:47]	[CulturalDiffusion] frontier city=1835035 ring=4 best=1 bar=375 over=0/24 center=81.27 
[2026-10-06 12:52:47]	[CulturalDiffusion] frontier city=1900572 ring=4 best=1 bar=375 over=0/24 center=197.05 
[2026-10-06 12:52:47]	[CulturalDiffusion] flip 86,28 -> player 0 via purchasePlot sent; pending confirmation next pass (was owner -1) 
[2026-10-06 12:52:47]	[CulturalDiffusion] flip 84,27 -> player 0 via purchasePlot sent; pending confirmation next pass (was owner -1) 
[2026-10-06 12:52:47]	[CulturalDiffusion] flip 83,27 -> player 0 via purchasePlot sent; pending confirmation next pass (was owner -1) 
[2026-10-06 12:52:47]	[CulturalDiffusion] flip 82,27 -> player 0 via purchasePlot sent; pending confirmation next pass (was owner -1) 
[2026-10-06 12:52:47]	[CulturalDiffusion] flip 85,28 -> player 0 via purchasePlot sent; pending confirmation next pass (was owner -1) 
[2026-10-06 12:52:47]	[CulturalDiffusion] flip 78,25 -> player 0 via purchasePlot sent; pending confirmation next pass (was owner -1) 
[2026-10-06 12:52:47]	[CulturalDiffusion] flip 73,21 -> player 0 via purchasePlot sent; pending confirmation next pass (was owner 63) 
[2026-10-06 12:52:47]	[CulturalDiffusion] flip 73,19 -> player 0 via purchasePlot sent; pending confirmation next pass (was owner -1) 
[2026-10-06 12:52:47]	[CulturalDiffusion] flip 86,42 -> player 4 via purchasePlot sent; pending confirmation next pass (was owner -1) 
[2026-10-06 12:52:47]	[CulturalDiffusion] flip 88,43 -> player 4 via purchasePlot sent; pending confirmation next pass (was owner -1) 
[2026-10-06 12:52:47]	[CulturalDiffusion] flip 87,43 -> player 4 via purchasePlot sent; pending confirmation next pass (was owner -1) 
[2026-10-06 12:52:47]	[CulturalDiffusion] flip 77,43 -> player 4 via purchasePlot sent; pending confirmation next pass (was owner 0) 
[2026-10-06 12:52:47]	[CulturalDiffusion] flip 78,49 -> player 2 via purchasePlot sent; pending confirmation next pass (was owner 4) 
[2026-10-06 12:52:47]	[CulturalDiffusion] flip 86,41 -> player 4 via purchasePlot sent; pending confirmation next pass (was owner -1) 
[2026-10-06 12:52:47]	[CulturalDiffusion] flip 88,42 -> player 4 via purchasePlot sent; pending confirmation next pass (was owner -1) 
[2026-10-06 12:52:47]	[CulturalDiffusion] flip 89,43 -> player 4 via purchasePlot sent; pending confirmation next pass (was owner -1) 
[2026-10-06 12:52:47]	[CulturalDiffusion] state bytes=31691 field=1084 claims=74 locked=74 passMs=71 
[2026-10-06 12:52:47]	[CulturalDiffusion] pass: 0 flip(s), 8 pending, 0 ceded (0 pending), 0 AI flip(s) (8 pending), 0 conquest(s) (0 pending), confirmed 2 claim/0 cede (0 dropped), 0 orphan(s) healed, 0 inner tile(s) released to base game, 1084 active field tile(s) 
[2026-10-06 12:52:47]	[CulturalDiffusion] pass (turn 72): flips=0 field tiles=54 
[2026-10-06 12:52:48]	[CDH] TURN k=6 turn=72 age=AGE_EXPLORATION blocker=NEW_POPULATION 
[2026-10-06 12:52:48]	[CDH] JSERR TypeError: Cannot read properties of null (reading 'cityId') @ fs://game/bz-map-trix/ui/lenses/layer/bz-religion-layer.js:50 
[2026-10-06 12:52:49]	[CDH] JSERR TypeError: Cannot read properties of null (reading 'cityId') @ fs://game/bz-map-trix/ui/lenses/layer/bz-religion-layer.js:50 
[2026-10-06 12:52:57]	[CDH] OBS T6: age=AGE_EXPLORATION turn=72 ownerChanges=16 missionaries=6 moved=5 idleWithMoves=1 gone=0 flipsNearMissionary=0 (district 0) onFlipped=0 jsErrors=45 amAuto=true 
[2026-10-06 12:52:57]	[CDH] UNITS T6: ?@75,45 mv=0 ch=1 ?@78,47 mv=0 ch=1 ?@73,50 mv=4 ch=1 ?@88,40 mv=0 ch=? q ?@78,15 mv=0 ch=? q ?@71,42 mv=0 ch=? q 
[2026-10-06 12:52:57]	[CDH] INV T6: claims=74 stale=0 localInner=7 district=0 center=0 pending=16 bytes=31676 
[2026-10-06 12:52:58]	[CDH] JSERR TypeError: Cannot read properties of null (reading 'cityId') @ fs://game/bz-map-trix/ui/lenses/layer/bz-religion-layer.js:50 
[2026-10-06 12:53:00]	[CDH] JSERR Error: Expected this.unit to be non-null. @ fs://game/base-standard/ui/unit-flags/unit-flags.js:348 
[2026-10-06 12:53:00]	[CDH] JSERR Error: Expected this.unit to be non-null. @ fs://game/base-standard/ui/unit-flags/unit-flags.js:348 
[2026-10-06 12:53:00]	[CDH] JSERR Error: Expected this.unit to be non-null. @ fs://game/base-standard/ui/unit-flags/unit-flags.js:348 
[2026-10-06 12:53:00]	[CDH] JSERR Error: Expected this.unit to be non-null. @ fs://game/base-standard/ui/unit-flags/unit-flags.js:348 
[2026-10-06 12:53:01]	[CDH] JSERR Error: Expected this.unit to be non-null. @ fs://game/base-standard/ui/unit-flags/unit-flags.js:348 
[2026-10-06 12:53:06]	[CDH] JSERR Error: Expected this.unit to be non-null. @ fs://game/base-standard/ui/unit-flags/unit-flags.js:348 
[2026-10-06 12:53:06]	[CDH] JSERR Error: Expected this.unit to be non-null. @ fs://game/base-standard/ui/unit-flags/unit-flags.js:348 
[2026-10-06 12:53:06]	[CDH] JSERR Error: Expected this.unit to be non-null. @ fs://game/base-standard/ui/unit-flags/unit-flags.js:348 
[2026-10-06 12:53:08]	[CDH] TURN k=7 turn=73 age=AGE_EXPLORATION blocker=NEW_POPULATION 
[2026-10-06 12:53:08]	[CulturalDiffusion] notify: (86,28) unowned -> player 0 
[2026-10-06 12:53:08]	[CulturalDiffusion] pending 86,28 claim confirmed on the live map 
[2026-10-06 12:53:08]	[CulturalDiffusion] notify: (84,27) unowned -> player 0 
[2026-10-06 12:53:08]	[CulturalDiffusion] pending 84,27 claim confirmed on the live map 
[2026-10-06 12:53:08]	[CulturalDiffusion] notify: (83,27) unowned -> player 0 
[2026-10-06 12:53:08]	[CulturalDiffusion] pending 83,27 claim confirmed on the live map 
[2026-10-06 12:53:08]	[CulturalDiffusion] notify: (82,27) unowned -> player 0 
[2026-10-06 12:53:08]	[CulturalDiffusion] pending 82,27 claim confirmed on the live map 
[2026-10-06 12:53:08]	[CulturalDiffusion] notify: (85,28) unowned -> player 0 
[2026-10-06 12:53:08]	[CulturalDiffusion] pending 85,28 claim confirmed on the live map 
[2026-10-06 12:53:08]	[CulturalDiffusion] notify: (78,25) unowned -> player 0 
[2026-10-06 12:53:08]	[CulturalDiffusion] pending 78,25 claim confirmed on the live map 
[2026-10-06 12:53:08]	[CulturalDiffusion] notify: (73,21) player 63 -> player 0 
[2026-10-06 12:53:08]	[CulturalDiffusion] pending 73,21 claim confirmed on the live map 
[2026-10-06 12:53:08]	[CulturalDiffusion] notify: (73,19) unowned -> player 0 
[2026-10-06 12:53:08]	[CulturalDiffusion] pending 73,19 claim confirmed on the live map 
[2026-10-06 12:53:08]	[CulturalDiffusion] notify: (86,42) unowned -> player 4 
[2026-10-06 12:53:08]	[CulturalDiffusion] pending 86,42 claim confirmed on the live map 
[2026-10-06 12:53:08]	[CulturalDiffusion] notify: (88,43) unowned -> player 4 
[2026-10-06 12:53:08]	[CulturalDiffusion] pending 88,43 claim confirmed on the live map 
[2026-10-06 12:53:08]	[CulturalDiffusion] notify: (87,43) unowned -> player 4 
[2026-10-06 12:53:08]	[CulturalDiffusion] pending 87,43 claim confirmed on the live map 
[2026-10-06 12:53:08]	[CulturalDiffusion] notify: (77,43) player 0 -> player 4 
[2026-10-06 12:53:08]	[CulturalDiffusion] pending 77,43 claim confirmed on the live map 
[2026-10-06 12:53:08]	[CulturalDiffusion] notify: (78,49) player 4 -> player 2 
[2026-10-06 12:53:08]	[CulturalDiffusion] pending 78,49 claim confirmed on the live map 
[2026-10-06 12:53:08]	[CulturalDiffusion] notify: (86,41) unowned -> player 4 
[2026-10-06 12:53:08]	[CulturalDiffusion] pending 86,41 claim confirmed on the live map 
[2026-10-06 12:53:08]	[CulturalDiffusion] notify: (88,42) unowned -> player 4 
[2026-10-06 12:53:08]	[CulturalDiffusion] pending 88,42 claim confirmed on the live map 
[2026-10-06 12:53:08]	[CulturalDiffusion] notify: (89,43) unowned -> player 4 
[2026-10-06 12:53:08]	[CulturalDiffusion] pending 89,43 claim confirmed on the live map 
[2026-10-06 12:53:08]	[CulturalDiffusion] inject 92,32 civ=0 culture=114.4 vitality=106.83 strength=66.85 stock=4859.16 cap=133701.21 
[2026-10-06 12:53:08]	[CulturalDiffusion] inject 86,20 civ=0 culture=11.5 vitality=51.11 strength=11.6 stock=657.05 cap=23208.1 
[2026-10-06 12:53:08]	[CulturalDiffusion] inject 77,21 civ=0 culture=0 vitality=23.88 strength=0 stock=264.16 cap=0 
[2026-10-06 12:53:08]	[CulturalDiffusion] inject 82,23 civ=0 culture=0.6 vitality=18.92 strength=1.2 stock=548.68 cap=2407.72 
[2026-10-06 12:53:08]	[CulturalDiffusion] inject 93,26 civ=0 culture=3.6 vitality=9.76 strength=3.06 stock=116.95 cap=6111.6 
[2026-10-06 12:53:08]	[CulturalDiffusion] inject 80,31 civ=0 culture=1.6 vitality=21.3 strength=2.37 stock=103.62 cap=4742.66 
[2026-10-06 12:53:08]	[CulturalDiffusion] inject 87,32 civ=0 culture=17.4 vitality=29.88 strength=12.59 stock=376.22 cap=25170.76 
[2026-10-06 12:53:08]	[CulturalDiffusion] inject 84,35 civ=0 culture=1 vitality=27.75 strength=1.92 stock=95.85 cap=3830.5 
[2026-10-06 12:53:08]	[CulturalDiffusion] inject 90,37 civ=0 culture=4.75 vitality=18.73 strength=4.6 stock=146.88 cap=9191.17 
[2026-10-06 12:53:08]	[CulturalDiffusion] inject 77,36 civ=0 culture=0 vitality=15.52 strength=0 stock=1 cap=0 
[2026-10-06 12:53:08]	[CulturalDiffusion] inject 81,18 civ=0 culture=0.59 vitality=27.28 strength=1.36 stock=86.8 cap=2713.39 
[2026-10-06 12:53:08]	[CulturalDiffusion] inject 79,39 civ=0 culture=0 vitality=18.92 strength=0 stock=1.27 cap=0 
[2026-10-06 12:53:08]	[CulturalDiffusion] inject 78,13 civ=0 culture=0.5 vitality=12.94 strength=0.93 stock=839.24 cap=1868.92 
[2026-10-06 12:53:08]	[CulturalDiffusion] inject 75,41 civ=0 culture=0.42 vitality=13.4 strength=0.84 stock=84.95 cap=1684.22 
[2026-10-06 12:53:08]	[CulturalDiffusion] inject 75,14 civ=0 culture=0 vitality=11.8 strength=0 stock=990.59 cap=0 
[2026-10-06 12:53:08]	[CulturalDiffusion] inject 71,44 civ=0 culture=0.47 vitality=22.81 strength=1.09 stock=84.18 cap=2185.53 
[2026-10-06 12:53:08]	[CulturalDiffusion] inject 71,39 civ=0 culture=0 vitality=10.47 strength=0 stock=1 cap=0 
[2026-10-06 12:53:08]	[CulturalDiffusion] inject 71,15 civ=0 culture=0 vitality=21.2 strength=0 stock=183.97 cap=0 
[2026-10-06 12:53:08]	[CulturalDiffusion] inject 72,10 civ=0 culture=2.4 vitality=12.32 strength=2.55 stock=106.74 cap=5096.23 
[2026-10-06 12:53:08]	[CulturalDiffusion] inject 68,19 civ=0 culture=4 vitality=32.81 strength=5 stock=155.72 cap=10001.4 
[2026-10-06 12:53:08]	[CulturalDiffusion] inject 67,41 civ=0 culture=15.96 vitality=71.89 strength=16.17 stock=517.64 cap=32349.64 
[2026-10-06 12:53:08]	[CulturalDiffusion] inject 67,35 civ=0 culture=2 vitality=27.4 strength=2.99 stock=114.8 cap=5984.06 
[2026-10-06 12:53:08]	[CulturalDiffusion] inject 71,33 civ=0 culture=0 vitality=22.9 strength=0 stock=1 cap=0 
[2026-10-06 12:53:08]	[CulturalDiffusion] inject 68,30 civ=0 culture=0 vitality=18.4 strength=0 stock=1 cap=0 
[2026-10-06 12:53:08]	[CulturalDiffusion] inject 64,19 civ=0 culture=4.42 vitality=19.14 strength=4.42 stock=143.08 cap=8834.57 
[2026-10-06 12:53:08]	[CulturalDiffusion] inject 64,45 civ=0 culture=5 vitality=35.67 strength=5.95 stock=184.58 cap=11905.24 
[2026-10-06 12:53:08]	[CulturalDiffusion] inject 64,26 civ=0 culture=2 vitality=16.3 strength=2.49 stock=107.24 cap=4989.41 
[2026-10-06 12:53:08]	[CulturalDiffusion] inject 62,32 civ=0 culture=1 vitality=19.3 strength=1.69 stock=92.09 cap=3373.33 
[2026-10-06 12:53:08]	[CulturalDiffusion] inject 64,14 civ=0 culture=8 vitality=42.06 strength=8.56 stock=242.73 cap=17118.89 
[2026-10-06 12:53:08]	[CulturalDiffusion] inject 60,50 civ=2 culture=10.65 vitality=15.68 strength=9.9 stock=338.71 cap=19796.13 
[2026-10-06 12:53:08]	[CulturalDiffusion] inject 67,50 civ=2 culture=2.21 vitality=4.77 strength=2.35 stock=130.7 cap=4691.17 
[2026-10-06 12:53:08]	[CulturalDiffusion] inject 74,52 civ=2 culture=72.6 vitality=36.35 strength=46.26 stock=3773.35 cap=92522.03 
[2026-10-06 12:53:08]	[CulturalDiffusion] inject 83,44 civ=4 culture=11 vitality=26.9 strength=21.45 stock=1833.07 cap=42907.64 
[2026-10-06 12:53:08]	[CulturalDiffusion] inject 79,47 civ=4 culture=11 vitality=32.57 strength=22.94 stock=993.29 cap=45878.99 
[2026-10-06 12:53:08]	[CulturalDiffusion] inject 75,48 civ=4 culture=16.5 vitality=45.32 strength=33.52 stock=2579.8 cap=67036.15 
[2026-10-06 12:53:08]	[CulturalDiffusion] frontier city=65536 ring=4 best=2513.6 bar=375 over=3/23 center=4859.16 
[2026-10-06 12:53:08]	[CulturalDiffusion] frontier city=131073 ring=4 best=3608.05 bar=375 over=13/24 center=657.05 
[2026-10-06 12:53:08]	[CulturalDiffusion] frontier city=196610 ring=4 best=3608.05 bar=375 over=14/24 center=264.16 
[2026-10-06 12:53:08]	[CulturalDiffusion] frontier city=262147 ring=4 best=3608.05 bar=375 over=12/24 center=548.68 
[2026-10-06 12:53:08]	[CulturalDiffusion] frontier city=327684 ring=4 best=2513.6 bar=375 over=11/19 center=116.95 
[2026-10-06 12:53:08]	[CulturalDiffusion] frontier city=393221 ring=4 best=3608.05 bar=375 over=7/24 center=103.62 
[2026-10-06 12:53:08]	[CulturalDiffusion] frontier city=458758 ring=4 best=3608.05 bar=375 over=10/24 center=376.22 
[2026-10-06 12:53:08]	[CulturalDiffusion] frontier city=524295 ring=4 best=376.22 bar=375 over=1/24 center=95.85 
[2026-10-06 12:53:08]	[CulturalDiffusion] frontier city=589832 ring=4 best=698.87 bar=375 over=1/24 center=146.88 
[2026-10-06 12:53:08]	[CulturalDiffusion] frontier city=655369 ring=4 best=1.27 bar=375 over=0/24 center=1 
[2026-10-06 12:53:08]	[CulturalDiffusion] frontier city=720906 ring=4 best=3608.05 bar=375 over=12/24 center=86.8 
[2026-10-06 12:53:08]	[CulturalDiffusion] frontier city=786443 ring=4 best=1 bar=375 over=0/24 center=1.27 
[2026-10-06 12:53:08]	[CulturalDiffusion] frontier city=851980 ring=4 best=3608.05 bar=375 over=9/24 center=839.24 
[2026-10-06 12:53:08]	[CulturalDiffusion] frontier city=917517 ring=4 best=1 bar=375 over=0/24 center=84.95 
[2026-10-06 12:53:08]	[CulturalDiffusion] frontier city=983054 ring=4 best=3608.05 bar=375 over=11/24 center=990.59 
[2026-10-06 12:53:08]	[CulturalDiffusion] frontier city=1048591 ring=4 best=51.16 bar=375 over=0/24 center=84.18 
[2026-10-06 12:53:08]	[CulturalDiffusion] frontier city=1114128 ring=4 best=104.37 bar=375 over=0/24 center=1 
[2026-10-06 12:53:08]	[CulturalDiffusion] frontier city=1179665 ring=4 best=3608.05 bar=375 over=7/24 center=183.97 
[2026-10-06 12:53:08]	[CulturalDiffusion] frontier city=1245202 ring=4 best=396.23 bar=375 over=1/24 center=106.74 
[2026-10-06 12:53:08]	[CulturalDiffusion] frontier city=1310739 ring=4 best=2513.6 bar=375 over=4/24 center=155.72 
[2026-10-06 12:53:08]	[CulturalDiffusion] frontier city=1376276 ring=4 best=27.64 bar=375 over=0/24 center=517.64 
[2026-10-06 12:53:08]	[CulturalDiffusion] frontier city=1441813 ring=4 best=1 bar=375 over=0/24 center=114.8 
[2026-10-06 12:53:08]	[CulturalDiffusion] frontier city=1507350 ring=4 best=1 bar=375 over=0/24 center=1 
[2026-10-06 12:53:08]	[CulturalDiffusion] frontier city=1572887 ring=4 best=1 bar=375 over=0/24 center=1 
[2026-10-06 12:53:08]	[CulturalDiffusion] frontier city=1638424 ring=4 best=155.72 bar=375 over=0/24 center=143.08 
[2026-10-06 12:53:08]	[CulturalDiffusion] frontier city=1703961 ring=4 best=52.65 bar=375 over=0/24 center=184.58 
[2026-10-06 12:53:08]	[CulturalDiffusion] frontier city=1769498 ring=4 best=1 bar=375 over=0/24 center=107.24 
[2026-10-06 12:53:08]	[CulturalDiffusion] frontier city=1835035 ring=4 best=1 bar=375 over=0/24 center=92.09 
[2026-10-06 12:53:08]	[CulturalDiffusion] frontier city=1900572 ring=4 best=1 bar=375 over=0/24 center=242.73 
[2026-10-06 12:53:08]	[CulturalDiffusion] flip 83,28 -> player 0 via purchasePlot sent; pending confirmation next pass (was owner -1) 
[2026-10-06 12:53:08]	[CulturalDiffusion] flip 74,20 -> player 0 via purchasePlot sent; pending confirmation next pass (was owner -1) 
[2026-10-06 12:53:08]	[CulturalDiffusion] flip 74,19 -> player 0 via purchasePlot sent; pending confirmation next pass (was owner -1) 
[2026-10-06 12:53:08]	[CulturalDiffusion] flip 74,22 -> player 0 via purchasePlot sent; pending confirmation next pass (was owner -1) 
[2026-10-06 12:53:08]	[CulturalDiffusion] flip 74,18 -> player 0 via purchasePlot sent; pending confirmation next pass (was owner -1) 
[2026-10-06 12:53:08]	[CulturalDiffusion] flip 84,29 -> player 0 via purchasePlot sent; pending confirmation next pass (was owner -1) 
[2026-10-06 12:53:08]	[CulturalDiffusion] flip 83,29 -> player 0 via purchasePlot sent; pending confirmation next pass (was owner -1) 
[2026-10-06 12:53:08]	[CulturalDiffusion] flip 88,26 -> player 0 via purchasePlot sent; pending confirmation next pass (was owner -1) 
[2026-10-06 12:53:08]	[CulturalDiffusion] flip 85,41 -> player 4 via purchasePlot sent; pending confirmation next pass (was owner -1) 
[2026-10-06 12:53:08]	[CulturalDiffusion] flip 78,43 -> player 4 via purchasePlot sent; pending confirmation next pass (was owner -1) 
[2026-10-06 12:53:08]	[CulturalDiffusion] flip 89,42 -> player 4 via purchasePlot sent; pending confirmation next pass (was owner -1) 
[2026-10-06 12:53:08]	[CulturalDiffusion] flip 77,42 -> player 4 via purchasePlot sent; pending confirmation next pass (was owner 0) 
[2026-10-06 12:53:08]	[CulturalDiffusion] flip 74,47 -> player 2 via purchasePlot sent; pending confirmation next pass (was owner 4) 
[2026-10-06 12:53:08]	[CulturalDiffusion] flip 87,41 -> player 4 via purchasePlot sent; pending confirmation next pass (was owner 63) 
[2026-10-06 12:53:08]	[CulturalDiffusion] flip 88,41 -> player 4 via purchasePlot sent; pending confirmation next pass (was owner -1) 
[2026-10-06 12:53:08]	[CulturalDiffusion] flip 75,42 -> player 4 via purchasePlot sent; pending confirmation next pass (was owner 0) 
[2026-10-06 12:53:08]	[CulturalDiffusion] state bytes=33554 field=1089 claims=90 locked=90 passMs=70 
[2026-10-06 12:53:08]	[CulturalDiffusion] pass: 0 flip(s), 8 pending, 0 ceded (0 pending), 0 AI flip(s) (8 pending), 0 conquest(s) (0 pending), confirmed 16 claim/0 cede (0 dropped), 0 orphan(s) healed, 0 inner tile(s) released to base game, 1089 active field tile(s) 
[2026-10-06 12:53:08]	[CulturalDiffusion] pass (turn 73): flips=0 field tiles=111 
[2026-10-06 12:53:09]	[CDH] JSERR TypeError: Cannot read properties of null (reading 'cityId') @ fs://game/bz-map-trix/ui/lenses/layer/bz-religion-layer.js:50 
[2026-10-06 12:53:10]	[CDH] JSERR TypeError: Cannot read properties of null (reading 'cityId') @ fs://game/bz-map-trix/ui/lenses/layer/bz-religion-layer.js:50 
[2026-10-06 12:53:10]	[CDH] JSERR TypeError: Cannot read properties of null (reading 'cityId') @ fs://game/bz-map-trix/ui/lenses/layer/bz-religion-layer.js:50 
[2026-10-06 12:53:10]	[CDH] JSERR TypeError: Cannot read properties of null (reading 'cityId') @ fs://game/bz-map-trix/ui/lenses/layer/bz-religion-layer.js:50 
[2026-10-06 12:53:10]	[CDH] JSERR TypeError: Cannot read properties of null (reading 'cityId') @ fs://game/bz-map-trix/ui/lenses/layer/bz-religion-layer.js:50 
[2026-10-06 12:53:10]	[CDH] JSERR TypeError: Cannot read properties of null (reading 'cityId') @ fs://game/bz-map-trix/ui/lenses/layer/bz-religion-layer.js:50 
[2026-10-06 12:53:10]	[CDH] JSERR TypeError: Cannot read properties of null (reading 'cityId') @ fs://game/bz-map-trix/ui/lenses/layer/bz-religion-layer.js:50 
[2026-10-06 12:53:10]	[CDH] JSERR TypeError: Cannot read properties of null (reading 'cityId') @ fs://game/bz-map-trix/ui/lenses/layer/bz-religion-layer.js:50 
[2026-10-06 12:53:10]	[CDH] JSERR TypeError: Cannot read properties of null (reading 'cityId') @ fs://game/bz-map-trix/ui/lenses/layer/bz-religion-layer.js:50 
[2026-10-06 12:53:17]	[CDH] OBS T7: age=AGE_EXPLORATION turn=73 ownerChanges=16 missionaries=4 moved=4 idleWithMoves=1 gone=0 flipsNearMissionary=1 (district 1) onFlipped=0 jsErrors=63 amAuto=true 
[2026-10-06 12:53:17]	[CDH] OBS-NEAR T7: 74,47 4->2 URBAN 
[2026-10-06 12:53:17]	[CDH] UNITS T7: ?@75,48 mv=0 ch=1 ?@73,50 mv=4 ch=1 ?@86,43 mv=0 ch=? q ?@71,42 mv=0 ch=2 
[2026-10-06 12:53:17]	[CDH] INV T7: claims=90 stale=0 localInner=8 district=2 center=0 pending=16 bytes=33539 
[2026-10-06 12:53:17]	[CDH] BUY T7: had 4, bought 2 
[2026-10-06 12:53:19]	[CDH] JSERR Error: Expected this.unit to be non-null. @ fs://game/base-standard/ui/unit-flags/unit-flags.js:348 
[2026-10-06 12:53:20]	[CDH] JSERR Error: Expected this.unit to be non-null. @ fs://game/base-standard/ui/unit-flags/unit-flags.js:348 
[2026-10-06 12:53:20]	[CDH] JSERR Error: Expected this.unit to be non-null. @ fs://game/base-standard/ui/unit-flags/unit-flags.js:348 
[2026-10-06 12:53:20]	[CDH] JSERR Error: Expected this.unit to be non-null. @ fs://game/base-standard/ui/unit-flags/unit-flags.js:348 
[2026-10-06 12:53:29]	[CulturalDiffusion] notify: (83,28) unowned -> player 0 
[2026-10-06 12:53:29]	[CulturalDiffusion] pending 83,28 claim confirmed on the live map 
[2026-10-06 12:53:29]	[CulturalDiffusion] notify: (74,20) unowned -> player 0 
[2026-10-06 12:53:29]	[CulturalDiffusion] pending 74,20 claim confirmed on the live map 
[2026-10-06 12:53:29]	[CulturalDiffusion] notify: (74,19) unowned -> player 0 
[2026-10-06 12:53:29]	[CulturalDiffusion] pending 74,19 claim confirmed on the live map 
[2026-10-06 12:53:29]	[CulturalDiffusion] notify: (74,22) unowned -> player 0 
[2026-10-06 12:53:29]	[CulturalDiffusion] pending 74,22 claim confirmed on the live map 
[2026-10-06 12:53:29]	[CulturalDiffusion] notify: (74,18) unowned -> player 0 
[2026-10-06 12:53:29]	[CulturalDiffusion] pending 74,18 claim confirmed on the live map 
[2026-10-06 12:53:29]	[CulturalDiffusion] notify: (84,29) unowned -> player 0 
[2026-10-06 12:53:29]	[CulturalDiffusion] pending 84,29 claim confirmed on the live map 
[2026-10-06 12:53:29]	[CulturalDiffusion] notify: (83,29) unowned -> player 0 
[2026-10-06 12:53:29]	[CulturalDiffusion] pending 83,29 claim confirmed on the live map 
[2026-10-06 12:53:29]	[CulturalDiffusion] notify: (88,26) unowned -> player 0 
[2026-10-06 12:53:29]	[CulturalDiffusion] pending 88,26 claim confirmed on the live map 
[2026-10-06 12:53:29]	[CulturalDiffusion] notify: (85,41) unowned -> player 4 
[2026-10-06 12:53:29]	[CulturalDiffusion] pending 85,41 claim confirmed on the live map 
[2026-10-06 12:53:29]	[CulturalDiffusion] notify: (78,43) unowned -> player 4 
[2026-10-06 12:53:29]	[CulturalDiffusion] pending 78,43 claim confirmed on the live map 
[2026-10-06 12:53:29]	[CulturalDiffusion] notify: (89,42) unowned -> player 4 
[2026-10-06 12:53:29]	[CulturalDiffusion] pending 89,42 claim confirmed on the live map 
[2026-10-06 12:53:29]	[CulturalDiffusion] notify: (77,42) player 0 -> player 4 
[2026-10-06 12:53:29]	[CulturalDiffusion] pending 77,42 claim confirmed on the live map 
[2026-10-06 12:53:29]	[CulturalDiffusion] notify: (74,47) player 4 -> player 2 
[2026-10-06 12:53:29]	[CulturalDiffusion] pending 74,47 claim confirmed on the live map 
[2026-10-06 12:53:29]	[CulturalDiffusion] notify: (87,41) player 63 -> player 4 
[2026-10-06 12:53:29]	[CulturalDiffusion] pending 87,41 claim confirmed on the live map 
[2026-10-06 12:53:29]	[CulturalDiffusion] notify: (88,41) unowned -> player 4 
[2026-10-06 12:53:29]	[CulturalDiffusion] pending 88,41 claim confirmed on the live map 
[2026-10-06 12:53:29]	[CulturalDiffusion] notify: (75,42) player 0 -> player 4 
[2026-10-06 12:53:29]	[CulturalDiffusion] pending 75,42 claim confirmed on the live map 
[2026-10-06 12:53:29]	[CulturalDiffusion] inject 92,32 civ=0 culture=114.4 vitality=106.83 strength=67.19 stock=6439.31 cap=134389.48 
[2026-10-06 12:53:29]	[CulturalDiffusion] inject 86,20 civ=0 culture=11.5 vitality=51.11 strength=11.66 stock=909.4 cap=23327.57 
[2026-10-06 12:53:29]	[CulturalDiffusion] inject 77,21 civ=0 culture=0 vitality=23.88 strength=0 stock=326.89 cap=0 
[2026-10-06 12:53:29]	[CulturalDiffusion] inject 82,23 civ=0 culture=0.6 vitality=18.92 strength=1.21 stock=666.27 cap=2420.11 
[2026-10-06 12:53:29]	[CulturalDiffusion] inject 93,26 civ=0 culture=3.6 vitality=9.76 strength=3.07 stock=132.97 cap=6143.06 
[2026-10-06 12:53:29]	[CulturalDiffusion] inject 80,31 civ=0 culture=1.6 vitality=21.3 strength=2.38 stock=116.84 cap=4767.08 
[2026-10-06 12:53:29]	[CulturalDiffusion] inject 87,32 civ=0 culture=17.4 vitality=29.88 strength=12.65 stock=461.44 cap=25300.33 
[2026-10-06 12:53:29]	[CulturalDiffusion] inject 84,35 civ=0 culture=1 vitality=27.75 strength=1.93 stock=107.36 cap=3850.22 
[2026-10-06 12:53:29]	[CulturalDiffusion] inject 90,37 civ=0 culture=3.75 vitality=16.21 strength=3.77 stock=166.21 cap=7532.15 
[2026-10-06 12:53:29]	[CulturalDiffusion] inject 77,36 civ=0 culture=0 vitality=15.52 strength=0 stock=1 cap=0 
[2026-10-06 12:53:29]	[CulturalDiffusion] inject 81,18 civ=0 culture=0.59 vitality=27.28 strength=1.36 stock=96.38 cap=2727.36 
[2026-10-06 12:53:29]	[CulturalDiffusion] inject 79,39 civ=0 culture=0 vitality=18.92 strength=0 stock=1 cap=0 
[2026-10-06 12:53:29]	[CulturalDiffusion] inject 78,13 civ=0 culture=0.5 vitality=12.94 strength=0.94 stock=932.3 cap=1878.55 
[2026-10-06 12:53:29]	[CulturalDiffusion] inject 75,41 civ=0 culture=0.42 vitality=13.4 strength=0.85 stock=95.72 cap=1692.89 
[2026-10-06 12:53:29]	[CulturalDiffusion] inject 75,14 civ=0 culture=0 vitality=11.8 strength=0 stock=1206.79 cap=0 
[2026-10-06 12:53:29]	[CulturalDiffusion] inject 71,44 civ=0 culture=2.84 vitality=24.1 strength=3.61 stock=103.35 cap=7215.79 
[2026-10-06 12:53:29]	[CulturalDiffusion] inject 71,39 civ=0 culture=0 vitality=10.47 strength=0 stock=1 cap=0 
[2026-10-06 12:53:29]	[CulturalDiffusion] inject 71,15 civ=0 culture=0 vitality=21.2 strength=0 stock=260.63 cap=0 
[2026-10-06 12:53:29]	[CulturalDiffusion] inject 72,10 civ=0 culture=2.4 vitality=12.32 strength=2.56 stock=120.65 cap=5122.46 
[2026-10-06 12:53:29]	[CulturalDiffusion] inject 68,19 civ=0 culture=4 vitality=32.81 strength=5.03 stock=181.22 cap=10052.89 
[2026-10-06 12:53:29]	[CulturalDiffusion] inject 67,41 civ=0 culture=15.96 vitality=71.89 strength=16.26 stock=644.02 cap=32516.18 
[2026-10-06 12:53:29]	[CulturalDiffusion] inject 67,35 civ=0 culture=2 vitality=28.75 strength=3.06 stock=130.75 cap=6116.97 
[2026-10-06 12:53:29]	[CulturalDiffusion] inject 71,33 civ=0 culture=0 vitality=22.9 strength=0 stock=1 cap=0 
[2026-10-06 12:53:29]	[CulturalDiffusion] inject 68,30 civ=0 culture=0 vitality=18.4 strength=0 stock=1 cap=0 
[2026-10-06 12:53:29]	[CulturalDiffusion] inject 64,19 civ=0 culture=4.42 vitality=19.14 strength=4.44 stock=165.5 cap=8880.05 
[2026-10-06 12:53:29]	[CulturalDiffusion] inject 64,45 civ=0 culture=5 vitality=35.67 strength=5.98 stock=218.24 cap=11966.53 
[2026-10-06 12:53:29]	[CulturalDiffusion] inject 64,26 civ=0 culture=2 vitality=16.3 strength=2.51 stock=120.93 cap=5015.09 
[2026-10-06 12:53:29]	[CulturalDiffusion] inject 62,32 civ=0 culture=1 vitality=19.3 strength=1.7 stock=102.79 cap=3390.69 
[2026-10-06 12:53:29]	[CulturalDiffusion] inject 64,14 civ=0 culture=8 vitality=42.56 strength=8.64 stock=291.72 cap=17278.33 
[2026-10-06 12:53:29]	[CulturalDiffusion] inject 60,50 civ=2 culture=10.65 vitality=16 strength=10.28 stock=404.02 cap=20553.07 
[2026-10-06 12:53:29]	[CulturalDiffusion] inject 67,50 civ=2 culture=2.21 vitality=4.99 strength=2.46 stock=144.04 cap=4913.41 
[2026-10-06 12:53:29]	[CulturalDiffusion] inject 74,52 civ=2 culture=72.6 vitality=38.33 strength=48.59 stock=4749.58 cap=97171.86 
[2026-10-06 12:53:29]	[CulturalDiffusion] inject 83,44 civ=4 culture=11 vitality=26.9 strength=21.45 stock=2106.06 cap=42895.88 
[2026-10-06 12:53:29]	[CulturalDiffusion] inject 79,47 civ=4 culture=11 vitality=32.57 strength=22.93 stock=1232.71 cap=45866.42 
[2026-10-06 12:53:29]	[CulturalDiffusion] inject 75,48 civ=4 culture=16.5 vitality=45.32 strength=33.51 stock=3135.94 cap=67017.78 
[2026-10-06 12:53:29]	[CulturalDiffusion] frontier city=65536 ring=4 best=2386.92 bar=375 over=3/23 center=6439.31 
[2026-10-06 12:53:29]	[CulturalDiffusion] frontier city=131073 ring=4 best=3426.65 bar=375 over=13/24 center=909.4 
[2026-10-06 12:53:29]	[CulturalDiffusion] frontier city=196610 ring=4 best=3426.65 bar=375 over=14/24 center=326.89 
[2026-10-06 12:53:29]	[CulturalDiffusion] frontier city=262147 ring=4 best=3426.65 bar=375 over=11/24 center=666.27 
[2026-10-06 12:53:29]	[CulturalDiffusion] frontier city=327684 ring=4 best=2386.92 bar=375 over=11/19 center=132.97 
[2026-10-06 12:53:29]	[CulturalDiffusion] frontier city=393221 ring=4 best=3426.65 bar=375 over=7/24 center=116.84 
[2026-10-06 12:53:29]	[CulturalDiffusion] frontier city=458758 ring=4 best=3426.65 bar=375 over=10/24 center=461.44 
[2026-10-06 12:53:29]	[CulturalDiffusion] frontier city=524295 ring=4 best=461.44 bar=375 over=1/24 center=107.36 
[2026-10-06 12:53:29]	[CulturalDiffusion] frontier city=589832 ring=4 best=971.83 bar=375 over=2/24 center=166.21 
[2026-10-06 12:53:29]	[CulturalDiffusion] frontier city=655369 ring=4 best=1 bar=375 over=0/24 center=1 
[2026-10-06 12:53:29]	[CulturalDiffusion] frontier city=720906 ring=4 best=3426.65 bar=375 over=14/24 center=96.38 
[2026-10-06 12:53:29]	[CulturalDiffusion] frontier city=786443 ring=4 best=1 bar=375 over=0/24 center=1 
[2026-10-06 12:53:29]	[CulturalDiffusion] frontier city=851980 ring=4 best=3426.65 bar=375 over=9/24 center=932.3 
[2026-10-06 12:53:29]	[CulturalDiffusion] frontier city=917517 ring=4 best=1 bar=375 over=0/24 center=95.72 
[2026-10-06 12:53:29]	[CulturalDiffusion] frontier city=983054 ring=4 best=3426.65 bar=375 over=11/24 center=1206.79 
[2026-10-06 12:53:29]	[CulturalDiffusion] frontier city=1048591 ring=4 best=85.95 bar=375 over=0/24 center=103.35 
[2026-10-06 12:53:29]	[CulturalDiffusion] frontier city=1114128 ring=4 best=149.84 bar=375 over=0/24 center=1 
[2026-10-06 12:53:29]	[CulturalDiffusion] frontier city=1179665 ring=4 best=3426.65 bar=375 over=7/24 center=260.63 
[2026-10-06 12:53:29]	[CulturalDiffusion] frontier city=1245202 ring=4 best=482.72 bar=375 over=1/24 center=120.65 
[2026-10-06 12:53:29]	[CulturalDiffusion] frontier city=1310739 ring=4 best=2386.92 bar=375 over=4/24 center=181.22 
[2026-10-06 12:53:29]	[CulturalDiffusion] frontier city=1376276 ring=4 best=44.61 bar=375 over=0/24 center=644.02 
[2026-10-06 12:53:29]	[CulturalDiffusion] frontier city=1441813 ring=4 best=1 bar=375 over=0/24 center=130.75 
[2026-10-06 12:53:29]	[CulturalDiffusion] frontier city=1507350 ring=4 best=1 bar=375 over=0/24 center=1 
[2026-10-06 12:53:29]	[CulturalDiffusion] frontier city=1572887 ring=4 best=13.06 bar=375 over=0/24 center=1 
[2026-10-06 12:53:29]	[CulturalDiffusion] frontier city=1638424 ring=4 best=181.22 bar=375 over=0/24 center=165.5 
[2026-10-06 12:53:29]	[CulturalDiffusion] frontier city=1703961 ring=4 best=85.95 bar=375 over=0/24 center=218.24 
[2026-10-06 12:53:29]	[CulturalDiffusion] frontier city=1769498 ring=4 best=1 bar=375 over=0/24 center=120.93 
[2026-10-06 12:53:29]	[CulturalDiffusion] frontier city=1835035 ring=4 best=1 bar=375 over=0/24 center=102.79 
[2026-10-06 12:53:29]	[CulturalDiffusion] frontier city=1900572 ring=4 best=1 bar=375 over=0/24 center=291.72 
[2026-10-06 12:53:29]	[CulturalDiffusion] flip 75,18 -> player 0 via purchasePlot sent; pending confirmation next pass (was owner -1) 
[2026-10-06 12:53:29]	[CulturalDiffusion] flip 74,23 -> player 0 via purchasePlot sent; pending confirmation next pass (was owner -1) 
[2026-10-06 12:53:29]	[CulturalDiffusion] flip 86,27 -> player 0 via purchasePlot sent; pending confirmation next pass (was owner -1) 
[2026-10-06 12:53:29]	[CulturalDiffusion] flip 79,26 -> player 0 via purchasePlot sent; pending confirmation next pass (was owner -1) 
[2026-10-06 12:53:29]	[CulturalDiffusion] flip 78,26 -> player 0 via purchasePlot sent; pending confirmation next pass (was owner -1) 
[2026-10-06 12:53:29]	[CulturalDiffusion] flip 73,20 -> player 0 via purchasePlot sent; pending confirmation next pass (was owner -1) 
[2026-10-06 12:53:29]	[CulturalDiffusion] flip 73,23 -> player 0 via purchasePlot sent; pending confirmation next pass (was owner -1) 
[2026-10-06 12:53:29]	[CulturalDiffusion] flip 73,22 -> player 0 via purchasePlot sent; pending confirmation next pass (was owner -1) 
[2026-10-06 12:53:29]	[CulturalDiffusion] flip 85,40 -> player 4 via purchasePlot sent; pending confirmation next pass (was owner -1) 
[2026-10-06 12:53:29]	[CulturalDiffusion] flip 79,43 -> player 4 via purchasePlot sent; pending confirmation next pass (was owner -1) 
[2026-10-06 12:53:29]	[CulturalDiffusion] flip 76,41 -> player 4 via purchasePlot sent; pending confirmation next pass (was owner 0) 
[2026-10-06 12:53:29]	[CulturalDiffusion] flip 75,46 -> player 2 via purchasePlot sent; pending confirmation next pass (was owner 4) 
[2026-10-06 12:53:29]	[CulturalDiffusion] flip 74,46 -> player 2 via purchasePlot sent; pending confirmation next pass (was owner 4) 
[2026-10-06 12:53:29]	[CulturalDiffusion] state bytes=35367 field=1090 claims=106 locked=106 passMs=61 
[2026-10-06 12:53:29]	[CulturalDiffusion] pass: 0 flip(s), 8 pending, 0 ceded (0 pending), 0 AI flip(s) (5 pending), 0 conquest(s) (0 pending), confirmed 16 claim/0 cede (0 dropped), 0 orphan(s) healed, 0 inner tile(s) released to base game, 1090 active field tile(s) 
[2026-10-06 12:53:29]	[CulturalDiffusion] pass (turn 74): flips=0 field tiles=144 
[2026-10-06 12:53:30]	[CDH] TURN k=8 turn=74 age=AGE_EXPLORATION blocker=NEW_POPULATION 
[2026-10-06 12:53:31]	[CDH] JSERR TypeError: Cannot read properties of null (reading 'cityId') @ fs://game/bz-map-trix/ui/lenses/layer/bz-religion-layer.js:50 
[2026-10-06 12:53:31]	[CDH] JSERR TypeError: Cannot read properties of null (reading 'cityId') @ fs://game/bz-map-trix/ui/lenses/layer/bz-religion-layer.js:50 
[2026-10-06 12:53:31]	[CDH] JSERR TypeError: Cannot read properties of null (reading 'cityId') @ fs://game/bz-map-trix/ui/lenses/layer/bz-religion-layer.js:50 
[2026-10-06 12:53:31]	[CDH] JSERR TypeError: Cannot read properties of null (reading 'cityId') @ fs://game/bz-map-trix/ui/lenses/layer/bz-religion-layer.js:50 
[2026-10-06 12:53:31]	[CDH] JSERR TypeError: Cannot read properties of null (reading 'cityId') @ fs://game/bz-map-trix/ui/lenses/layer/bz-religion-layer.js:50 
[2026-10-06 12:53:39]	[CDH] OBS T8: age=AGE_EXPLORATION turn=74 ownerChanges=13 missionaries=5 moved=5 idleWithMoves=1 gone=0 flipsNearMissionary=0 (district 0) onFlipped=0 jsErrors=72 amAuto=true 
[2026-10-06 12:53:39]	[CDH] UNITS T8: ?@73,50 mv=4 ch=1 ?@86,45 mv=0 ch=? q ?@69,43 mv=0 ch=2 ?@74,40 mv=0 ch=? q ?@64,45 mv=0 ch=2 
[2026-10-06 12:53:39]	[CDH] INV T8: claims=106 stale=0 localInner=10 district=3 center=0 pending=13 bytes=35352 
[2026-10-06 12:53:39]	[CDH] BUY T8: had 5, bought 1 
[2026-10-06 12:53:45]	[CDH] JSERR Error: Expected this.unit to be non-null. @ fs://game/base-standard/ui/unit-flags/unit-flags.js:348 
[2026-10-06 12:53:45]	[CDH] JSERR Error: Expected this.unit to be non-null. @ fs://game/base-standard/ui/unit-flags/unit-flags.js:348 
[2026-10-06 12:53:45]	[CDH] JSERR Error: Expected this.unit to be non-null. @ fs://game/base-standard/ui/unit-flags/unit-flags.js:348 
[2026-10-06 12:53:45]	[CDH] JSERR Error: Expected this.unit to be non-null. @ fs://game/base-standard/ui/unit-flags/unit-flags.js:348 
[2026-10-06 12:53:45]	[CDH] JSERR Error: Expected this.unit to be non-null. @ fs://game/base-standard/ui/unit-flags/unit-flags.js:348 
[2026-10-06 12:53:53]	[CDH] TURN k=9 turn=75 age=AGE_EXPLORATION blocker=NEW_POPULATION 
[2026-10-06 12:53:53]	[CulturalDiffusion] notify: (75,18) unowned -> player 0 
[2026-10-06 12:53:53]	[CulturalDiffusion] pending 75,18 claim confirmed on the live map 
[2026-10-06 12:53:53]	[CulturalDiffusion] notify: (74,23) unowned -> player 0 
[2026-10-06 12:53:53]	[CulturalDiffusion] pending 74,23 claim confirmed on the live map 
[2026-10-06 12:53:53]	[CulturalDiffusion] notify: (86,27) unowned -> player 0 
[2026-10-06 12:53:53]	[CulturalDiffusion] pending 86,27 claim confirmed on the live map 
[2026-10-06 12:53:53]	[CulturalDiffusion] notify: (79,26) unowned -> player 0 
[2026-10-06 12:53:53]	[CulturalDiffusion] pending 79,26 claim confirmed on the live map 
[2026-10-06 12:53:53]	[CulturalDiffusion] notify: (78,26) unowned -> player 0 
[2026-10-06 12:53:53]	[CulturalDiffusion] pending 78,26 claim confirmed on the live map 
[2026-10-06 12:53:53]	[CulturalDiffusion] notify: (73,20) unowned -> player 0 
[2026-10-06 12:53:53]	[CulturalDiffusion] pending 73,20 claim confirmed on the live map 
[2026-10-06 12:53:53]	[CulturalDiffusion] notify: (73,23) unowned -> player 0 
[2026-10-06 12:53:53]	[CulturalDiffusion] pending 73,23 claim confirmed on the live map 
[2026-10-06 12:53:53]	[CulturalDiffusion] notify: (73,22) unowned -> player 0 
[2026-10-06 12:53:53]	[CulturalDiffusion] pending 73,22 claim confirmed on the live map 
[2026-10-06 12:53:53]	[CulturalDiffusion] notify: (85,40) unowned -> player 4 
[2026-10-06 12:53:53]	[CulturalDiffusion] pending 85,40 claim confirmed on the live map 
[2026-10-06 12:53:53]	[CulturalDiffusion] notify: (79,43) unowned -> player 4 
[2026-10-06 12:53:53]	[CulturalDiffusion] pending 79,43 claim confirmed on the live map 
[2026-10-06 12:53:53]	[CulturalDiffusion] notify: (76,41) player 0 -> player 4 
[2026-10-06 12:53:53]	[CulturalDiffusion] pending 76,41 claim confirmed on the live map 
[2026-10-06 12:53:53]	[CulturalDiffusion] notify: (75,46) player 4 -> player 2 
[2026-10-06 12:53:53]	[CulturalDiffusion] pending 75,46 claim confirmed on the live map 
[2026-10-06 12:53:53]	[CulturalDiffusion] notify: (74,46) player 4 -> player 2 
[2026-10-06 12:53:53]	[CulturalDiffusion] pending 74,46 claim confirmed on the live map 
[2026-10-06 12:53:53]	[CulturalDiffusion] inject 92,32 civ=0 culture=114.4 vitality=106.83 strength=109.96 stock=9543.87 cap=219926.37 
[2026-10-06 12:53:53]	[CulturalDiffusion] inject 86,20 civ=0 culture=10.3 vitality=46.25 strength=17.16 stock=1092.33 cap=34317.74 
[2026-10-06 12:53:53]	[CulturalDiffusion] inject 77,21 civ=0 culture=0 vitality=23.88 strength=0 stock=341.91 cap=0 
[2026-10-06 12:53:53]	[CulturalDiffusion] inject 82,23 civ=0 culture=0.6 vitality=18.92 strength=1.98 stock=713.62 cap=3960.48 
[2026-10-06 12:53:53]	[CulturalDiffusion] inject 93,26 civ=0 culture=3.6 vitality=9.76 strength=5.03 stock=157.77 cap=10053.03 
[2026-10-06 12:53:53]	[CulturalDiffusion] inject 80,31 civ=0 culture=1.6 vitality=21.3 strength=3.9 stock=172.6 cap=7801.25 
[2026-10-06 12:53:53]	[CulturalDiffusion] inject 87,32 civ=0 culture=17.4 vitality=29.88 strength=20.7 stock=619.6 cap=41403.62 
[2026-10-06 12:53:53]	[CulturalDiffusion] inject 84,35 civ=0 culture=1 vitality=27.75 strength=3.15 stock=123.63 cap=6300.83 
[2026-10-06 12:53:53]	[CulturalDiffusion] inject 90,37 civ=0 culture=3.75 vitality=16.21 strength=6.16 stock=197.67 cap=12326.25 
[2026-10-06 12:53:53]	[CulturalDiffusion] inject 77,36 civ=0 culture=0 vitality=15.52 strength=0 stock=1 cap=0 
[2026-10-06 12:53:53]	[CulturalDiffusion] inject 81,18 civ=0 culture=0.54 vitality=24.78 strength=2.04 stock=108.3 cap=4072.02 
[2026-10-06 12:53:53]	[CulturalDiffusion] inject 79,39 civ=0 culture=0 vitality=18.92 strength=0 stock=1.47 cap=0 
[2026-10-06 12:53:53]	[CulturalDiffusion] inject 78,13 civ=0 culture=0.5 vitality=12.94 strength=1.54 stock=912.86 cap=3074.21 
[2026-10-06 12:53:53]	[CulturalDiffusion] inject 75,41 civ=0 culture=0.42 vitality=13.4 strength=1.39 stock=108.53 cap=2770.39 
[2026-10-06 12:53:53]	[CulturalDiffusion] inject 75,14 civ=0 culture=0 vitality=11.8 strength=0 stock=1282.16 cap=0 
[2026-10-06 12:53:53]	[CulturalDiffusion] inject 71,44 civ=0 culture=2.84 vitality=24.1 strength=5.9 stock=132.81 cap=11808.53 
[2026-10-06 12:53:53]	[CulturalDiffusion] inject 71,39 civ=0 culture=0 vitality=10.47 strength=0 stock=1 cap=0 
[2026-10-06 12:53:53]	[CulturalDiffusion] inject 71,15 civ=0 culture=0 vitality=21.2 strength=0 stock=344.91 cap=0 
[2026-10-06 12:53:53]	[CulturalDiffusion] inject 72,10 civ=0 culture=2.4 vitality=12.32 strength=4.19 stock=141.45 cap=8382.84 
[2026-10-06 12:53:53]	[CulturalDiffusion] inject 68,19 civ=0 culture=4 vitality=32.81 strength=8.23 stock=224.05 cap=16451.4 
[2026-10-06 12:53:53]	[CulturalDiffusion] inject 67,41 civ=0 culture=20.8 vitality=72.89 strength=31.76 stock=932.97 cap=63517.17 
[2026-10-06 12:53:53]	[CulturalDiffusion] inject 67,35 civ=0 culture=2 vitality=28.75 strength=5.01 stock=155.38 cap=10010.33 
[2026-10-06 12:53:53]	[CulturalDiffusion] inject 71,33 civ=0 culture=0 vitality=22.9 strength=0 stock=1 cap=0 
[2026-10-06 12:53:53]	[CulturalDiffusion] inject 68,30 civ=0 culture=0 vitality=18.4 strength=0 stock=1 cap=0 
[2026-10-06 12:53:53]	[CulturalDiffusion] inject 64,19 civ=0 culture=4.42 vitality=19.14 strength=7.27 stock=202.42 cap=14532.06 
[2026-10-06 12:53:53]	[CulturalDiffusion] inject 64,45 civ=0 culture=5 vitality=35.67 strength=9.79 stock=275.44 cap=19583.05 
[2026-10-06 12:53:53]	[CulturalDiffusion] inject 64,26 civ=0 culture=2 vitality=16.3 strength=4.1 stock=141.36 cap=8207.12 
[2026-10-06 12:53:53]	[CulturalDiffusion] inject 62,32 civ=0 culture=1 vitality=19.3 strength=2.77 stock=117.55 cap=5548.82 
[2026-10-06 12:53:53]	[CulturalDiffusion] inject 64,14 civ=0 culture=8 vitality=42.56 strength=14.14 stock=379.66 cap=28275.73 
[2026-10-06 12:53:53]	[CulturalDiffusion] inject 60,50 civ=2 culture=10.65 vitality=15.68 strength=9.84 stock=469.41 cap=19677.15 
[2026-10-06 12:53:53]	[CulturalDiffusion] inject 67,50 civ=2 culture=2.21 vitality=4.77 strength=2.33 stock=156.68 cap=4662.98 
[2026-10-06 12:53:53]	[CulturalDiffusion] inject 74,52 civ=2 culture=72.6 vitality=39.65 strength=47.4 stock=5786.37 cap=94806.76 
[2026-10-06 12:53:53]	[CulturalDiffusion] inject 83,44 civ=4 culture=11 vitality=27.23 strength=17.26 stock=2316.57 cap=34523.47 
[2026-10-06 12:53:53]	[CulturalDiffusion] inject 79,47 civ=4 culture=11 vitality=32.9 strength=18.44 stock=1431.14 cap=36886.94 
[2026-10-06 12:53:53]	[CulturalDiffusion] inject 75,48 civ=4 culture=16.5 vitality=45.65 strength=26.92 stock=3588.07 cap=53844.12 
[2026-10-06 12:53:53]	[CulturalDiffusion] frontier city=65536 ring=4 best=2266.58 bar=375 over=3/23 center=9543.87 
[2026-10-06 12:53:53]	[CulturalDiffusion] frontier city=131073 ring=4 best=3254.32 bar=375 over=13/24 center=1092.33 
[2026-10-06 12:53:53]	[CulturalDiffusion] frontier city=196610 ring=4 best=3254.32 bar=375 over=14/24 center=341.91 
[2026-10-06 12:53:53]	[CulturalDiffusion] frontier city=262147 ring=4 best=3254.32 bar=375 over=11/24 center=713.62 
[2026-10-06 12:53:53]	[CulturalDiffusion] frontier city=327684 ring=4 best=2266.58 bar=375 over=11/19 center=157.77 
[2026-10-06 12:53:53]	[CulturalDiffusion] frontier city=393221 ring=4 best=3254.32 bar=375 over=7/24 center=172.6 
[2026-10-06 12:53:53]	[CulturalDiffusion] frontier city=458758 ring=4 best=3254.32 bar=375 over=11/24 center=619.6 
[2026-10-06 12:53:53]	[CulturalDiffusion] frontier city=524295 ring=4 best=619.6 bar=375 over=1/24 center=123.63 
[2026-10-06 12:53:53]	[CulturalDiffusion] frontier city=589832 ring=4 best=1287.86 bar=375 over=3/24 center=197.67 
[2026-10-06 12:53:53]	[CulturalDiffusion] frontier city=655369 ring=4 best=1.47 bar=375 over=0/24 center=1 
[2026-10-06 12:53:53]	[CulturalDiffusion] frontier city=720906 ring=4 best=3254.32 bar=375 over=14/24 center=108.3 
[2026-10-06 12:53:53]	[CulturalDiffusion] frontier city=786443 ring=4 best=1 bar=375 over=0/24 center=1.47 
[2026-10-06 12:53:53]	[CulturalDiffusion] frontier city=851980 ring=4 best=3254.32 bar=375 over=9/24 center=912.86 
[2026-10-06 12:53:53]	[CulturalDiffusion] frontier city=917517 ring=4 best=1 bar=375 over=0/24 center=108.53 
[2026-10-06 12:53:53]	[CulturalDiffusion] frontier city=983054 ring=4 best=3254.32 bar=375 over=11/24 center=1282.16 
[2026-10-06 12:53:53]	[CulturalDiffusion] frontier city=1048591 ring=4 best=129.15 bar=375 over=0/24 center=132.81 
[2026-10-06 12:53:53]	[CulturalDiffusion] frontier city=1114128 ring=4 best=206.71 bar=375 over=0/24 center=1 
[2026-10-06 12:53:53]	[CulturalDiffusion] frontier city=1179665 ring=4 best=3254.32 bar=375 over=7/24 center=344.91 
[2026-10-06 12:53:53]	[CulturalDiffusion] frontier city=1245202 ring=4 best=512.87 bar=375 over=1/24 center=141.45 
[2026-10-06 12:53:53]	[CulturalDiffusion] frontier city=1310739 ring=4 best=2266.58 bar=375 over=5/24 center=224.05 
[2026-10-06 12:53:53]	[CulturalDiffusion] frontier city=1376276 ring=4 best=64.35 bar=375 over=0/24 center=932.97 
[2026-10-06 12:53:53]	[CulturalDiffusion] frontier city=1441813 ring=4 best=1 bar=375 over=0/24 center=155.38 
[2026-10-06 12:53:53]	[CulturalDiffusion] frontier city=1507350 ring=4 best=1 bar=375 over=0/24 center=1 
[2026-10-06 12:53:53]	[CulturalDiffusion] frontier city=1572887 ring=4 best=27.44 bar=375 over=0/24 center=1 
[2026-10-06 12:53:53]	[CulturalDiffusion] frontier city=1638424 ring=4 best=224.05 bar=375 over=0/24 center=202.42 
[2026-10-06 12:53:53]	[CulturalDiffusion] frontier city=1703961 ring=4 best=129.15 bar=375 over=0/24 center=275.44 
[2026-10-06 12:53:53]	[CulturalDiffusion] frontier city=1769498 ring=4 best=1 bar=375 over=0/24 center=141.36 
[2026-10-06 12:53:53]	[CulturalDiffusion] frontier city=1835035 ring=4 best=1 bar=375 over=0/24 center=117.55 
[2026-10-06 12:53:53]	[CulturalDiffusion] frontier city=1900572 ring=4 best=1 bar=375 over=0/24 center=379.66 
[2026-10-06 12:53:53]	[CulturalDiffusion] flip 75,24 -> player 0 via purchasePlot sent; pending confirmation next pass (was owner -1) 
[2026-10-06 12:53:53]	[CulturalDiffusion] flip 74,24 -> player 0 via purchasePlot sent; pending confirmation next pass (was owner -1) 
[2026-10-06 12:53:53]	[CulturalDiffusion] flip 71,23 -> player 0 via purchasePlot sent; pending confirmation next pass (was owner -1) 
[2026-10-06 12:53:53]	[CulturalDiffusion] flip 87,26 -> player 0 via purchasePlot sent; pending confirmation next pass (was owner -1) 
[2026-10-06 12:53:53]	[CulturalDiffusion] flip 73,24 -> player 0 via purchasePlot sent; pending confirmation next pass (was owner -1) 
[2026-10-06 12:53:53]	[CulturalDiffusion] flip 72,23 -> player 0 via purchasePlot sent; pending confirmation next pass (was owner -1) 
[2026-10-06 12:53:53]	[CulturalDiffusion] flip 84,40 -> player 4 via purchasePlot sent; pending confirmation next pass (was owner -1) 
[2026-10-06 12:53:53]	[CulturalDiffusion] flip 80,42 -> player 4 via purchasePlot sent; pending confirmation next pass (was owner 0) 
[2026-10-06 12:53:53]	[CulturalDiffusion] flip 90,44 -> player 4 via purchasePlot sent; pending confirmation next pass (was owner -1) 
[2026-10-06 12:53:53]	[CulturalDiffusion] state bytes=36037 field=1091 claims=119 locked=119 passMs=58 
[2026-10-06 12:53:53]	[CulturalDiffusion] pass: 0 flip(s), 6 pending, 0 ceded (0 pending), 0 AI flip(s) (3 pending), 0 conquest(s) (0 pending), confirmed 13 claim/0 cede (0 dropped), 0 orphan(s) healed, 0 inner tile(s) released to base game, 1091 active field tile(s) 
[2026-10-06 12:53:53]	[CulturalDiffusion] pass (turn 75): flips=0 field tiles=252 
[2026-10-06 12:53:55]	[CDH] JSERR TypeError: Cannot read properties of null (reading 'cityId') @ fs://game/bz-map-trix/ui/lenses/layer/bz-religion-layer.js:50 
[2026-10-06 12:53:55]	[CDH] JSERR TypeError: Cannot read properties of null (reading 'cityId') @ fs://game/bz-map-trix/ui/lenses/layer/bz-religion-layer.js:50 
[2026-10-06 12:53:55]	[CDH] JSERR TypeError: Cannot read properties of null (reading 'cityId') @ fs://game/bz-map-trix/ui/lenses/layer/bz-religion-layer.js:50 
[2026-10-06 12:54:02]	[CDH] OBS T9: age=AGE_EXPLORATION turn=75 ownerChanges=10 missionaries=6 moved=5 idleWithMoves=1 gone=0 flipsNearMissionary=0 (district 0) onFlipped=0 jsErrors=80 amAuto=true 
[2026-10-06 12:54:02]	[CDH] UNITS T9: ?@73,50 mv=4 ch=1 ?@85,49 mv=0 ch=1 ?@69,41 mv=0 ch=? q ?@70,39 mv=0 ch=? q ?@75,41 mv=0 ch=1 ?@65,44 mv=0 ch=2 
[2026-10-06 12:54:02]	[CDH] INV T9: claims=119 stale=0 localInner=11 district=4 center=0 pending=9 bytes=36022 
[2026-10-06 12:54:03]	[CDH] JSERR TypeError: Cannot read properties of null (reading 'cityId') @ fs://game/bz-map-trix/ui/lenses/layer/bz-religion-layer.js:50 
[2026-10-06 12:54:04]	[CDH] JSERR TypeError: Cannot read properties of null (reading 'cityId') @ fs://game/bz-map-trix/ui/lenses/layer/bz-religion-layer.js:50 
[2026-10-06 12:54:04]	[CDH] JSERR TypeError: Cannot read properties of null (reading 'cityId') @ fs://game/bz-map-trix/ui/lenses/layer/bz-religion-layer.js:50 
[2026-10-06 12:54:05]	[CDH] JSERR Error: Expected this.unit to be non-null. @ fs://game/base-standard/ui/unit-flags/unit-flags.js:348 
[2026-10-06 12:54:16]	[CulturalDiffusion] notify: (75,24) unowned -> player 0 
[2026-10-06 12:54:16]	[CulturalDiffusion] pending 75,24 claim confirmed on the live map 
[2026-10-06 12:54:16]	[CulturalDiffusion] notify: (74,24) unowned -> player 0 
[2026-10-06 12:54:16]	[CulturalDiffusion] pending 74,24 claim confirmed on the live map 
[2026-10-06 12:54:16]	[CulturalDiffusion] notify: (71,23) unowned -> player 0 
[2026-10-06 12:54:16]	[CulturalDiffusion] pending 71,23 claim confirmed on the live map 
[2026-10-06 12:54:16]	[CulturalDiffusion] notify: (87,26) unowned -> player 0 
[2026-10-06 12:54:16]	[CulturalDiffusion] pending 87,26 claim confirmed on the live map 
[2026-10-06 12:54:16]	[CulturalDiffusion] notify: (73,24) unowned -> player 0 
[2026-10-06 12:54:16]	[CulturalDiffusion] pending 73,24 claim confirmed on the live map 
[2026-10-06 12:54:16]	[CulturalDiffusion] notify: (72,23) unowned -> player 0 
[2026-10-06 12:54:16]	[CulturalDiffusion] pending 72,23 claim confirmed on the live map 
[2026-10-06 12:54:16]	[CulturalDiffusion] notify: (84,40) unowned -> player 4 
[2026-10-06 12:54:16]	[CulturalDiffusion] pending 84,40 claim confirmed on the live map 
[2026-10-06 12:54:16]	[CulturalDiffusion] notify: (80,42) player 0 -> player 4 
[2026-10-06 12:54:16]	[CulturalDiffusion] pending 80,42 claim confirmed on the live map 
[2026-10-06 12:54:16]	[CulturalDiffusion] notify: (90,44) unowned -> player 4 
[2026-10-06 12:54:16]	[CulturalDiffusion] pending 90,44 claim confirmed on the live map 
[2026-10-06 12:54:16]	[CulturalDiffusion] inject 92,32 civ=0 culture=114.4 vitality=106.83 strength=112.27 stock=13323.57 cap=224541.02 
[2026-10-06 12:54:16]	[CulturalDiffusion] inject 86,20 civ=0 culture=10.3 vitality=46.25 strength=17.52 stock=1270.96 cap=35037.82 
[2026-10-06 12:54:16]	[CulturalDiffusion] inject 77,21 civ=0 culture=0 vitality=23.88 strength=0 stock=324.72 cap=0 
[2026-10-06 12:54:16]	[CulturalDiffusion] inject 82,23 civ=0 culture=0.6 vitality=18.92 strength=2.02 stock=707.85 cap=4043.58 
[2026-10-06 12:54:16]	[CulturalDiffusion] inject 93,26 civ=0 culture=3.6 vitality=9.76 strength=5.13 stock=183.85 cap=10263.97 
[2026-10-06 12:54:16]	[CulturalDiffusion] inject 80,31 civ=0 culture=1.6 vitality=21.3 strength=3.98 stock=252.65 cap=7964.94 
[2026-10-06 12:54:16]	[CulturalDiffusion] inject 87,32 civ=0 culture=17.4 vitality=29.88 strength=21.14 stock=801.39 cap=42272.38 
[2026-10-06 12:54:16]	[CulturalDiffusion] inject 84,35 civ=0 culture=1 vitality=27.75 strength=3.22 stock=140.3 cap=6433.04 
[2026-10-06 12:54:16]	[CulturalDiffusion] inject 90,37 civ=0 culture=3.75 vitality=16.21 strength=6.29 stock=231.05 cap=12584.88 
[2026-10-06 12:54:16]	[CulturalDiffusion] inject 77,36 civ=0 culture=0 vitality=15.52 strength=0 stock=1 cap=0 
[2026-10-06 12:54:16]	[CulturalDiffusion] inject 81,18 civ=0 culture=0.54 vitality=24.78 strength=2.08 stock=120.27 cap=4157.46 
[2026-10-06 12:54:16]	[CulturalDiffusion] inject 79,39 civ=0 culture=0 vitality=18.92 strength=0 stock=1 cap=0 
[2026-10-06 12:54:16]	[CulturalDiffusion] inject 78,13 civ=0 culture=0.5 vitality=12.94 strength=1.57 stock=894.58 cap=3138.72 
[2026-10-06 12:54:16]	[CulturalDiffusion] inject 75,41 civ=0 culture=0.37 vitality=11.31 strength=1.22 stock=120.23 cap=2449.99 
[2026-10-06 12:54:16]	[CulturalDiffusion] inject 75,14 civ=0 culture=0 vitality=11.8 strength=0 stock=1217.72 cap=0 
[2026-10-06 12:54:16]	[CulturalDiffusion] inject 71,44 civ=0 culture=2.84 vitality=24.1 strength=6.03 stock=165.86 cap=12056.31 
[2026-10-06 12:54:16]	[CulturalDiffusion] inject 71,39 civ=0 culture=0 vitality=10.47 strength=0 stock=1 cap=0 
[2026-10-06 12:54:16]	[CulturalDiffusion] inject 71,15 civ=0 culture=0 vitality=21.2 strength=0 stock=443.8 cap=0 
[2026-10-06 12:54:16]	[CulturalDiffusion] inject 72,10 civ=0 culture=2.4 vitality=12.32 strength=4.28 stock=163.08 cap=8558.73 
[2026-10-06 12:54:16]	[CulturalDiffusion] inject 68,19 civ=0 culture=4 vitality=32.81 strength=8.4 stock=270.53 cap=16796.6 
[2026-10-06 12:54:16]	[CulturalDiffusion] inject 67,41 civ=0 culture=20.8 vitality=72.89 strength=32.42 stock=1278.9 cap=64849.93 
[2026-10-06 12:54:16]	[CulturalDiffusion] inject 67,35 civ=0 culture=2 vitality=30.1 strength=5.19 stock=181.68 cap=10385.84 
[2026-10-06 12:54:16]	[CulturalDiffusion] inject 71,33 civ=0 culture=0 vitality=22.9 strength=0 stock=1 cap=0 
[2026-10-06 12:54:16]	[CulturalDiffusion] inject 68,30 civ=0 culture=0 vitality=18.4 strength=0 stock=1 cap=0 
[2026-10-06 12:54:16]	[CulturalDiffusion] inject 64,19 civ=0 culture=4.42 vitality=19.14 strength=7.42 stock=242.18 cap=14836.98 
[2026-10-06 12:54:16]	[CulturalDiffusion] inject 64,45 civ=0 culture=5 vitality=35.67 strength=10 stock=338.85 cap=19993.95 
[2026-10-06 12:54:16]	[CulturalDiffusion] inject 64,26 civ=0 culture=2 vitality=16.3 strength=4.19 stock=162.59 cap=8379.33 
[2026-10-06 12:54:16]	[CulturalDiffusion] inject 62,32 civ=0 culture=1 vitality=19.3 strength=2.83 stock=132.56 cap=5665.25 
[2026-10-06 12:54:16]	[CulturalDiffusion] inject 64,14 civ=0 culture=8 vitality=42.56 strength=14.43 stock=478.6 cap=28869.04 
[2026-10-06 12:54:16]	[CulturalDiffusion] inject 60,50 civ=2 culture=10.65 vitality=15.68 strength=9.79 stock=537.08 cap=19577.15 
[2026-10-06 12:54:16]	[CulturalDiffusion] inject 67,50 civ=2 culture=2.21 vitality=4.77 strength=2.32 stock=169.09 cap=4639.28 
[2026-10-06 12:54:16]	[CulturalDiffusion] inject 74,52 civ=2 culture=72.6 vitality=39.65 strength=47.16 stock=6895.51 cap=94324.95 
[2026-10-06 12:54:16]	[CulturalDiffusion] inject 83,44 civ=4 culture=11 vitality=27.23 strength=17.22 stock=2530.82 cap=34448.71 
[2026-10-06 12:54:16]	[CulturalDiffusion] inject 79,47 civ=4 culture=11 vitality=32.9 strength=18.4 stock=1638.6 cap=36807.06 
[2026-10-06 12:54:16]	[CulturalDiffusion] inject 75,48 civ=4 culture=16.5 vitality=45.65 strength=26.86 stock=4056.03 cap=53727.52 
[2026-10-06 12:54:16]	[CulturalDiffusion] frontier city=65536 ring=4 best=2152.25 bar=375 over=3/23 center=13323.57 
[2026-10-06 12:54:16]	[CulturalDiffusion] frontier city=131073 ring=4 best=3090.6 bar=375 over=13/24 center=1270.96 
[2026-10-06 12:54:16]	[CulturalDiffusion] frontier city=196610 ring=4 best=3090.6 bar=375 over=15/24 center=324.72 
[2026-10-06 12:54:16]	[CulturalDiffusion] frontier city=262147 ring=4 best=3090.6 bar=375 over=11/24 center=707.85 
[2026-10-06 12:54:16]	[CulturalDiffusion] frontier city=327684 ring=4 best=2152.25 bar=375 over=11/19 center=183.85 
[2026-10-06 12:54:16]	[CulturalDiffusion] frontier city=393221 ring=4 best=3090.6 bar=375 over=7/24 center=252.65 
[2026-10-06 12:54:16]	[CulturalDiffusion] frontier city=458758 ring=4 best=4605.82 bar=375 over=11/24 center=801.39 
[2026-10-06 12:54:16]	[CulturalDiffusion] frontier city=524295 ring=4 best=801.39 bar=375 over=1/24 center=140.3 
[2026-10-06 12:54:16]	[CulturalDiffusion] frontier city=589832 ring=4 best=1908.77 bar=375 over=3/24 center=231.05 
[2026-10-06 12:54:16]	[CulturalDiffusion] frontier city=655369 ring=4 best=12.37 bar=375 over=0/24 center=1 
[2026-10-06 12:54:16]	[CulturalDiffusion] frontier city=720906 ring=4 best=3090.6 bar=375 over=14/24 center=120.27 
[2026-10-06 12:54:16]	[CulturalDiffusion] frontier city=786443 ring=4 best=1 bar=375 over=0/24 center=1 
[2026-10-06 12:54:16]	[CulturalDiffusion] frontier city=851980 ring=4 best=3090.6 bar=375 over=9/24 center=894.58 
[2026-10-06 12:54:16]	[CulturalDiffusion] frontier city=917517 ring=4 best=1 bar=375 over=0/24 center=120.23 
[2026-10-06 12:54:16]	[CulturalDiffusion] frontier city=983054 ring=4 best=3090.6 bar=375 over=12/24 center=1217.72 
[2026-10-06 12:54:16]	[CulturalDiffusion] frontier city=1048591 ring=4 best=192.16 bar=375 over=0/24 center=165.86 
[2026-10-06 12:54:16]	[CulturalDiffusion] frontier city=1114128 ring=4 best=290.36 bar=375 over=0/24 center=1 
[2026-10-06 12:54:16]	[CulturalDiffusion] frontier city=1179665 ring=4 best=3090.6 bar=375 over=7/24 center=443.8 
[2026-10-06 12:54:16]	[CulturalDiffusion] frontier city=1245202 ring=4 best=487.09 bar=375 over=3/24 center=163.08 
[2026-10-06 12:54:16]	[CulturalDiffusion] frontier city=1310739 ring=4 best=2152.25 bar=375 over=5/24 center=270.53 
[2026-10-06 12:54:16]	[CulturalDiffusion] frontier city=1376276 ring=4 best=89.2 bar=375 over=0/24 center=1278.9 
[2026-10-06 12:54:16]	[CulturalDiffusion] frontier city=1441813 ring=4 best=16.13 bar=375 over=0/24 center=181.68 
[2026-10-06 12:54:16]	[CulturalDiffusion] frontier city=1507350 ring=4 best=1 bar=375 over=0/24 center=1 
[2026-10-06 12:54:16]	[CulturalDiffusion] frontier city=1572887 ring=4 best=44.05 bar=375 over=0/24 center=1 
[2026-10-06 12:54:16]	[CulturalDiffusion] frontier city=1638424 ring=4 best=270.53 bar=375 over=0/24 center=242.18 
[2026-10-06 12:54:16]	[CulturalDiffusion] frontier city=1703961 ring=4 best=192.16 bar=375 over=0/24 center=338.85 
[2026-10-06 12:54:16]	[CulturalDiffusion] frontier city=1769498 ring=4 best=1 bar=375 over=0/24 center=162.59 
[2026-10-06 12:54:16]	[CulturalDiffusion] frontier city=1835035 ring=4 best=1 bar=375 over=0/24 center=132.56 
[2026-10-06 12:54:16]	[CulturalDiffusion] frontier city=1900572 ring=4 best=8.05 bar=375 over=0/24 center=478.6 
[2026-10-06 12:54:16]	[CulturalDiffusion] flip 72,24 -> player 0 via purchasePlot sent; pending confirmation next pass (was owner -1) 
[2026-10-06 12:54:16]	[CulturalDiffusion] flip 83,40 -> player 4 via purchasePlot sent; pending confirmation next pass (was owner -1) 
[2026-10-06 12:54:16]	[CulturalDiffusion] flip 80,41 -> player 4 via purchasePlot sent; pending confirmation next pass (was owner 0) 
[2026-10-06 12:54:16]	[CulturalDiffusion] flip 83,39 -> player 4 via purchasePlot sent; pending confirmation next pass (was owner -1) 
[2026-10-06 12:54:16]	[CulturalDiffusion] state bytes=37383 field=1094 claims=128 locked=128 passMs=54 
[2026-10-06 12:54:16]	[CulturalDiffusion] pass: 0 flip(s), 1 pending, 0 ceded (0 pending), 0 AI flip(s) (3 pending), 0 conquest(s) (0 pending), confirmed 9 claim/0 cede (0 dropped), 0 orphan(s) healed, 0 inner tile(s) released to base game, 1094 active field tile(s) 
[2026-10-06 12:54:16]	[CulturalDiffusion] pass (turn 76): flips=0 field tiles=252 
[2026-10-06 12:54:17]	[CDH] TURN k=10 turn=76 age=AGE_EXPLORATION blocker=NEW_POPULATION 
[2026-10-06 12:54:17]	[CDH] JSERR TypeError: Cannot read properties of null (reading 'cityId') @ fs://game/bz-map-trix/ui/lenses/layer/bz-religion-layer.js:50 
[2026-10-06 12:54:18]	[CDH] JSERR TypeError: Cannot read properties of null (reading 'cityId') @ fs://game/bz-map-trix/ui/lenses/layer/bz-religion-layer.js:50 
[2026-10-06 12:54:18]	[CDH] JSERR TypeError: Cannot read properties of null (reading 'cityId') @ fs://game/bz-map-trix/ui/lenses/layer/bz-religion-layer.js:50 
[2026-10-06 12:54:26]	[CDH] OBS T10: age=AGE_EXPLORATION turn=76 ownerChanges=4 missionaries=5 moved=4 idleWithMoves=1 gone=0 flipsNearMissionary=0 (district 0) onFlipped=0 jsErrors=87 amAuto=true 
[2026-10-06 12:54:26]	[CDH] UNITS T10: ?@73,50 mv=4 ch=1 ?@69,37 mv=0 ch=? q ?@71,35 mv=0 ch=? q ?@78,38 mv=0 ch=? q ?@65,44 mv=0 ch=1 
[2026-10-06 12:54:26]	[CDH] INV T10: claims=128 stale=0 localInner=12 district=4 center=0 pending=4 bytes=37368 
[2026-10-06 12:54:26]	[CDH] SEED T10: 280 frontier tiles seeded, state bytes=38937 
[2026-10-06 12:54:26]	[CDH] BUY T10: had 5, bought 1 
[2026-10-06 12:54:29]	[CDH] JSERR Error: Expected this.unit to be non-null. @ fs://game/base-standard/ui/unit-flags/unit-flags.js:348 
[2026-10-06 12:54:29]	[CDH] JSERR Error: Expected this.unit to be non-null. @ fs://game/base-standard/ui/unit-flags/unit-flags.js:348 
[2026-10-06 12:54:39]	[CDH] JSERR Error: Expected this.unit to be non-null. @ fs://game/base-standard/ui/unit-flags/unit-flags.js:348 
[2026-10-06 12:54:42]	[CulturalDiffusion] notify: (72,24) unowned -> player 0 
[2026-10-06 12:54:42]	[CulturalDiffusion] pending 72,24 claim confirmed on the live map 
[2026-10-06 12:54:42]	[CulturalDiffusion] notify: (83,40) unowned -> player 4 
[2026-10-06 12:54:42]	[CulturalDiffusion] pending 83,40 claim confirmed on the live map 
[2026-10-06 12:54:42]	[CulturalDiffusion] notify: (80,41) player 0 -> player 4 
[2026-10-06 12:54:42]	[CulturalDiffusion] pending 80,41 claim confirmed on the live map 
[2026-10-06 12:54:42]	[CulturalDiffusion] notify: (83,39) unowned -> player 4 
[2026-10-06 12:54:42]	[CulturalDiffusion] pending 83,39 claim confirmed on the live map 
[2026-10-06 12:54:42]	[CulturalDiffusion] inject 92,32 civ=0 culture=114.4 vitality=106.83 strength=113.89 stock=17757.82 cap=227779.13 
[2026-10-06 12:54:42]	[CulturalDiffusion] inject 86,20 civ=0 culture=10.3 vitality=46.25 strength=17.77 stock=1461.79 cap=35543.1 
[2026-10-06 12:54:42]	[CulturalDiffusion] inject 77,21 civ=0 culture=0 vitality=23.88 strength=0 stock=308.4 cap=0 
[2026-10-06 12:54:42]	[CulturalDiffusion] inject 82,23 civ=0 culture=0.55 vitality=17.18 strength=1.87 stock=700.75 cap=3744.13 
[2026-10-06 12:54:42]	[CulturalDiffusion] inject 93,26 civ=0 culture=3.6 vitality=9.76 strength=5.21 stock=211 cap=10411.98 
[2026-10-06 12:54:42]	[CulturalDiffusion] inject 80,31 civ=0 culture=1.6 vitality=21.3 strength=4.04 stock=367.13 cap=8079.81 
[2026-10-06 12:54:42]	[CulturalDiffusion] inject 87,32 civ=0 culture=15.61 vitality=25.96 strength=19.02 stock=978.8 cap=38031.2 
[2026-10-06 12:54:42]	[CulturalDiffusion] inject 84,35 civ=0 culture=1 vitality=27.75 strength=3.26 stock=157.26 cap=6525.81 
[2026-10-06 12:54:42]	[CulturalDiffusion] inject 90,37 civ=0 culture=3.75 vitality=16.21 strength=6.38 stock=266.08 cap=12766.37 
[2026-10-06 12:54:42]	[CulturalDiffusion] inject 77,36 civ=0 culture=0 vitality=15.52 strength=0 stock=1 cap=0 
[2026-10-06 12:54:42]	[CulturalDiffusion] inject 81,18 civ=0 culture=0.54 vitality=24.78 strength=2.11 stock=132.21 cap=4217.41 
[2026-10-06 12:54:42]	[CulturalDiffusion] inject 79,39 civ=0 culture=0 vitality=18.92 strength=0 stock=2.99 cap=0 
[2026-10-06 12:54:42]	[CulturalDiffusion] inject 78,13 civ=0 culture=0.5 vitality=12.94 strength=1.59 stock=877.29 cap=3183.98 
[2026-10-06 12:54:42]	[CulturalDiffusion] inject 75,41 civ=0 culture=0.37 vitality=11.31 strength=1.24 stock=131.51 cap=2485.33 
[2026-10-06 12:54:42]	[CulturalDiffusion] inject 75,14 civ=0 culture=0 vitality=11.8 strength=0 stock=1156.49 cap=0 
[2026-10-06 12:54:42]	[CulturalDiffusion] inject 71,44 civ=0 culture=2.84 vitality=24.1 strength=6.12 stock=202.57 cap=12230.17 
[2026-10-06 12:54:42]	[CulturalDiffusion] inject 71,39 civ=0 culture=0 vitality=10.47 strength=0 stock=1 cap=0 
[2026-10-06 12:54:42]	[CulturalDiffusion] inject 71,15 civ=0 culture=0 vitality=21.2 strength=0 stock=551.73 cap=0 
[2026-10-06 12:54:42]	[CulturalDiffusion] inject 72,10 civ=0 culture=2.4 vitality=12.32 strength=4.34 stock=185.4 cap=8682.16 
[2026-10-06 12:54:42]	[CulturalDiffusion] inject 68,19 civ=0 culture=4 vitality=32.81 strength=8.52 stock=320.28 cap=17038.82 
[2026-10-06 12:54:42]	[CulturalDiffusion] inject 67,41 civ=0 culture=20.8 vitality=72.89 strength=32.89 stock=1679.53 cap=65785.13 
[2026-10-06 12:54:42]	[CulturalDiffusion] inject 67,35 civ=0 culture=2 vitality=30.1 strength=5.27 stock=209.1 cap=10535.62 
[2026-10-06 12:54:42]	[CulturalDiffusion] inject 71,33 civ=0 culture=0 vitality=22.9 strength=0 stock=1 cap=0 
[2026-10-06 12:54:42]	[CulturalDiffusion] inject 68,30 civ=0 culture=0 vitality=18.4 strength=0 stock=1 cap=0 
[2026-10-06 12:54:42]	[CulturalDiffusion] inject 64,19 civ=0 culture=4.42 vitality=19.14 strength=7.53 stock=284.43 cap=15050.95 
[2026-10-06 12:54:42]	[CulturalDiffusion] inject 64,45 civ=0 culture=5 vitality=35.67 strength=10.14 stock=408.14 cap=20282.29 
[2026-10-06 12:54:42]	[CulturalDiffusion] inject 64,26 civ=0 culture=2 vitality=16.3 strength=4.25 stock=184.44 cap=8500.17 
[2026-10-06 12:54:42]	[CulturalDiffusion] inject 62,32 civ=0 culture=1 vitality=19.3 strength=2.87 stock=147.75 cap=5746.95 
[2026-10-06 12:54:42]	[CulturalDiffusion] inject 64,14 civ=0 culture=8 vitality=42.56 strength=14.64 stock=587.74 cap=29285.36 
[2026-10-06 12:54:42]	[CulturalDiffusion] inject 60,50 civ=2 culture=10.65 vitality=15.68 strength=12.37 stock=630.23 cap=24734.3 
[2026-10-06 12:54:42]	[CulturalDiffusion] inject 67,50 civ=2 culture=2.21 vitality=4.77 strength=2.93 stock=184.39 cap=5861.39 
[2026-10-06 12:54:42]	[CulturalDiffusion] inject 74,52 civ=2 culture=74.8 vitality=39.24 strength=60.53 stock=8506.54 cap=121066.66 
[2026-10-06 12:54:42]	[CulturalDiffusion] inject 83,44 civ=4 culture=11 vitality=27.23 strength=17.23 stock=2748.98 cap=34459.75 
[2026-10-06 12:54:42]	[CulturalDiffusion] inject 79,47 civ=4 culture=11 vitality=32.9 strength=18.41 stock=1854.75 cap=36818.86 
[2026-10-06 12:54:42]	[CulturalDiffusion] inject 75,48 civ=4 culture=16.5 vitality=45.65 strength=26.87 stock=4544.06 cap=53744.74 
[2026-10-06 12:54:42]	[CulturalDiffusion] frontier city=65536 ring=4 best=2043.64 bar=375 over=3/23 center=17757.82 
[2026-10-06 12:54:42]	[CulturalDiffusion] frontier city=131073 ring=4 best=3799 bar=375 over=13/24 center=1461.79 
[2026-10-06 12:54:42]	[CulturalDiffusion] frontier city=196610 ring=4 best=3799 bar=375 over=15/24 center=308.4 
[2026-10-06 12:54:42]	[CulturalDiffusion] frontier city=262147 ring=4 best=2935.07 bar=375 over=12/24 center=700.75 
[2026-10-06 12:54:42]	[CulturalDiffusion] frontier city=327684 ring=4 best=2043.64 bar=375 over=12/19 center=211 
[2026-10-06 12:54:42]	[CulturalDiffusion] frontier city=393221 ring=4 best=3799 bar=375 over=13/24 center=367.13 
[2026-10-06 12:54:42]	[CulturalDiffusion] frontier city=458758 ring=4 best=6572.92 bar=375 over=13/24 center=978.8 
[2026-10-06 12:54:42]	[CulturalDiffusion] frontier city=524295 ring=4 best=3799 bar=375 over=4/24 center=157.26 
[2026-10-06 12:54:42]	[CulturalDiffusion] frontier city=589832 ring=4 best=2664.71 bar=375 over=4/24 center=266.08 
[2026-10-06 12:54:42]	[CulturalDiffusion] frontier city=655369 ring=4 best=3799 bar=375 over=4/24 center=1 
[2026-10-06 12:54:42]	[CulturalDiffusion] frontier city=720906 ring=4 best=3799 bar=375 over=14/24 center=132.21 
[2026-10-06 12:54:42]	[CulturalDiffusion] frontier city=786443 ring=4 best=3799 bar=375 over=3/24 center=2.99 
[2026-10-06 12:54:42]	[CulturalDiffusion] frontier city=851980 ring=4 best=3799 bar=375 over=9/24 center=877.29 
[2026-10-06 12:54:42]	[CulturalDiffusion] frontier city=917517 ring=4 best=1 bar=375 over=0/24 center=131.51 
[2026-10-06 12:54:42]	[CulturalDiffusion] frontier city=983054 ring=4 best=3799 bar=375 over=12/24 center=1156.49 
[2026-10-06 12:54:42]	[CulturalDiffusion] frontier city=1048591 ring=4 best=278.45 bar=375 over=0/24 center=202.57 
[2026-10-06 12:54:42]	[CulturalDiffusion] frontier city=1114128 ring=4 best=405.45 bar=375 over=1/24 center=1 
[2026-10-06 12:54:42]	[CulturalDiffusion] frontier city=1179665 ring=4 best=3799 bar=375 over=7/24 center=551.73 
[2026-10-06 12:54:42]	[CulturalDiffusion] frontier city=1245202 ring=4 best=519.34 bar=375 over=2/24 center=185.4 
[2026-10-06 12:54:42]	[CulturalDiffusion] frontier city=1310739 ring=4 best=2043.64 bar=375 over=6/24 center=320.28 
[2026-10-06 12:54:42]	[CulturalDiffusion] frontier city=1376276 ring=4 best=119.63 bar=375 over=0/24 center=1679.53 
[2026-10-06 12:54:42]	[CulturalDiffusion] frontier city=1441813 ring=4 best=37.06 bar=375 over=0/24 center=209.1 
[2026-10-06 12:54:42]	[CulturalDiffusion] frontier city=1507350 ring=4 best=1 bar=375 over=0/24 center=1 
[2026-10-06 12:54:42]	[CulturalDiffusion] frontier city=1572887 ring=4 best=63.66 bar=375 over=0/24 center=1 
[2026-10-06 12:54:42]	[CulturalDiffusion] frontier city=1638424 ring=4 best=320.28 bar=375 over=0/24 center=284.43 
[2026-10-06 12:54:42]	[CulturalDiffusion] frontier city=1703961 ring=4 best=278.45 bar=375 over=0/24 center=408.14 
[2026-10-06 12:54:42]	[CulturalDiffusion] frontier city=1769498 ring=4 best=1 bar=375 over=0/24 center=184.44 
[2026-10-06 12:54:42]	[CulturalDiffusion] frontier city=1835035 ring=4 best=1 bar=375 over=0/24 center=147.75 
[2026-10-06 12:54:42]	[CulturalDiffusion] frontier city=1900572 ring=4 best=16.33 bar=375 over=0/24 center=587.74 
[2026-10-06 12:54:42]	[CulturalDiffusion] flip 78,28 -> player 0 via purchasePlot sent; pending confirmation next pass (was owner -1) 
[2026-10-06 12:54:42]	[CulturalDiffusion] flip 70,23 -> player 0 via purchasePlot sent; pending confirmation next pass (was owner -1) 
[2026-10-06 12:54:42]	[CulturalDiffusion] flip 84,30 -> player 0 via purchasePlot sent; pending confirmation next pass (was owner -1) 
[2026-10-06 12:54:42]	[CulturalDiffusion] flip 80,35 -> player 0 via purchasePlot sent; pending confirmation next pass (was owner -1) 
[2026-10-06 12:54:42]	[CulturalDiffusion] flip 84,28 -> player 0 via purchasePlot sent; pending confirmation next pass (was owner -1) 
[2026-10-06 12:54:42]	[CulturalDiffusion] flip 77,27 -> player 0 via purchasePlot sent; pending confirmation next pass (was owner 63) 
[2026-10-06 12:54:42]	[CulturalDiffusion] flip 82,40 -> player 4 via purchasePlot sent; pending confirmation next pass (was owner -1) 
[2026-10-06 12:54:42]	[CulturalDiffusion] flip 81,40 -> player 4 via purchasePlot sent; pending confirmation next pass (was owner 0) 
[2026-10-06 12:54:42]	[CulturalDiffusion] flip 77,49 -> player 2 via purchasePlot sent; pending confirmation next pass (was owner 4) 
[2026-10-06 12:54:42]	[CulturalDiffusion] flip 84,39 -> player 4 via purchasePlot sent; pending confirmation next pass (was owner -1) 
[2026-10-06 12:54:42]	[CulturalDiffusion] flip 82,39 -> player 4 via purchasePlot sent; pending confirmation next pass (was owner -1) 
[2026-10-06 12:54:42]	[CulturalDiffusion] flip 85,39 -> player 4 via purchasePlot sent; pending confirmation next pass (was owner -1) 
[2026-10-06 12:54:42]	[CulturalDiffusion] flip 86,40 -> player 4 via purchasePlot sent; pending confirmation next pass (was owner -1) 
[2026-10-06 12:54:42]	[CulturalDiffusion] flip 80,40 -> player 4 via purchasePlot sent; pending confirmation next pass (was owner 0) 
[2026-10-06 12:54:42]	[CulturalDiffusion] state bytes=37216 field=1110 claims=132 locked=132 passMs=63 
[2026-10-06 12:54:42]	[CulturalDiffusion] pass: 0 flip(s), 6 pending, 0 ceded (0 pending), 0 AI flip(s) (8 pending), 0 conquest(s) (0 pending), confirmed 4 claim/0 cede (0 dropped), 0 orphan(s) healed, 0 inner tile(s) released to base game, 1110 active field tile(s) 
[2026-10-06 12:54:42]	[CulturalDiffusion] pass (turn 77): flips=0 field tiles=251 
[2026-10-06 12:54:43]	[CDH] TURN k=11 turn=77 age=AGE_EXPLORATION blocker=NEW_POPULATION 
[2026-10-06 12:54:43]	[CDH] JSERR TypeError: Cannot read properties of null (reading 'cityId') @ fs://game/bz-map-trix/ui/lenses/layer/bz-religion-layer.js:50 
[2026-10-06 12:54:44]	[CDH] JSERR TypeError: Cannot read properties of null (reading 'cityId') @ fs://game/bz-map-trix/ui/lenses/layer/bz-religion-layer.js:50 
[2026-10-06 12:54:44]	[CDH] JSERR TypeError: Cannot read properties of null (reading 'cityId') @ fs://game/bz-map-trix/ui/lenses/layer/bz-religion-layer.js:50 
[2026-10-06 12:54:44]	[CDH] JSERR TypeError: Cannot read properties of null (reading 'cityId') @ fs://game/bz-map-trix/ui/lenses/layer/bz-religion-layer.js:50 
[2026-10-06 12:54:44]	[CDH] JSERR TypeError: Cannot read properties of null (reading 'cityId') @ fs://game/bz-map-trix/ui/lenses/layer/bz-religion-layer.js:50 
[2026-10-06 12:54:44]	[CDH] JSERR TypeError: Cannot read properties of null (reading 'cityId') @ fs://game/bz-map-trix/ui/lenses/layer/bz-religion-layer.js:50 
[2026-10-06 12:54:44]	[CDH] JSERR TypeError: Cannot read properties of null (reading 'cityId') @ fs://game/bz-map-trix/ui/lenses/layer/bz-religion-layer.js:50 
[2026-10-06 12:54:52]	[CDH] OBS T11: age=AGE_EXPLORATION turn=77 ownerChanges=14 missionaries=5 moved=5 idleWithMoves=1 gone=0 flipsNearMissionary=0 (district 0) onFlipped=0 jsErrors=97 amAuto=true 
[2026-10-06 12:54:52]	[CDH] UNITS T11: ?@74,43 mv=0 ch=? q ?@73,50 mv=4 ch=1 ?@67,35 mv=0 ch=2 ?@71,33 mv=0 ch=1 ?@64,41 mv=0 ch=? q 
[2026-10-06 12:54:52]	[CDH] INV T11: claims=132 stale=0 localInner=13 district=4 center=0 pending=14 bytes=37201 
[2026-10-06 12:54:52]	[CDH] BUY T11: had 5, bought 1 
[2026-10-06 12:54:55]	[CDH] JSERR TypeError: Cannot read properties of null (reading 'cityId') @ fs://game/bz-map-trix/ui/lenses/layer/bz-religion-layer.js:50 
[2026-10-06 12:54:55]	[CDH] JSERR TypeError: Cannot read properties of null (reading 'cityId') @ fs://game/bz-map-trix/ui/lenses/layer/bz-religion-layer.js:50 
[2026-10-06 12:54:56]	[CDH] JSERR TypeError: Cannot read properties of null (reading 'cityId') @ fs://game/bz-map-trix/ui/lenses/layer/bz-religion-layer.js:50 
[2026-10-06 12:54:56]	[CDH] JSERR TypeError: Cannot read properties of null (reading 'cityId') @ fs://game/bz-map-trix/ui/lenses/layer/bz-religion-layer.js:50 
[2026-10-06 12:54:56]	[CDH] JSERR TypeError: Cannot read properties of null (reading 'cityId') @ fs://game/bz-map-trix/ui/lenses/layer/bz-religion-layer.js:50 
[2026-10-06 12:55:07]	[CDH] JSERR Error: Expected this.unit to be non-null. @ fs://game/base-standard/ui/unit-flags/unit-flags.js:348 
[2026-10-06 12:55:07]	[CDH] JSERR Error: Expected this.unit to be non-null. @ fs://game/base-standard/ui/unit-flags/unit-flags.js:348 
[2026-10-06 12:55:09]	[CDH] TURN k=12 turn=78 age=AGE_EXPLORATION blocker=NEW_POPULATION 
[2026-10-06 12:55:10]	[CulturalDiffusion] notify: (78,28) unowned -> player 0 
[2026-10-06 12:55:10]	[CulturalDiffusion] pending 78,28 claim confirmed on the live map 
[2026-10-06 12:55:10]	[CulturalDiffusion] notify: (70,23) unowned -> player 0 
[2026-10-06 12:55:10]	[CulturalDiffusion] pending 70,23 claim confirmed on the live map 
[2026-10-06 12:55:10]	[CulturalDiffusion] notify: (84,30) unowned -> player 0 
[2026-10-06 12:55:10]	[CulturalDiffusion] pending 84,30 claim confirmed on the live map 
[2026-10-06 12:55:10]	[CulturalDiffusion] notify: (80,35) unowned -> player 0 
[2026-10-06 12:55:10]	[CulturalDiffusion] pending 80,35 claim confirmed on the live map 
[2026-10-06 12:55:10]	[CulturalDiffusion] notify: (84,28) unowned -> player 0 
[2026-10-06 12:55:10]	[CulturalDiffusion] pending 84,28 claim confirmed on the live map 
[2026-10-06 12:55:10]	[CulturalDiffusion] notify: (77,27) player 63 -> player 0 
[2026-10-06 12:55:10]	[CulturalDiffusion] pending 77,27 claim confirmed on the live map 
[2026-10-06 12:55:10]	[CulturalDiffusion] notify: (82,40) unowned -> player 4 
[2026-10-06 12:55:10]	[CulturalDiffusion] pending 82,40 claim confirmed on the live map 
[2026-10-06 12:55:10]	[CulturalDiffusion] notify: (81,40) player 0 -> player 4 
[2026-10-06 12:55:10]	[CulturalDiffusion] pending 81,40 claim confirmed on the live map 
[2026-10-06 12:55:10]	[CulturalDiffusion] notify: (77,49) player 4 -> player 2 
[2026-10-06 12:55:10]	[CulturalDiffusion] pending 77,49 claim confirmed on the live map 
[2026-10-06 12:55:10]	[CulturalDiffusion] notify: (84,39) unowned -> player 4 
[2026-10-06 12:55:10]	[CulturalDiffusion] pending 84,39 claim confirmed on the live map 
[2026-10-06 12:55:10]	[CulturalDiffusion] notify: (82,39) unowned -> player 4 
[2026-10-06 12:55:10]	[CulturalDiffusion] pending 82,39 claim confirmed on the live map 
[2026-10-06 12:55:10]	[CulturalDiffusion] notify: (85,39) unowned -> player 4 
[2026-10-06 12:55:10]	[CulturalDiffusion] pending 85,39 claim confirmed on the live map 
[2026-10-06 12:55:10]	[CulturalDiffusion] notify: (86,40) unowned -> player 4 
[2026-10-06 12:55:10]	[CulturalDiffusion] pending 86,40 claim confirmed on the live map 
[2026-10-06 12:55:10]	[CulturalDiffusion] notify: (80,40) player 0 -> player 4 
[2026-10-06 12:55:10]	[CulturalDiffusion] pending 80,40 claim confirmed on the live map 
[2026-10-06 12:55:10]	[CulturalDiffusion] inject 92,32 civ=0 culture=114.4 vitality=106.83 strength=114.47 stock=22787.04 cap=228948.67 
[2026-10-06 12:55:10]	[CulturalDiffusion] inject 86,20 civ=0 culture=8.8 vitality=43.55 strength=15.79 stock=1631.52 cap=31579.95 
[2026-10-06 12:55:10]	[CulturalDiffusion] inject 77,21 civ=0 culture=0 vitality=23.88 strength=0 stock=292.89 cap=0 
[2026-10-06 12:55:10]	[CulturalDiffusion] inject 82,23 civ=0 culture=0.55 vitality=17.18 strength=1.88 stock=694.01 cap=3763.36 
[2026-10-06 12:55:10]	[CulturalDiffusion] inject 93,26 civ=0 culture=3.6 vitality=9.76 strength=5.23 stock=238.88 cap=10465.44 
[2026-10-06 12:55:10]	[CulturalDiffusion] inject 80,31 civ=0 culture=1.6 vitality=21.3 strength=4.06 stock=450.18 cap=8121.29 
[2026-10-06 12:55:10]	[CulturalDiffusion] inject 87,32 civ=0 culture=15.61 vitality=25.96 strength=19.11 stock=1170.46 cap=38226.48 
[2026-10-06 12:55:10]	[CulturalDiffusion] inject 84,35 civ=0 culture=1 vitality=27.75 strength=3.28 stock=174.32 cap=6559.32 
[2026-10-06 12:55:10]	[CulturalDiffusion] inject 90,37 civ=0 culture=3.75 vitality=16.21 strength=6.42 stock=302.31 cap=12831.92 
[2026-10-06 12:55:10]	[CulturalDiffusion] inject 77,36 civ=0 culture=0 vitality=15.52 strength=0 stock=1 cap=0 
[2026-10-06 12:55:10]	[CulturalDiffusion] inject 81,18 civ=0 culture=0.54 vitality=24.78 strength=2.12 stock=144.04 cap=4239.07 
[2026-10-06 12:55:10]	[CulturalDiffusion] inject 79,39 civ=0 culture=0 vitality=18.92 strength=0 stock=5.11 cap=0 
[2026-10-06 12:55:10]	[CulturalDiffusion] inject 78,13 civ=0 culture=0.5 vitality=12.94 strength=1.6 stock=922.9 cap=3200.33 
[2026-10-06 12:55:10]	[CulturalDiffusion] inject 75,41 civ=0 culture=0.37 vitality=10.57 strength=1.22 stock=142.22 cap=2439.51 
[2026-10-06 12:55:10]	[CulturalDiffusion] inject 75,14 civ=0 culture=0 vitality=11.8 strength=0 stock=1098.33 cap=0 
[2026-10-06 12:55:10]	[CulturalDiffusion] inject 71,44 civ=0 culture=2.84 vitality=24.1 strength=6.15 stock=242.39 cap=12292.97 
[2026-10-06 12:55:10]	[CulturalDiffusion] inject 71,39 civ=0 culture=0 vitality=10.47 strength=0 stock=1 cap=0 
[2026-10-06 12:55:10]	[CulturalDiffusion] inject 71,15 civ=0 culture=0 vitality=21.2 strength=0 stock=648.03 cap=0 
[2026-10-06 12:55:10]	[CulturalDiffusion] inject 72,10 civ=0 culture=2.4 vitality=12.32 strength=4.36 stock=208.14 cap=8726.73 
[2026-10-06 12:55:10]	[CulturalDiffusion] inject 68,19 civ=0 culture=4 vitality=32.81 strength=8.56 stock=372.62 cap=17126.31 
[2026-10-06 12:55:10]	[CulturalDiffusion] inject 67,41 civ=0 culture=20.8 vitality=72.89 strength=33.06 stock=2129.32 cap=66122.91 
[2026-10-06 12:55:10]	[CulturalDiffusion] inject 67,35 civ=0 culture=2 vitality=30.1 strength=5.29 stock=237.29 cap=10589.71 
[2026-10-06 12:55:10]	[CulturalDiffusion] inject 71,33 civ=0 culture=0 vitality=22.9 strength=0 stock=1 cap=0 
[2026-10-06 12:55:10]	[CulturalDiffusion] inject 68,30 civ=0 culture=0 vitality=18.4 strength=0 stock=1 cap=0 
[2026-10-06 12:55:10]	[CulturalDiffusion] inject 64,19 civ=0 culture=4.42 vitality=19.14 strength=7.56 stock=328.62 cap=15128.23 
[2026-10-06 12:55:10]	[CulturalDiffusion] inject 64,45 civ=0 culture=5 vitality=35.67 strength=10.19 stock=482.58 cap=20386.43 
[2026-10-06 12:55:10]	[CulturalDiffusion] inject 64,26 civ=0 culture=2 vitality=16.3 strength=4.27 stock=206.69 cap=8543.81 
[2026-10-06 12:55:10]	[CulturalDiffusion] inject 62,32 civ=0 culture=1 vitality=19.3 strength=2.89 stock=162.96 cap=5776.46 
[2026-10-06 12:55:10]	[CulturalDiffusion] inject 64,14 civ=0 culture=8 vitality=42.56 strength=14.72 stock=705.54 cap=29435.72 
[2026-10-06 12:55:10]	[CulturalDiffusion] inject 60,50 civ=2 culture=10.65 vitality=15.68 strength=12.39 stock=728.2 cap=24783.71 
[2026-10-06 12:55:10]	[CulturalDiffusion] inject 67,50 civ=2 culture=2.21 vitality=4.77 strength=2.94 stock=199.62 cap=5873.1 
[2026-10-06 12:55:10]	[CulturalDiffusion] inject 74,52 civ=2 culture=74.8 vitality=39.24 strength=60.65 stock=10256.84 cap=121308.51 
[2026-10-06 12:55:10]	[CulturalDiffusion] inject 83,44 civ=4 culture=11 vitality=26.9 strength=17.14 stock=2968.68 cap=34289.91 
[2026-10-06 12:55:10]	[CulturalDiffusion] inject 79,47 civ=4 culture=11 vitality=32.57 strength=18.33 stock=2077.51 cap=36664.48 
[2026-10-06 12:55:10]	[CulturalDiffusion] inject 75,48 civ=4 culture=16.5 vitality=45.32 strength=26.79 stock=5043.13 cap=53572.36 
[2026-10-06 12:55:10]	[CulturalDiffusion] frontier city=65536 ring=4 best=1940.45 bar=375 over=3/23 center=22787.04 
[2026-10-06 12:55:10]	[CulturalDiffusion] frontier city=131073 ring=4 best=3608.05 bar=375 over=13/24 center=1631.52 
[2026-10-06 12:55:10]	[CulturalDiffusion] frontier city=196610 ring=4 best=3608.05 bar=375 over=17/24 center=292.89 
[2026-10-06 12:55:10]	[CulturalDiffusion] frontier city=262147 ring=4 best=2787.32 bar=375 over=12/24 center=694.01 
[2026-10-06 12:55:10]	[CulturalDiffusion] frontier city=327684 ring=4 best=1940.45 bar=375 over=11/19 center=238.88 
[2026-10-06 12:55:10]	[CulturalDiffusion] frontier city=393221 ring=4 best=3608.05 bar=375 over=14/24 center=450.18 
[2026-10-06 12:55:10]	[CulturalDiffusion] frontier city=458758 ring=4 best=9173.32 bar=375 over=12/24 center=1170.46 
[2026-10-06 12:55:10]	[CulturalDiffusion] frontier city=524295 ring=4 best=3608.05 bar=375 over=9/24 center=174.32 
[2026-10-06 12:55:10]	[CulturalDiffusion] frontier city=589832 ring=4 best=3551.56 bar=375 over=4/24 center=302.31 
[2026-10-06 12:55:10]	[CulturalDiffusion] frontier city=655369 ring=4 best=3608.05 bar=375 over=4/24 center=1 
[2026-10-06 12:55:10]	[CulturalDiffusion] frontier city=720906 ring=4 best=3608.05 bar=375 over=15/24 center=144.04 
[2026-10-06 12:55:10]	[CulturalDiffusion] frontier city=786443 ring=4 best=3608.05 bar=375 over=4/24 center=5.11 
[2026-10-06 12:55:10]	[CulturalDiffusion] frontier city=851980 ring=4 best=3608.05 bar=375 over=9/24 center=922.9 
[2026-10-06 12:55:10]	[CulturalDiffusion] frontier city=917517 ring=4 best=1 bar=375 over=0/24 center=142.22 
[2026-10-06 12:55:10]	[CulturalDiffusion] frontier city=983054 ring=4 best=3608.05 bar=375 over=12/24 center=1098.33 
[2026-10-06 12:55:10]	[CulturalDiffusion] frontier city=1048591 ring=4 best=391.17 bar=375 over=1/24 center=242.39 
[2026-10-06 12:55:10]	[CulturalDiffusion] frontier city=1114128 ring=4 best=556.21 bar=375 over=2/24 center=1 
[2026-10-06 12:55:10]	[CulturalDiffusion] frontier city=1179665 ring=4 best=3608.05 bar=375 over=7/24 center=648.03 
[2026-10-06 12:55:10]	[CulturalDiffusion] frontier city=1245202 ring=4 best=611.83 bar=375 over=2/24 center=208.14 
[2026-10-06 12:55:10]	[CulturalDiffusion] frontier city=1310739 ring=4 best=1940.45 bar=375 over=5/24 center=372.62 
[2026-10-06 12:55:10]	[CulturalDiffusion] frontier city=1376276 ring=4 best=156 bar=375 over=0/24 center=2129.32 
[2026-10-06 12:55:10]	[CulturalDiffusion] frontier city=1441813 ring=4 best=66.05 bar=375 over=0/24 center=237.29 
[2026-10-06 12:55:10]	[CulturalDiffusion] frontier city=1507350 ring=4 best=1 bar=375 over=0/24 center=1 
[2026-10-06 12:55:10]	[CulturalDiffusion] frontier city=1572887 ring=4 best=85.79 bar=375 over=0/24 center=1 
[2026-10-06 12:55:10]	[CulturalDiffusion] frontier city=1638424 ring=4 best=372.62 bar=375 over=0/24 center=328.62 
[2026-10-06 12:55:10]	[CulturalDiffusion] frontier city=1703961 ring=4 best=391.17 bar=375 over=1/24 center=482.58 
[2026-10-06 12:55:10]	[CulturalDiffusion] frontier city=1769498 ring=4 best=1 bar=375 over=0/24 center=206.69 
[2026-10-06 12:55:10]	[CulturalDiffusion] frontier city=1835035 ring=4 best=1 bar=375 over=0/24 center=162.96 
[2026-10-06 12:55:10]	[CulturalDiffusion] frontier city=1900572 ring=4 best=25.95 bar=375 over=0/24 center=705.54 
[2026-10-06 12:55:10]	[CulturalDiffusion] flip 77,29 -> player 0 via purchasePlot sent; pending confirmation next pass (was owner -1) 
[2026-10-06 12:55:10]	[CulturalDiffusion] flip 77,28 -> player 0 via purchasePlot sent; pending confirmation next pass (was owner -1) 
[2026-10-06 12:55:10]	[CulturalDiffusion] flip 76,49 -> player 2 via purchasePlot sent; pending confirmation next pass (was owner -1) 
[2026-10-06 12:55:10]	[CulturalDiffusion] flip 81,39 -> player 4 via purchasePlot sent; pending confirmation next pass (was owner -1) 
[2026-10-06 12:55:10]	[CulturalDiffusion] flip 80,39 -> player 4 via purchasePlot sent; pending confirmation next pass (was owner 0) 
[2026-10-06 12:55:10]	[CulturalDiffusion] flip 79,41 -> player 4 via purchasePlot sent; pending confirmation next pass (was owner 0) 
[2026-10-06 12:55:10]	[CulturalDiffusion] flip 79,42 -> player 4 via purchasePlot sent; pending confirmation next pass (was owner 0) 
[2026-10-06 12:55:10]	[CulturalDiffusion] flip 78,42 -> player 4 via purchasePlot sent; pending confirmation next pass (was owner 0) 
[2026-10-06 12:55:10]	[CulturalDiffusion] flip 75,47 -> player 2 via purchasePlot sent; pending confirmation next pass (was owner 4) 
[2026-10-06 12:55:10]	[CulturalDiffusion] flip 78,48 -> player 2 via purchasePlot sent; pending confirmation next pass (was owner 4) 
[2026-10-06 12:55:10]	[CulturalDiffusion] state bytes=38950 field=1117 claims=146 locked=146 passMs=60 
[2026-10-06 12:55:10]	[CulturalDiffusion] pass: 0 flip(s), 2 pending, 0 ceded (0 pending), 0 AI flip(s) (8 pending), 0 conquest(s) (0 pending), confirmed 14 claim/0 cede (0 dropped), 0 orphan(s) healed, 0 inner tile(s) released to base game, 1117 active field tile(s) 
[2026-10-06 12:55:10]	[CulturalDiffusion] pass (turn 78): flips=0 field tiles=260 
[2026-10-06 12:55:11]	[CDH] JSERR TypeError: Cannot read properties of null (reading 'cityId') @ fs://game/bz-map-trix/ui/lenses/layer/bz-religion-layer.js:50 
[2026-10-06 12:55:18]	[CDH] OBS T12: age=AGE_EXPLORATION turn=78 ownerChanges=10 missionaries=5 moved=4 idleWithMoves=0 gone=0 flipsNearMissionary=0 (district 0) onFlipped=0 jsErrors=105 amAuto=true 
[2026-10-06 12:55:18]	[CDH] UNITS T12: ?@77,46 mv=0 ch=? q ?@74,43 mv=0 ch=? q ?@68,31 mv=0 ch=? q ?@73,35 mv=0 ch=? q ?@63,39 mv=0 ch=? q 
[2026-10-06 12:55:18]	[CDH] INV T12: claims=146 stale=0 localInner=17 district=6 center=0 pending=10 bytes=38935 
[2026-10-06 12:55:18]	[CDH] BUY T12: had 5, bought 1 
[2026-10-06 12:56:43]	[CDH] ENDTURN stuck on turn 78 blocker=NEW_POPULATION: one Autoplay turn 
[2026-10-06 12:56:51]	[CDH] JSERR TypeError: Cannot read properties of null (reading 'cityId') @ fs://game/bz-map-trix/ui/lenses/layer/bz-religion-layer.js:50 
[2026-10-06 12:57:00]	[CDH] JSERR Error: Expected this.unit to be non-null. @ fs://game/base-standard/ui/unit-flags/unit-flags.js:348 
[2026-10-06 12:57:00]	[CDH] JSERR Error: Expected this.unit to be non-null. @ fs://game/base-standard/ui/unit-flags/unit-flags.js:348 
[2026-10-06 12:57:03]	[CulturalDiffusion] notify: (77,29) unowned -> player 0 
[2026-10-06 12:57:03]	[CulturalDiffusion] pending 77,29 claim confirmed on the live map 
[2026-10-06 12:57:03]	[CulturalDiffusion] notify: (77,28) unowned -> player 0 
[2026-10-06 12:57:03]	[CulturalDiffusion] pending 77,28 claim confirmed on the live map 
[2026-10-06 12:57:03]	[CulturalDiffusion] notify: (76,49) unowned -> player 2 
[2026-10-06 12:57:03]	[CulturalDiffusion] pending 76,49 claim confirmed on the live map 
[2026-10-06 12:57:03]	[CulturalDiffusion] notify: (81,39) unowned -> player 4 
[2026-10-06 12:57:03]	[CulturalDiffusion] pending 81,39 claim confirmed on the live map 
[2026-10-06 12:57:03]	[CulturalDiffusion] notify: (80,39) player 0 -> player 4 
[2026-10-06 12:57:03]	[CulturalDiffusion] pending 80,39 claim confirmed on the live map 
[2026-10-06 12:57:03]	[CulturalDiffusion] notify: (79,41) player 0 -> player 4 
[2026-10-06 12:57:03]	[CulturalDiffusion] pending 79,41 claim confirmed on the live map 
[2026-10-06 12:57:03]	[CulturalDiffusion] notify: (79,42) player 0 -> player 4 
[2026-10-06 12:57:03]	[CulturalDiffusion] pending 79,42 claim confirmed on the live map 
[2026-10-06 12:57:03]	[CulturalDiffusion] notify: (78,42) player 0 -> player 4 
[2026-10-06 12:57:03]	[CulturalDiffusion] pending 78,42 claim confirmed on the live map 
[2026-10-06 12:57:03]	[CulturalDiffusion] notify: (75,47) player 4 -> player 2 
[2026-10-06 12:57:03]	[CulturalDiffusion] pending 75,47 claim confirmed on the live map 
[2026-10-06 12:57:03]	[CulturalDiffusion] notify: (78,48) player 4 -> player 2 
[2026-10-06 12:57:03]	[CulturalDiffusion] pending 78,48 claim confirmed on the live map 
[2026-10-06 12:57:03]	[CulturalDiffusion] inject 92,32 civ=0 culture=154 vitality=168.53 strength=137.03 stock=29668.17 cap=274064.6 
[2026-10-06 12:57:03]	[CulturalDiffusion] inject 86,20 civ=0 culture=10.61 vitality=98.29 strength=19.93 stock=1870.76 cap=39865.15 
[2026-10-06 12:57:03]	[CulturalDiffusion] inject 77,21 civ=0 culture=0 vitality=26.63 strength=0 stock=377.99 cap=0 
[2026-10-06 12:57:03]	[CulturalDiffusion] inject 82,23 civ=0 culture=0.5 vitality=19.64 strength=1.56 stock=725.78 cap=3115.56 
[2026-10-06 12:57:03]	[CulturalDiffusion] inject 93,26 civ=0 culture=7.52 vitality=13.63 strength=7.98 stock=283.73 cap=15965.92 
[2026-10-06 12:57:03]	[CulturalDiffusion] inject 80,31 civ=0 culture=3 vitality=29.6 strength=5.76 stock=561.36 cap=11526.75 
[2026-10-06 12:57:03]	[CulturalDiffusion] inject 87,32 civ=0 culture=18 vitality=30.42 strength=18.65 stock=1368.02 cap=37295.18 
[2026-10-06 12:57:03]	[CulturalDiffusion] inject 84,35 civ=0 culture=1 vitality=34.35 strength=2.97 stock=189.81 cap=5945.67 
[2026-10-06 12:57:03]	[CulturalDiffusion] inject 90,37 civ=0 culture=5.75 vitality=21.92 strength=7.92 stock=349.52 cap=15839.02 
[2026-10-06 12:57:03]	[CulturalDiffusion] inject 77,36 civ=0 culture=0 vitality=25.4 strength=0 stock=1 cap=0 
[2026-10-06 12:57:03]	[CulturalDiffusion] inject 81,18 civ=0 culture=0.2 vitality=17.28 strength=0.83 stock=149.69 cap=1659.01 
[2026-10-06 12:57:03]	[CulturalDiffusion] inject 79,39 civ=0 culture=0 vitality=22.45 strength=0 stock=8.26 cap=0 
[2026-10-06 12:57:03]	[CulturalDiffusion] inject 78,13 civ=0 culture=1.1 vitality=13.81 strength=2.3 stock=948.84 cap=4602.54 
[2026-10-06 12:57:03]	[CulturalDiffusion] inject 75,41 civ=0 culture=0.52 vitality=12.27 strength=1.35 stock=153.09 cap=2709.36 
[2026-10-06 12:57:03]	[CulturalDiffusion] inject 75,14 civ=0 culture=0 vitality=12.85 strength=0 stock=1312.96 cap=0 
[2026-10-06 12:57:03]	[CulturalDiffusion] inject 71,44 civ=0 culture=3.84 vitality=33.67 strength=7.07 stock=290.87 cap=14148.11 
[2026-10-06 12:57:03]	[CulturalDiffusion] inject 71,39 civ=0 culture=0 vitality=12.77 strength=0 stock=1 cap=0 
[2026-10-06 12:57:03]	[CulturalDiffusion] inject 71,15 civ=0 culture=0 vitality=30.25 strength=0 stock=737.68 cap=0 
[2026-10-06 12:57:03]	[CulturalDiffusion] inject 72,10 civ=0 culture=4 vitality=18.85 strength=5.93 stock=239.89 cap=11866.54 
[2026-10-06 12:57:03]	[CulturalDiffusion] inject 68,19 civ=0 culture=4 vitality=39.91 strength=7.71 stock=420.66 cap=15429.39 
[2026-10-06 12:57:03]	[CulturalDiffusion] inject 67,41 civ=0 culture=25.28 vitality=211.54 strength=45.85 stock=2851.2 cap=91692.45 
[2026-10-06 12:57:03]	[CulturalDiffusion] inject 67,35 civ=0 culture=2 vitality=39.05 strength=4.88 stock=263.54 cap=9758.05 
[2026-10-06 12:57:03]	[CulturalDiffusion] inject 71,33 civ=0 culture=0 vitality=28.45 strength=0 stock=1 cap=0 
[2026-10-06 12:57:03]	[CulturalDiffusion] inject 68,30 civ=0 culture=0 vitality=22.8 strength=0 stock=1 cap=0 
[2026-10-06 12:57:03]	[CulturalDiffusion] inject 64,19 civ=0 culture=5 vitality=25.19 strength=7.59 stock=374.48 cap=15183.24 
[2026-10-06 12:57:03]	[CulturalDiffusion] inject 64,45 civ=0 culture=9 vitality=36.97 strength=12.72 stock=583.1 cap=25446 
[2026-10-06 12:57:03]	[CulturalDiffusion] inject 64,26 civ=0 culture=2 vitality=23.65 strength=4.09 stock=228.15 cap=8187.22 
[2026-10-06 12:57:03]	[CulturalDiffusion] inject 62,32 civ=0 culture=1 vitality=22.25 strength=2.55 stock=176.43 cap=5107.3 
[2026-10-06 12:57:03]	[CulturalDiffusion] inject 64,14 civ=0 culture=14 vitality=47.46 strength=18.51 stock=869.64 cap=37010.36 
[2026-10-06 12:57:03]	[CulturalDiffusion] inject 60,50 civ=2 culture=10.65 vitality=15.68 strength=11.83 stock=824.41 cap=23656.74 
[2026-10-06 12:57:03]	[CulturalDiffusion] inject 67,50 civ=2 culture=2.21 vitality=4.77 strength=2.8 stock=213.97 cap=5606.04 
[2026-10-06 12:57:03]	[CulturalDiffusion] inject 74,52 civ=2 culture=74.8 vitality=39.24 strength=57.9 stock=12023.92 cap=115792.33 
[2026-10-06 12:57:03]	[CulturalDiffusion] inject 83,44 civ=4 culture=11 vitality=27.61 strength=16.76 stock=3182.96 cap=33523.64 
[2026-10-06 12:57:03]	[CulturalDiffusion] inject 79,47 civ=4 culture=11 vitality=33.78 strength=17.99 stock=2301.09 cap=35973.64 
[2026-10-06 12:57:03]	[CulturalDiffusion] inject 75,48 civ=4 culture=16.5 vitality=46.53 strength=26.19 stock=5537.21 cap=52376.01 
[2026-10-06 12:57:03]	[CulturalDiffusion] frontier city=65536 ring=4 best=1842.43 bar=375 over=4/23 center=29668.17 
[2026-10-06 12:57:03]	[CulturalDiffusion] frontier city=131073 ring=4 best=3426.65 bar=375 over=13/24 center=1870.76 
[2026-10-06 12:57:03]	[CulturalDiffusion] frontier city=196610 ring=4 best=3426.65 bar=375 over=17/24 center=377.99 
[2026-10-06 12:57:03]	[CulturalDiffusion] frontier city=262147 ring=4 best=2646.95 bar=375 over=12/24 center=725.78 
[2026-10-06 12:57:03]	[CulturalDiffusion] frontier city=327684 ring=4 best=1842.43 bar=375 over=12/19 center=283.73 
[2026-10-06 12:57:03]	[CulturalDiffusion] frontier city=393221 ring=4 best=3426.65 bar=375 over=14/24 center=561.36 
[2026-10-06 12:57:03]	[CulturalDiffusion] frontier city=458758 ring=4 best=12444.76 bar=375 over=13/24 center=1368.02 
[2026-10-06 12:57:03]	[CulturalDiffusion] frontier city=524295 ring=4 best=3426.65 bar=375 over=9/24 center=189.81 
[2026-10-06 12:57:03]	[CulturalDiffusion] frontier city=589832 ring=4 best=4557.41 bar=375 over=4/24 center=349.52 
[2026-10-06 12:57:03]	[CulturalDiffusion] frontier city=655369 ring=4 best=3426.65 bar=375 over=4/24 center=1 
[2026-10-06 12:57:03]	[CulturalDiffusion] frontier city=720906 ring=4 best=3426.65 bar=375 over=15/24 center=149.69 
[2026-10-06 12:57:03]	[CulturalDiffusion] frontier city=786443 ring=4 best=3426.65 bar=375 over=4/24 center=8.26 
[2026-10-06 12:57:03]	[CulturalDiffusion] frontier city=851980 ring=4 best=3426.65 bar=375 over=9/24 center=948.84 
[2026-10-06 12:57:03]	[CulturalDiffusion] frontier city=917517 ring=4 best=1 bar=375 over=0/24 center=153.09 
[2026-10-06 12:57:03]	[CulturalDiffusion] frontier city=983054 ring=4 best=3426.65 bar=375 over=12/24 center=1312.96 
[2026-10-06 12:57:03]	[CulturalDiffusion] frontier city=1048591 ring=4 best=532.92 bar=375 over=1/24 center=290.87 
[2026-10-06 12:57:03]	[CulturalDiffusion] frontier city=1114128 ring=4 best=746.16 bar=375 over=2/24 center=1 
[2026-10-06 12:57:03]	[CulturalDiffusion] frontier city=1179665 ring=4 best=3426.65 bar=375 over=7/24 center=737.68 
[2026-10-06 12:57:03]	[CulturalDiffusion] frontier city=1245202 ring=4 best=673.03 bar=375 over=2/24 center=239.89 
[2026-10-06 12:57:03]	[CulturalDiffusion] frontier city=1310739 ring=4 best=1842.43 bar=375 over=5/24 center=420.66 
[2026-10-06 12:57:03]	[CulturalDiffusion] frontier city=1376276 ring=4 best=198.62 bar=375 over=0/24 center=2851.2 
[2026-10-06 12:57:03]	[CulturalDiffusion] frontier city=1441813 ring=4 best=105.56 bar=375 over=0/24 center=263.54 
[2026-10-06 12:57:03]	[CulturalDiffusion] frontier city=1507350 ring=4 best=1 bar=375 over=0/24 center=1 
[2026-10-06 12:57:03]	[CulturalDiffusion] frontier city=1572887 ring=4 best=110.43 bar=375 over=0/24 center=1 
[2026-10-06 12:57:03]	[CulturalDiffusion] frontier city=1638424 ring=4 best=420.66 bar=375 over=1/24 center=374.48 
[2026-10-06 12:57:03]	[CulturalDiffusion] frontier city=1703961 ring=4 best=532.92 bar=375 over=2/24 center=583.1 
[2026-10-06 12:57:03]	[CulturalDiffusion] frontier city=1769498 ring=4 best=1 bar=375 over=0/24 center=228.15 
[2026-10-06 12:57:03]	[CulturalDiffusion] frontier city=1835035 ring=4 best=1 bar=375 over=0/24 center=176.43 
[2026-10-06 12:57:03]	[CulturalDiffusion] frontier city=1900572 ring=4 best=36.8 bar=375 over=0/24 center=869.64 
[2026-10-06 12:57:03]	[CulturalDiffusion] flip 84,38 -> player 4 via purchasePlot sent; pending confirmation next pass (was owner -1) 
[2026-10-06 12:57:03]	[CulturalDiffusion] flip 83,38 -> player 4 via purchasePlot sent; pending confirmation next pass (was owner -1) 
[2026-10-06 12:57:03]	[CulturalDiffusion] flip 85,38 -> player 4 via purchasePlot sent; pending confirmation next pass (was owner -1) 
[2026-10-06 12:57:03]	[CulturalDiffusion] flip 87,40 -> player 4 via purchasePlot sent; pending confirmation next pass (was owner -1) 
[2026-10-06 12:57:03]	[CulturalDiffusion] flip 78,41 -> player 4 via purchasePlot sent; pending confirmation next pass (was owner 0) 
[2026-10-06 12:57:03]	[CulturalDiffusion] flip 77,41 -> player 4 via purchasePlot sent; pending confirmation next pass (was owner 0) 
[2026-10-06 12:57:03]	[CulturalDiffusion] state bytes=41042 field=1130 claims=156 locked=156 passMs=57 
[2026-10-06 12:57:03]	[CulturalDiffusion] pass: 0 flip(s), 0 pending, 0 ceded (0 pending), 0 AI flip(s) (6 pending), 0 conquest(s) (0 pending), confirmed 10 claim/0 cede (0 dropped), 0 orphan(s) healed, 0 inner tile(s) released to base game, 1130 active field tile(s) 
[2026-10-06 12:57:03]	[CulturalDiffusion] pass (turn 79): flips=0 field tiles=262 
[2026-10-06 12:57:04]	[CDH] TURN k=13 turn=79 age=AGE_EXPLORATION blocker=NEW_POPULATION 
[2026-10-06 12:57:04]	[CDH] JSERR TypeError: Cannot read properties of null (reading 'cityId') @ fs://game/bz-map-trix/ui/lenses/layer/bz-religion-layer.js:50 
[2026-10-06 12:57:04]	[CDH] JSERR TypeError: Cannot read properties of null (reading 'cityId') @ fs://game/bz-map-trix/ui/lenses/layer/bz-religion-layer.js:50 
[2026-10-06 12:57:04]	[CDH] JSERR TypeError: Cannot read properties of null (reading 'cityId') @ fs://game/bz-map-trix/ui/lenses/layer/bz-religion-layer.js:50 
[2026-10-06 12:57:05]	[CDH] JSERR TypeError: Cannot read properties of null (reading 'cityId') @ fs://game/bz-map-trix/ui/lenses/layer/bz-religion-layer.js:50 
[2026-10-06 12:57:05]	[CDH] JSERR TypeError: Cannot read properties of null (reading 'cityId') @ fs://game/bz-map-trix/ui/lenses/layer/bz-religion-layer.js:50 
[2026-10-06 12:57:05]	[CDH] JSERR TypeError: Cannot read properties of null (reading 'cityId') @ fs://game/bz-map-trix/ui/lenses/layer/bz-religion-layer.js:50 
[2026-10-06 12:57:13]	[CDH] OBS T13: age=AGE_EXPLORATION turn=79 ownerChanges=6 missionaries=6 moved=6 idleWithMoves=0 gone=0 flipsNearMissionary=1 (district 0) onFlipped=0 jsErrors=114 amAuto=true 
[2026-10-06 12:57:13]	[CDH] OBS-NEAR T13: 77,41 0->4 none 
[2026-10-06 12:57:13]	[CDH] UNITS T13: ?@80,47 mv=0 ch=3 q ?@77,40 mv=0 ch=3 q ?@68,30 mv=0 ch=1 ?@75,35 mv=0 ch=1 q ?@74,43 mv=0 ch=? q ?@62,37 mv=0 ch=? q 
[2026-10-06 12:57:13]	[CDH] INV T13: claims=156 stale=0 localInner=22 district=6 center=0 pending=6 bytes=41027 
[2026-10-06 12:57:20]	[CDH] JSERR TypeError: Cannot read properties of null (reading 'cityId') @ fs://game/bz-map-trix/ui/lenses/layer/bz-religion-layer.js:50 
[2026-10-06 12:57:20]	[CDH] JSERR TypeError: Cannot read properties of null (reading 'cityId') @ fs://game/bz-map-trix/ui/lenses/layer/bz-religion-layer.js:50 
[2026-10-06 12:57:21]	[CDH] JSERR TypeError: Cannot read properties of null (reading 'cityId') @ fs://game/bz-map-trix/ui/lenses/layer/bz-religion-layer.js:50 
[2026-10-06 12:57:21]	[CDH] JSERR TypeError: Cannot read properties of null (reading 'cityId') @ fs://game/bz-map-trix/ui/lenses/layer/bz-religion-layer.js:50 
[2026-10-06 12:57:21]	[CDH] JSERR TypeError: Cannot read properties of null (reading 'cityId') @ fs://game/bz-map-trix/ui/lenses/layer/bz-religion-layer.js:50 
[2026-10-06 12:57:22]	[CDH] JSERR Error: Expected this.unit to be non-null. @ fs://game/base-standard/ui/unit-flags/unit-flags.js:348 
[2026-10-06 12:57:23]	[CDH] JSERR Error: Expected this.unit to be non-null. @ fs://game/base-standard/ui/unit-flags/unit-flags.js:348 
[2026-10-06 12:57:30]	[CDH] JSERR Error: Expected this.unit to be non-null. @ fs://game/base-standard/ui/unit-flags/unit-flags.js:348 
[2026-10-06 12:57:30]	[CDH] JSERR Error: Expected this.unit to be non-null. @ fs://game/base-standard/ui/unit-flags/unit-flags.js:348 
[2026-10-06 12:57:30]	[CDH] JSERR Error: Expected this.unit to be non-null. @ fs://game/base-standard/ui/unit-flags/unit-flags.js:348 
[2026-10-06 12:57:33]	[CulturalDiffusion] notify: (84,38) unowned -> player 4 
[2026-10-06 12:57:33]	[CulturalDiffusion] pending 84,38 claim confirmed on the live map 
[2026-10-06 12:57:33]	[CulturalDiffusion] notify: (83,38) unowned -> player 4 
[2026-10-06 12:57:33]	[CulturalDiffusion] pending 83,38 claim confirmed on the live map 
[2026-10-06 12:57:33]	[CulturalDiffusion] notify: (85,38) unowned -> player 4 
[2026-10-06 12:57:33]	[CulturalDiffusion] pending 85,38 claim confirmed on the live map 
[2026-10-06 12:57:33]	[CulturalDiffusion] notify: (87,40) unowned -> player 4 
[2026-10-06 12:57:33]	[CulturalDiffusion] pending 87,40 claim confirmed on the live map 
[2026-10-06 12:57:33]	[CulturalDiffusion] notify: (78,41) player 0 -> player 4 
[2026-10-06 12:57:33]	[CulturalDiffusion] pending 78,41 claim confirmed on the live map 
[2026-10-06 12:57:33]	[CulturalDiffusion] notify: (77,41) player 0 -> player 4 
[2026-10-06 12:57:33]	[CulturalDiffusion] pending 77,41 claim confirmed on the live map 
[2026-10-06 12:57:33]	[CulturalDiffusion] inject 92,32 civ=0 culture=154 vitality=168.53 strength=138.54 stock=37436.02 cap=277087.66 
[2026-10-06 12:57:33]	[CulturalDiffusion] inject 86,20 civ=0 culture=10.61 vitality=98.29 strength=20.15 stock=2123.81 cap=40304.88 
[2026-10-06 12:57:33]	[CulturalDiffusion] inject 77,21 civ=0 culture=0 vitality=26.63 strength=0 stock=495.34 cap=0 
[2026-10-06 12:57:33]	[CulturalDiffusion] inject 82,23 civ=0 culture=0.5 vitality=19.64 strength=1.57 stock=714.93 cap=3149.93 
[2026-10-06 12:57:33]	[CulturalDiffusion] inject 93,26 civ=0 culture=7.52 vitality=13.63 strength=8.07 stock=331.19 cap=16142.04 
[2026-10-06 12:57:33]	[CulturalDiffusion] inject 80,31 civ=0 culture=3 vitality=29.6 strength=5.83 stock=595.76 cap=11653.9 
[2026-10-06 12:57:33]	[CulturalDiffusion] inject 87,32 civ=0 culture=18 vitality=30.42 strength=18.85 stock=1578.69 cap=37706.57 
[2026-10-06 12:57:33]	[CulturalDiffusion] inject 84,35 civ=0 culture=1 vitality=34.35 strength=3.01 stock=205.35 cap=6011.25 
[2026-10-06 12:57:33]	[CulturalDiffusion] inject 90,37 civ=0 culture=5.75 vitality=21.92 strength=8.01 stock=399.02 cap=16013.73 
[2026-10-06 12:57:33]	[CulturalDiffusion] inject 77,36 civ=0 culture=0 vitality=25.4 strength=0 stock=1 cap=0 
[2026-10-06 12:57:33]	[CulturalDiffusion] inject 81,18 civ=0 culture=0.2 vitality=17.28 strength=0.84 stock=155.18 cap=1677.31 
[2026-10-06 12:57:33]	[CulturalDiffusion] inject 79,39 civ=0 culture=0 vitality=22.45 strength=0 stock=23.81 cap=0 
[2026-10-06 12:57:33]	[CulturalDiffusion] inject 78,13 civ=0 culture=0.9 vitality=11.62 strength=1.92 stock=933.35 cap=3848.1 
[2026-10-06 12:57:33]	[CulturalDiffusion] inject 75,41 civ=0 culture=0.52 vitality=12.27 strength=1.37 stock=163.59 cap=2739.24 
[2026-10-06 12:57:33]	[CulturalDiffusion] inject 75,14 civ=0 culture=0 vitality=11.6 strength=0 stock=1282.16 cap=0 
[2026-10-06 12:57:33]	[CulturalDiffusion] inject 71,44 civ=0 culture=3.84 vitality=33.67 strength=7.15 stock=343.69 cap=14304.17 
[2026-10-06 12:57:33]	[CulturalDiffusion] inject 71,39 civ=0 culture=0 vitality=11.34 strength=0 stock=1 cap=0 
[2026-10-06 12:57:33]	[CulturalDiffusion] inject 71,15 civ=0 culture=0 vitality=30.25 strength=0 stock=825.17 cap=0 
[2026-10-06 12:57:33]	[CulturalDiffusion] inject 72,10 civ=0 culture=4 vitality=18.85 strength=6 stock=272.88 cap=11997.43 
[2026-10-06 12:57:33]	[CulturalDiffusion] inject 68,19 civ=0 culture=4 vitality=39.91 strength=7.8 stock=470.59 cap=15599.58 
[2026-10-06 12:57:33]	[CulturalDiffusion] inject 67,41 civ=0 culture=25.28 vitality=210.14 strength=46.24 stock=3673.99 cap=92488.66 
[2026-10-06 12:57:33]	[CulturalDiffusion] inject 67,35 civ=0 culture=2 vitality=39.05 strength=4.93 stock=290.38 cap=9865.68 
[2026-10-06 12:57:33]	[CulturalDiffusion] inject 71,33 civ=0 culture=0 vitality=28.45 strength=0 stock=1 cap=0 
[2026-10-06 12:57:33]	[CulturalDiffusion] inject 68,30 civ=0 culture=0 vitality=22.8 strength=0 stock=1 cap=0 
[2026-10-06 12:57:33]	[CulturalDiffusion] inject 64,19 civ=0 culture=5 vitality=25.19 strength=7.68 stock=422.29 cap=15350.71 
[2026-10-06 12:57:33]	[CulturalDiffusion] inject 64,45 civ=0 culture=9 vitality=36.97 strength=12.86 stock=692.11 cap=25726.68 
[2026-10-06 12:57:33]	[CulturalDiffusion] inject 64,26 civ=0 culture=2 vitality=23.65 strength=4.14 stock=249.96 cap=8277.53 
[2026-10-06 12:57:33]	[CulturalDiffusion] inject 62,32 civ=0 culture=1 vitality=22.25 strength=2.58 stock=189.89 cap=5163.64 
[2026-10-06 12:57:33]	[CulturalDiffusion] inject 64,14 civ=0 culture=14 vitality=47.46 strength=18.71 stock=1048.84 cap=37418.6 
[2026-10-06 12:57:33]	[CulturalDiffusion] inject 60,50 civ=2 culture=10.65 vitality=15.68 strength=11.7 stock=922.34 cap=23406.86 
[2026-10-06 12:57:33]	[CulturalDiffusion] inject 67,50 civ=2 culture=1.36 vitality=4 strength=1.91 stock=223.08 cap=3813.09 
[2026-10-06 12:57:33]	[CulturalDiffusion] inject 74,52 civ=2 culture=74.8 vitality=40.44 strength=57.89 stock=13890.31 cap=115783.52 
[2026-10-06 12:57:33]	[CulturalDiffusion] inject 83,44 civ=4 culture=11 vitality=27.61 strength=16.77 stock=3399.21 cap=33537.32 
[2026-10-06 12:57:33]	[CulturalDiffusion] inject 79,47 civ=4 culture=11 vitality=33.78 strength=17.99 stock=2530.57 cap=35988.32 
[2026-10-06 12:57:33]	[CulturalDiffusion] inject 75,48 civ=4 culture=16.5 vitality=46.53 strength=26.2 stock=6040.42 cap=52397.38 
[2026-10-06 12:57:33]	[CulturalDiffusion] frontier city=65536 ring=4 best=1749.31 bar=375 over=4/23 center=37436.02 
[2026-10-06 12:57:33]	[CulturalDiffusion] frontier city=131073 ring=4 best=3254.32 bar=375 over=13/24 center=2123.81 
[2026-10-06 12:57:33]	[CulturalDiffusion] frontier city=196610 ring=4 best=3254.32 bar=375 over=17/24 center=495.34 
[2026-10-06 12:57:33]	[CulturalDiffusion] frontier city=262147 ring=4 best=2513.6 bar=375 over=12/24 center=714.93 
[2026-10-06 12:57:33]	[CulturalDiffusion] frontier city=327684 ring=4 best=1749.31 bar=375 over=12/19 center=331.19 
[2026-10-06 12:57:33]	[CulturalDiffusion] frontier city=393221 ring=4 best=3254.32 bar=375 over=14/24 center=595.76 
[2026-10-06 12:57:33]	[CulturalDiffusion] frontier city=458758 ring=4 best=16681.41 bar=375 over=14/24 center=1578.69 
[2026-10-06 12:57:33]	[CulturalDiffusion] frontier city=524295 ring=4 best=3254.32 bar=375 over=9/24 center=205.35 
[2026-10-06 12:57:33]	[CulturalDiffusion] frontier city=589832 ring=4 best=5933.63 bar=375 over=4/24 center=399.02 
[2026-10-06 12:57:33]	[CulturalDiffusion] frontier city=655369 ring=4 best=3254.32 bar=375 over=4/24 center=1 
[2026-10-06 12:57:33]	[CulturalDiffusion] frontier city=720906 ring=4 best=3254.32 bar=375 over=15/24 center=155.18 
[2026-10-06 12:57:33]	[CulturalDiffusion] frontier city=786443 ring=4 best=3254.32 bar=375 over=4/24 center=23.81 
[2026-10-06 12:57:33]	[CulturalDiffusion] frontier city=851980 ring=4 best=3254.32 bar=375 over=10/24 center=933.35 
[2026-10-06 12:57:33]	[CulturalDiffusion] frontier city=917517 ring=4 best=1 bar=375 over=0/24 center=163.59 
[2026-10-06 12:57:33]	[CulturalDiffusion] frontier city=983054 ring=4 best=3254.32 bar=375 over=12/24 center=1282.16 
[2026-10-06 12:57:33]	[CulturalDiffusion] frontier city=1048591 ring=4 best=723.26 bar=375 over=1/24 center=343.69 
[2026-10-06 12:57:33]	[CulturalDiffusion] frontier city=1114128 ring=4 best=1001.66 bar=375 over=2/24 center=1 
[2026-10-06 12:57:33]	[CulturalDiffusion] frontier city=1179665 ring=4 best=3254.32 bar=375 over=7/24 center=825.17 
[2026-10-06 12:57:33]	[CulturalDiffusion] frontier city=1245202 ring=4 best=683.82 bar=375 over=3/24 center=272.88 
[2026-10-06 12:57:33]	[CulturalDiffusion] frontier city=1310739 ring=4 best=1749.31 bar=375 over=6/24 center=470.59 
[2026-10-06 12:57:33]	[CulturalDiffusion] frontier city=1376276 ring=4 best=250.01 bar=375 over=0/24 center=3673.99 
[2026-10-06 12:57:33]	[CulturalDiffusion] frontier city=1441813 ring=4 best=158.23 bar=375 over=0/24 center=290.38 
[2026-10-06 12:57:33]	[CulturalDiffusion] frontier city=1507350 ring=4 best=1 bar=375 over=0/24 center=1 
[2026-10-06 12:57:33]	[CulturalDiffusion] frontier city=1572887 ring=4 best=137.23 bar=375 over=0/24 center=1 
[2026-10-06 12:57:33]	[CulturalDiffusion] frontier city=1638424 ring=4 best=470.59 bar=375 over=1/24 center=422.29 
[2026-10-06 12:57:33]	[CulturalDiffusion] frontier city=1703961 ring=4 best=723.26 bar=375 over=2/24 center=692.11 
[2026-10-06 12:57:33]	[CulturalDiffusion] frontier city=1769498 ring=4 best=1 bar=375 over=0/24 center=249.96 
[2026-10-06 12:57:33]	[CulturalDiffusion] frontier city=1835035 ring=4 best=1 bar=375 over=0/24 center=189.89 
[2026-10-06 12:57:33]	[CulturalDiffusion] frontier city=1900572 ring=4 best=41.94 bar=375 over=0/24 center=1048.84 
[2026-10-06 12:57:33]	[CulturalDiffusion] state bytes=41318 field=1135 claims=162 locked=162 passMs=69 
[2026-10-06 12:57:33]	[CulturalDiffusion] pass: 0 flip(s), 0 pending, 0 ceded (0 pending), 0 AI flip(s) (0 pending), 0 conquest(s) (0 pending), confirmed 6 claim/0 cede (0 dropped), 0 orphan(s) healed, 0 inner tile(s) released to base game, 1135 active field tile(s) 
[2026-10-06 12:57:33]	[CulturalDiffusion] pass (turn 80): flips=0 field tiles=272 
[2026-10-06 12:57:33]	[CDH] JSERR TypeError: Cannot read properties of null (reading 'cityId') @ fs://game/bz-map-trix/ui/lenses/layer/bz-religion-layer.js:50 
[2026-10-06 12:57:34]	[CDH] TURN k=14 turn=80 age=AGE_EXPLORATION blocker=NEW_POPULATION 
[2026-10-06 12:57:43]	[CDH] OBS T14: age=AGE_EXPLORATION turn=80 ownerChanges=0 missionaries=6 moved=5 idleWithMoves=0 gone=0 flipsNearMissionary=0 (district 0) onFlipped=0 jsErrors=125 amAuto=true 
[2026-10-06 12:57:43]	[CDH] UNITS T14: ?@83,49 mv=0 ch=? q ?@78,38 mv=0 ch=? q ?@65,27 mv=0 ch=? q ?@77,35 mv=0 ch=? q ?@77,41 mv=0 ch=? q ?@61,35 mv=0 ch=? q 
[2026-10-06 12:57:43]	[CDH] INV T14: claims=162 stale=0 localInner=27 district=6 center=0 pending=0 bytes=41303 
[2026-10-06 12:57:53]	[CDH] JSERR TypeError: Cannot read properties of null (reading 'cityId') @ fs://game/bz-map-trix/ui/lenses/layer/bz-religion-layer.js:50 
[2026-10-06 12:57:53]	[CDH] JSERR TypeError: Cannot read properties of null (reading 'cityId') @ fs://game/bz-map-trix/ui/lenses/layer/bz-religion-layer.js:50 
[2026-10-06 12:57:53]	[CDH] JSERR TypeError: Cannot read properties of null (reading 'cityId') @ fs://game/bz-map-trix/ui/lenses/layer/bz-religion-layer.js:50 
[2026-10-06 12:58:01]	[CDH] JSERR Error: Expected this.unit to be non-null. @ fs://game/base-standard/ui/unit-flags/unit-flags.js:348 
[2026-10-06 12:58:04]	[CDH] TURN k=15 turn=81 age=AGE_EXPLORATION blocker=NEW_POPULATION 
[2026-10-06 12:58:04]	[CulturalDiffusion] inject 92,32 civ=0 culture=154 vitality=167.31 strength=139.8 stock=46049.33 cap=279601.54 
[2026-10-06 12:58:04]	[CulturalDiffusion] inject 86,20 civ=0 culture=10.61 vitality=97.41 strength=20.32 stock=2389.37 cap=40647.11 
[2026-10-06 12:58:04]	[CulturalDiffusion] inject 77,21 civ=0 culture=0 vitality=26.63 strength=0 stock=603.53 cap=0 
[2026-10-06 12:58:04]	[CulturalDiffusion] inject 82,23 civ=0 culture=0.5 vitality=19.64 strength=1.59 stock=704.68 cap=3186.64 
[2026-10-06 12:58:04]	[CulturalDiffusion] inject 93,26 civ=0 culture=7.52 vitality=13.63 strength=8.17 stock=381.18 cap=16330.13 
[2026-10-06 12:58:04]	[CulturalDiffusion] inject 80,31 civ=0 culture=3 vitality=27.2 strength=5.72 stock=629.07 cap=11445.89 
[2026-10-06 12:58:04]	[CulturalDiffusion] inject 87,32 civ=0 culture=18 vitality=30.42 strength=19.07 stock=1802.26 cap=38145.93 
[2026-10-06 12:58:04]	[CulturalDiffusion] inject 84,35 civ=0 culture=1 vitality=32.45 strength=2.98 stock=220.63 cap=5961.38 
[2026-10-06 12:58:04]	[CulturalDiffusion] inject 90,37 civ=0 culture=5.75 vitality=21.92 strength=8.1 stock=450.74 cap=16200.33 
[2026-10-06 12:58:04]	[CulturalDiffusion] inject 77,36 civ=0 culture=0 vitality=23.5 strength=0 stock=19.15 cap=0 
[2026-10-06 12:58:04]	[CulturalDiffusion] inject 81,18 civ=0 culture=0.2 vitality=17.28 strength=0.85 stock=160.52 cap=1696.86 
[2026-10-06 12:58:04]	[CulturalDiffusion] inject 79,39 civ=0 culture=0 vitality=22.45 strength=0 stock=73.08 cap=0 
[2026-10-06 12:58:04]	[CulturalDiffusion] inject 78,13 civ=0 culture=0.9 vitality=11.62 strength=1.95 stock=918.71 cap=3892.94 
[2026-10-06 12:58:04]	[CulturalDiffusion] inject 75,41 civ=0 culture=0.52 vitality=12.27 strength=1.39 stock=173.73 cap=2771.16 
[2026-10-06 12:58:04]	[CulturalDiffusion] inject 75,14 civ=0 culture=0 vitality=11.6 strength=0 stock=1217.72 cap=0 
[2026-10-06 12:58:04]	[CulturalDiffusion] inject 71,44 civ=0 culture=3.84 vitality=33.67 strength=7.24 stock=400.99 cap=14470.85 
[2026-10-06 12:58:04]	[CulturalDiffusion] inject 71,39 civ=0 culture=0 vitality=10.52 strength=0 stock=1 cap=0 
[2026-10-06 12:58:04]	[CulturalDiffusion] inject 71,15 civ=0 culture=0 vitality=30.25 strength=0 stock=918.68 cap=0 
[2026-10-06 12:58:04]	[CulturalDiffusion] inject 72,10 civ=0 culture=4 vitality=18.85 strength=6.07 stock=307.06 cap=12137.23 
[2026-10-06 12:58:04]	[CulturalDiffusion] inject 68,19 civ=0 culture=4 vitality=39.91 strength=7.89 stock=522.35 cap=15781.36 
[2026-10-06 12:58:04]	[CulturalDiffusion] inject 67,41 civ=0 culture=25.28 vitality=209.09 strength=46.7 stock=4595.63 cap=93402.47 
[2026-10-06 12:58:04]	[CulturalDiffusion] inject 67,35 civ=0 culture=2 vitality=39.05 strength=4.99 stock=317.79 cap=9980.64 
[2026-10-06 12:58:04]	[CulturalDiffusion] inject 71,33 civ=0 culture=0 vitality=28.45 strength=0 stock=1 cap=0 
[2026-10-06 12:58:04]	[CulturalDiffusion] inject 68,30 civ=0 culture=0 vitality=22.8 strength=0 stock=1 cap=0 
[2026-10-06 12:58:04]	[CulturalDiffusion] inject 64,19 civ=0 culture=5 vitality=25.19 strength=7.76 stock=471.97 cap=15529.59 
[2026-10-06 12:58:04]	[CulturalDiffusion] inject 64,45 civ=0 culture=9 vitality=36.97 strength=13.01 stock=809.53 cap=26026.46 
[2026-10-06 12:58:04]	[CulturalDiffusion] inject 64,26 civ=0 culture=2 vitality=23.65 strength=4.19 stock=272.1 cap=8373.98 
[2026-10-06 12:58:04]	[CulturalDiffusion] inject 62,32 civ=0 culture=1 vitality=22.25 strength=2.61 stock=203.34 cap=5223.81 
[2026-10-06 12:58:04]	[CulturalDiffusion] inject 64,14 civ=0 culture=14 vitality=47.46 strength=18.93 stock=1242.8 cap=37854.61 
[2026-10-06 12:58:04]	[CulturalDiffusion] inject 60,50 civ=2 culture=12.1 vitality=18.62 strength=13.67 stock=1045.96 cap=27331.26 
[2026-10-06 12:58:04]	[CulturalDiffusion] inject 67,50 civ=2 culture=1.36 vitality=4 strength=1.93 stock=232.08 cap=3858.47 
[2026-10-06 12:58:04]	[CulturalDiffusion] inject 74,52 civ=2 culture=74.8 vitality=40.61 strength=58.67 stock=15882.8 cap=117338.49 
[2026-10-06 12:58:04]	[CulturalDiffusion] inject 83,44 civ=4 culture=11 vitality=27.61 strength=16.78 stock=3617.23 cap=33566.28 
[2026-10-06 12:58:04]	[CulturalDiffusion] inject 79,47 civ=4 culture=11 vitality=33.78 strength=18.01 stock=2765.39 cap=36019.4 
[2026-10-06 12:58:04]	[CulturalDiffusion] inject 75,48 civ=4 culture=16.5 vitality=46.53 strength=26.22 stock=6551.83 cap=52442.63 
[2026-10-06 12:58:04]	[CulturalDiffusion] frontier city=65536 ring=4 best=1660.84 bar=375 over=5/23 center=46049.33 
[2026-10-06 12:58:04]	[CulturalDiffusion] frontier city=131073 ring=4 best=3090.6 bar=375 over=13/24 center=2389.37 
[2026-10-06 12:58:04]	[CulturalDiffusion] frontier city=196610 ring=4 best=3090.6 bar=375 over=17/24 center=603.53 
[2026-10-06 12:58:04]	[CulturalDiffusion] frontier city=262147 ring=4 best=2386.92 bar=375 over=12/24 center=704.68 
[2026-10-06 12:58:04]	[CulturalDiffusion] frontier city=327684 ring=4 best=1881.92 bar=375 over=12/19 center=381.18 
[2026-10-06 12:58:04]	[CulturalDiffusion] frontier city=393221 ring=4 best=3090.6 bar=375 over=14/24 center=629.07 
[2026-10-06 12:58:04]	[CulturalDiffusion] frontier city=458758 ring=4 best=21980.01 bar=375 over=15/24 center=1802.26 
[2026-10-06 12:58:04]	[CulturalDiffusion] frontier city=524295 ring=4 best=3090.6 bar=375 over=9/24 center=220.63 
[2026-10-06 12:58:04]	[CulturalDiffusion] frontier city=589832 ring=4 best=7487.2 bar=375 over=4/24 center=450.74 
[2026-10-06 12:58:04]	[CulturalDiffusion] frontier city=655369 ring=4 best=3090.6 bar=375 over=6/24 center=19.15 
[2026-10-06 12:58:04]	[CulturalDiffusion] frontier city=720906 ring=4 best=3090.6 bar=375 over=15/24 center=160.52 
[2026-10-06 12:58:04]	[CulturalDiffusion] frontier city=786443 ring=4 best=3090.6 bar=375 over=4/24 center=73.08 
[2026-10-06 12:58:04]	[CulturalDiffusion] frontier city=851980 ring=4 best=3090.6 bar=375 over=9/24 center=918.71 
[2026-10-06 12:58:04]	[CulturalDiffusion] frontier city=917517 ring=4 best=29.9 bar=375 over=0/24 center=173.73 
[2026-10-06 12:58:04]	[CulturalDiffusion] frontier city=983054 ring=4 best=3090.6 bar=375 over=12/24 center=1217.72 
[2026-10-06 12:58:04]	[CulturalDiffusion] frontier city=1048591 ring=4 best=968.16 bar=375 over=2/24 center=400.99 
[2026-10-06 12:58:04]	[CulturalDiffusion] frontier city=1114128 ring=4 best=1330.75 bar=375 over=2/24 center=1 
[2026-10-06 12:58:04]	[CulturalDiffusion] frontier city=1179665 ring=4 best=3090.6 bar=375 over=7/24 center=918.68 
[2026-10-06 12:58:04]	[CulturalDiffusion] frontier city=1245202 ring=4 best=738.54 bar=375 over=3/24 center=307.06 
[2026-10-06 12:58:04]	[CulturalDiffusion] frontier city=1310739 ring=4 best=1660.84 bar=375 over=6/24 center=522.35 
[2026-10-06 12:58:04]	[CulturalDiffusion] frontier city=1376276 ring=4 best=310.7 bar=375 over=0/24 center=4595.63 
[2026-10-06 12:58:04]	[CulturalDiffusion] frontier city=1441813 ring=4 best=228.78 bar=375 over=0/24 center=317.79 
[2026-10-06 12:58:04]	[CulturalDiffusion] frontier city=1507350 ring=4 best=15.81 bar=375 over=0/24 center=1 
[2026-10-06 12:58:04]	[CulturalDiffusion] frontier city=1572887 ring=4 best=166.16 bar=375 over=0/24 center=1 
[2026-10-06 12:58:04]	[CulturalDiffusion] frontier city=1638424 ring=4 best=522.35 bar=375 over=2/24 center=471.97 
[2026-10-06 12:58:04]	[CulturalDiffusion] frontier city=1703961 ring=4 best=968.16 bar=375 over=2/24 center=809.53 
[2026-10-06 12:58:04]	[CulturalDiffusion] frontier city=1769498 ring=4 best=1 bar=375 over=0/24 center=272.1 
[2026-10-06 12:58:04]	[CulturalDiffusion] frontier city=1835035 ring=4 best=1 bar=375 over=0/24 center=203.34 
[2026-10-06 12:58:04]	[CulturalDiffusion] frontier city=1900572 ring=4 best=47.3 bar=375 over=0/24 center=1242.8 
[2026-10-06 12:58:04]	[CulturalDiffusion] state bytes=42790 field=1141 claims=162 locked=146 passMs=58 
[2026-10-06 12:58:04]	[CulturalDiffusion] pass: 0 flip(s), 0 pending, 0 ceded (0 pending), 0 AI flip(s) (0 pending), 0 conquest(s) (0 pending), confirmed 0 claim/0 cede (0 dropped), 0 orphan(s) healed, 0 inner tile(s) released to base game, 1141 active field tile(s) 
[2026-10-06 12:58:04]	[CulturalDiffusion] pass (turn 81): flips=0 field tiles=273 
[2026-10-06 12:58:05]	[CDH] JSERR TypeError: Cannot read properties of null (reading 'cityId') @ fs://game/bz-map-trix/ui/lenses/layer/bz-religion-layer.js:50 
[2026-10-06 12:58:05]	[CDH] JSERR TypeError: Cannot read properties of null (reading 'cityId') @ fs://game/bz-map-trix/ui/lenses/layer/bz-religion-layer.js:50 
[2026-10-06 12:58:05]	[CDH] JSERR TypeError: Cannot read properties of null (reading 'cityId') @ fs://game/bz-map-trix/ui/lenses/layer/bz-religion-layer.js:50 
[2026-10-06 12:58:06]	[CDH] JSERR TypeError: Cannot read properties of null (reading 'cityId') @ fs://game/bz-map-trix/ui/lenses/layer/bz-religion-layer.js:50 
[2026-10-06 12:58:06]	[CDH] JSERR TypeError: Cannot read properties of null (reading 'cityId') @ fs://game/bz-map-trix/ui/lenses/layer/bz-religion-layer.js:50 
[2026-10-06 12:58:06]	[CDH] JSERR TypeError: Cannot read properties of null (reading 'cityId') @ fs://game/bz-map-trix/ui/lenses/layer/bz-religion-layer.js:50 
[2026-10-06 12:58:13]	[CDH] OBS T15: age=AGE_EXPLORATION turn=81 ownerChanges=0 missionaries=4 moved=4 idleWithMoves=0 gone=0 flipsNearMissionary=0 (district 0) onFlipped=0 jsErrors=135 amAuto=true 
[2026-10-06 12:58:13]	[CDH] UNITS T15: ?@86,50 mv=0 ch=? q ?@77,36 mv=0 ch=3 ?@79,39 mv=0 ch=3 ?@61,33 mv=0 ch=? q 
[2026-10-06 12:58:13]	[CDH] INV T15: claims=162 stale=0 localInner=27 district=6 center=0 pending=0 bytes=42775 
[2026-10-06 12:58:13]	[CDH] SEED T15: 280 frontier tiles seeded, state bytes=44365 
[2026-10-06 12:58:13]	[CDH] BUY T15: had 4, bought 2 
[2026-10-06 12:58:13]	[CDH] JSERR TypeError: Cannot read properties of null (reading 'cityId') @ fs://game/bz-map-trix/ui/lenses/layer/bz-religion-layer.js:50 
[2026-10-06 12:58:30]	[CDH] JSERR Error: Expected this.unit to be non-null. @ fs://game/base-standard/ui/unit-flags/unit-flags.js:348 
[2026-10-06 12:58:32]	[CDH] TURN k=16 turn=82 age=AGE_EXPLORATION blocker=NEW_POPULATION 
[2026-10-06 12:58:33]	[CulturalDiffusion] inject 92,32 civ=0 culture=154 vitality=167.31 strength=140.34 stock=55419.53 cap=280677.6 
[2026-10-06 12:58:33]	[CulturalDiffusion] inject 86,20 civ=0 culture=10.61 vitality=97.41 strength=20.4 stock=2665.14 cap=40803.54 
[2026-10-06 12:58:33]	[CulturalDiffusion] inject 77,21 civ=0 culture=0 vitality=26.63 strength=0 stock=578.25 cap=0 
[2026-10-06 12:58:33]	[CulturalDiffusion] inject 82,23 civ=0 culture=0.5 vitality=19.64 strength=1.6 stock=694.89 cap=3198.9 
[2026-10-06 12:58:33]	[CulturalDiffusion] inject 93,26 civ=0 culture=7.52 vitality=13.63 strength=8.2 stock=433.1 cap=16392.98 
[2026-10-06 12:58:33]	[CulturalDiffusion] inject 80,31 civ=0 culture=3 vitality=27.2 strength=5.74 stock=662.43 cap=11489.94 
[2026-10-06 12:58:33]	[CulturalDiffusion] inject 87,32 civ=0 culture=18 vitality=30.42 strength=19.15 stock=2035.95 cap=38292.74 
[2026-10-06 12:58:33]	[CulturalDiffusion] inject 84,35 civ=0 culture=1 vitality=32.45 strength=2.99 stock=235.81 cap=5984.32 
[2026-10-06 12:58:33]	[CulturalDiffusion] inject 90,37 civ=0 culture=5.75 vitality=21.92 strength=8.13 stock=504.06 cap=16262.67 
[2026-10-06 12:58:33]	[CulturalDiffusion] inject 77,36 civ=0 culture=0 vitality=23.5 strength=0 stock=57.67 cap=0 
[2026-10-06 12:58:33]	[CulturalDiffusion] inject 81,18 civ=0 culture=0.2 vitality=17.28 strength=0.85 stock=165.67 cap=1703.39 
[2026-10-06 12:58:33]	[CulturalDiffusion] inject 79,39 civ=0 culture=0 vitality=22.45 strength=0 stock=159 cap=0 
[2026-10-06 12:58:33]	[CulturalDiffusion] inject 78,13 civ=0 culture=0.9 vitality=11.62 strength=1.95 stock=904.71 cap=3907.92 
[2026-10-06 12:58:33]	[CulturalDiffusion] inject 75,41 civ=0 culture=0.52 vitality=12.27 strength=1.39 stock=183.47 cap=2781.82 
[2026-10-06 12:58:33]	[CulturalDiffusion] inject 75,14 civ=0 culture=0 vitality=11.6 strength=0 stock=1156.49 cap=0 
[2026-10-06 12:58:33]	[CulturalDiffusion] inject 71,44 civ=0 culture=3.84 vitality=33.67 strength=7.26 stock=462.26 cap=14526.54 
[2026-10-06 12:58:33]	[CulturalDiffusion] inject 71,39 civ=0 culture=0 vitality=9.09 strength=0 stock=1 cap=0 
[2026-10-06 12:58:33]	[CulturalDiffusion] inject 71,15 civ=0 culture=0 vitality=30.25 strength=0 stock=901.52 cap=0 
[2026-10-06 12:58:33]	[CulturalDiffusion] inject 72,10 civ=0 culture=4 vitality=18.85 strength=6.09 stock=342.05 cap=12183.94 
[2026-10-06 12:58:33]	[CulturalDiffusion] inject 68,19 civ=0 culture=4 vitality=39.91 strength=7.92 stock=575.35 cap=15842.09 
[2026-10-06 12:58:33]	[CulturalDiffusion] inject 67,41 civ=0 culture=25.28 vitality=207.69 strength=46.77 stock=5602.83 cap=93541.73 
[2026-10-06 12:58:33]	[CulturalDiffusion] inject 67,35 civ=0 culture=2 vitality=39.05 strength=5.01 stock=345.49 cap=10019.05 
[2026-10-06 12:58:33]	[CulturalDiffusion] inject 71,33 civ=0 culture=0 vitality=28.45 strength=0 stock=1 cap=0 
[2026-10-06 12:58:33]	[CulturalDiffusion] inject 68,30 civ=0 culture=0 vitality=22.8 strength=0 stock=1 cap=0 
[2026-10-06 12:58:33]	[CulturalDiffusion] inject 64,19 civ=0 culture=5 vitality=25.19 strength=7.79 stock=522.96 cap=15589.35 
[2026-10-06 12:58:33]	[CulturalDiffusion] inject 64,45 civ=0 culture=9 vitality=36.97 strength=13.06 stock=933.9 cap=26126.62 
[2026-10-06 12:58:33]	[CulturalDiffusion] inject 64,26 civ=0 culture=2 vitality=23.65 strength=4.2 stock=294.34 cap=8406.21 
[2026-10-06 12:58:33]	[CulturalDiffusion] inject 62,32 civ=0 culture=1 vitality=22.25 strength=2.62 stock=216.65 cap=5243.91 
[2026-10-06 12:58:33]	[CulturalDiffusion] inject 64,14 civ=0 culture=14 vitality=47.46 strength=19 stock=1449.08 cap=38000.3 
[2026-10-06 12:58:33]	[CulturalDiffusion] inject 60,50 civ=2 culture=13.2 vitality=21.38 strength=15.06 stock=1191.35 cap=30127.96 
[2026-10-06 12:58:33]	[CulturalDiffusion] inject 67,50 civ=2 culture=1.36 vitality=4 strength=1.91 stock=240.78 cap=3829.26 
[2026-10-06 12:58:33]	[CulturalDiffusion] inject 74,52 civ=2 culture=74.8 vitality=40.79 strength=58.31 stock=17943.91 cap=116625.71 
[2026-10-06 12:58:33]	[CulturalDiffusion] inject 83,44 civ=4 culture=11 vitality=27.61 strength=16.8 stock=3836.73 cap=33602.87 
[2026-10-06 12:58:33]	[CulturalDiffusion] inject 79,47 civ=4 culture=11 vitality=33.78 strength=18.03 stock=3005.02 cap=36058.66 
[2026-10-06 12:58:33]	[CulturalDiffusion] inject 75,48 civ=4 culture=16.5 vitality=46.53 strength=26.25 stock=7075.15 cap=52499.79 
[2026-10-06 12:58:33]	[CulturalDiffusion] frontier city=65536 ring=4 best=1576.8 bar=375 over=6/23 center=55419.53 
[2026-10-06 12:58:33]	[CulturalDiffusion] frontier city=131073 ring=4 best=3799 bar=375 over=12/24 center=2665.14 
[2026-10-06 12:58:33]	[CulturalDiffusion] frontier city=196610 ring=4 best=3799 bar=375 over=17/24 center=578.25 
[2026-10-06 12:58:33]	[CulturalDiffusion] frontier city=262147 ring=4 best=2266.58 bar=375 over=12/24 center=694.89 
[2026-10-06 12:58:33]	[CulturalDiffusion] frontier city=327684 ring=4 best=2623.87 bar=375 over=12/19 center=433.1 
[2026-10-06 12:58:33]	[CulturalDiffusion] frontier city=393221 ring=4 best=3799 bar=375 over=16/24 center=662.43 
[2026-10-06 12:58:33]	[CulturalDiffusion] frontier city=458758 ring=4 best=28426.51 bar=375 over=15/24 center=2035.95 
[2026-10-06 12:58:33]	[CulturalDiffusion] frontier city=524295 ring=4 best=3799 bar=375 over=12/24 center=235.81 
[2026-10-06 12:58:33]	[CulturalDiffusion] frontier city=589832 ring=4 best=9209.87 bar=375 over=7/24 center=504.06 
[2026-10-06 12:58:33]	[CulturalDiffusion] frontier city=655369 ring=4 best=3799 bar=375 over=6/24 center=57.67 
[2026-10-06 12:58:33]	[CulturalDiffusion] frontier city=720906 ring=4 best=3799 bar=375 over=14/24 center=165.67 
[2026-10-06 12:58:33]	[CulturalDiffusion] frontier city=786443 ring=4 best=3799 bar=375 over=6/24 center=159 
[2026-10-06 12:58:33]	[CulturalDiffusion] frontier city=851980 ring=4 best=3799 bar=375 over=9/24 center=904.71 
[2026-10-06 12:58:33]	[CulturalDiffusion] frontier city=917517 ring=4 best=57.04 bar=375 over=0/24 center=183.47 
[2026-10-06 12:58:33]	[CulturalDiffusion] frontier city=983054 ring=4 best=3799 bar=375 over=13/24 center=1156.49 
[2026-10-06 12:58:33]	[CulturalDiffusion] frontier city=1048591 ring=4 best=1273.26 bar=375 over=2/24 center=462.26 
[2026-10-06 12:58:33]	[CulturalDiffusion] frontier city=1114128 ring=4 best=1741.02 bar=375 over=2/24 center=1 
[2026-10-06 12:58:33]	[CulturalDiffusion] frontier city=1179665 ring=4 best=3799 bar=375 over=7/24 center=901.52 
[2026-10-06 12:58:33]	[CulturalDiffusion] frontier city=1245202 ring=4 best=721.22 bar=375 over=2/24 center=342.05 
[2026-10-06 12:58:33]	[CulturalDiffusion] frontier city=1310739 ring=4 best=1576.8 bar=375 over=6/24 center=575.35 
[2026-10-06 12:58:33]	[CulturalDiffusion] frontier city=1376276 ring=4 best=381.21 bar=375 over=1/24 center=5602.83 
[2026-10-06 12:58:33]	[CulturalDiffusion] frontier city=1441813 ring=4 best=322.42 bar=375 over=0/24 center=345.49 
[2026-10-06 12:58:33]	[CulturalDiffusion] frontier city=1507350 ring=4 best=33.2 bar=375 over=0/24 center=1 
[2026-10-06 12:58:33]	[CulturalDiffusion] frontier city=1572887 ring=4 best=197.21 bar=375 over=0/24 center=1 
[2026-10-06 12:58:33]	[CulturalDiffusion] frontier city=1638424 ring=4 best=575.35 bar=375 over=2/24 center=522.96 
[2026-10-06 12:58:33]	[CulturalDiffusion] frontier city=1703961 ring=4 best=1273.26 bar=375 over=2/24 center=933.9 
[2026-10-06 12:58:33]	[CulturalDiffusion] frontier city=1769498 ring=4 best=1 bar=375 over=0/24 center=294.34 
[2026-10-06 12:58:33]	[CulturalDiffusion] frontier city=1835035 ring=4 best=1 bar=375 over=0/24 center=216.65 
[2026-10-06 12:58:33]	[CulturalDiffusion] frontier city=1900572 ring=4 best=56.64 bar=375 over=0/24 center=1449.08 
[2026-10-06 12:58:33]	[CulturalDiffusion] flip 87,38 -> player 0 via purchasePlot sent; pending confirmation next pass (was owner -1) 
[2026-10-06 12:58:33]	[CulturalDiffusion] flip 77,30 -> player 0 via purchasePlot sent; pending confirmation next pass (was owner -1) 
[2026-10-06 12:58:33]	[CulturalDiffusion] flip 76,29 -> player 0 via purchasePlot sent; pending confirmation next pass (was owner -1) 
[2026-10-06 12:58:33]	[CulturalDiffusion] flip 76,48 -> player 2 via purchasePlot sent; pending confirmation next pass (was owner 4) 
[2026-10-06 12:58:33]	[CulturalDiffusion] flip 76,47 -> player 2 via purchasePlot sent; pending confirmation next pass (was owner -1) 
[2026-10-06 12:58:33]	[CulturalDiffusion] flip 77,48 -> player 2 via purchasePlot sent; pending confirmation next pass (was owner 4) 
[2026-10-06 12:58:33]	[CulturalDiffusion] flip 82,38 -> player 4 via purchasePlot sent; pending confirmation next pass (was owner -1) 
[2026-10-06 12:58:33]	[CulturalDiffusion] flip 81,38 -> player 4 via purchasePlot sent; pending confirmation next pass (was owner -1) 
[2026-10-06 12:58:33]	[CulturalDiffusion] flip 80,38 -> player 4 via purchasePlot sent; pending confirmation next pass (was owner 0) 
[2026-10-06 12:58:33]	[CulturalDiffusion] flip 86,39 -> player 4 via purchasePlot sent; pending confirmation next pass (was owner -1) 
[2026-10-06 12:58:33]	[CulturalDiffusion] flip 79,40 -> player 4 via purchasePlot sent; pending confirmation next pass (was owner 0) 
[2026-10-06 12:58:33]	[CulturalDiffusion] state bytes=42047 field=1145 claims=162 locked=130 passMs=71 
[2026-10-06 12:58:33]	[CulturalDiffusion] pass: 0 flip(s), 3 pending, 0 ceded (0 pending), 0 AI flip(s) (8 pending), 0 conquest(s) (0 pending), confirmed 0 claim/0 cede (0 dropped), 0 orphan(s) healed, 0 inner tile(s) released to base game, 1145 active field tile(s) 
[2026-10-06 12:58:33]	[CulturalDiffusion] pass (turn 82): flips=0 field tiles=271 
[2026-10-06 12:58:34]	[CDH] JSERR TypeError: Cannot read properties of null (reading 'cityId') @ fs://game/bz-map-trix/ui/lenses/layer/bz-religion-layer.js:50 
[2026-10-06 12:58:34]	[CDH] JSERR TypeError: Cannot read properties of null (reading 'cityId') @ fs://game/bz-map-trix/ui/lenses/layer/bz-religion-layer.js:50 
[2026-10-06 12:58:34]	[CDH] JSERR TypeError: Cannot read properties of null (reading 'cityId') @ fs://game/bz-map-trix/ui/lenses/layer/bz-religion-layer.js:50 
[2026-10-06 12:58:34]	[CDH] JSERR TypeError: Cannot read properties of null (reading 'cityId') @ fs://game/bz-map-trix/ui/lenses/layer/bz-religion-layer.js:50 
[2026-10-06 12:58:34]	[CDH] JSERR TypeError: Cannot read properties of null (reading 'cityId') @ fs://game/bz-map-trix/ui/lenses/layer/bz-religion-layer.js:50 
[2026-10-06 12:58:35]	[CDH] JSERR TypeError: Cannot read properties of null (reading 'cityId') @ fs://game/bz-map-trix/ui/lenses/layer/bz-religion-layer.js:50 
[2026-10-06 12:58:42]	[CDH] OBS T16: age=AGE_EXPLORATION turn=82 ownerChanges=11 missionaries=5 moved=5 idleWithMoves=0 gone=0 flipsNearMissionary=2 (district 0) onFlipped=0 jsErrors=143 amAuto=true 
[2026-10-06 12:58:42]	[CDH] OBS-NEAR T16: 80,38 0->4 none | 79,40 0->4 none 
[2026-10-06 12:58:42]	[CDH] UNITS T16: ?@74,43 mv=0 ch=? q ?@87,50 mv=0 ch=2 ?@78,36 mv=0 ch=? q ?@79,39 mv=0 ch=2 ?@68,44 mv=0 ch=? q 
[2026-10-06 12:58:42]	[CDH] INV T16: claims=162 stale=0 localInner=27 district=6 center=0 pending=11 bytes=42032 
[2026-10-06 12:58:42]	[CDH] BUY T16: had 5, bought 1 
[2026-10-06 12:59:02]	[CDH] JSERR Error: Expected this.unit to be non-null. @ fs://game/base-standard/ui/unit-flags/unit-flags.js:348 
[2026-10-06 12:59:02]	[CDH] JSERR Error: Expected this.unit to be non-null. @ fs://game/base-standard/ui/unit-flags/unit-flags.js:348 
[2026-10-06 12:59:05]	[CulturalDiffusion] notify: (87,38) unowned -> player 0 
[2026-10-06 12:59:05]	[CulturalDiffusion] pending 87,38 claim confirmed on the live map 
[2026-10-06 12:59:05]	[CulturalDiffusion] notify: (77,30) unowned -> player 0 
[2026-10-06 12:59:05]	[CulturalDiffusion] pending 77,30 claim confirmed on the live map 
[2026-10-06 12:59:05]	[CulturalDiffusion] notify: (76,29) unowned -> player 0 
[2026-10-06 12:59:05]	[CulturalDiffusion] pending 76,29 claim confirmed on the live map 
[2026-10-06 12:59:05]	[CulturalDiffusion] notify: (76,48) player 4 -> player 2 
[2026-10-06 12:59:05]	[CulturalDiffusion] pending 76,48 claim confirmed on the live map 
[2026-10-06 12:59:05]	[CulturalDiffusion] notify: (76,47) unowned -> player 2 
[2026-10-06 12:59:05]	[CulturalDiffusion] pending 76,47 claim confirmed on the live map 
[2026-10-06 12:59:05]	[CulturalDiffusion] notify: (77,48) player 4 -> player 2 
[2026-10-06 12:59:05]	[CulturalDiffusion] pending 77,48 claim confirmed on the live map 
[2026-10-06 12:59:05]	[CulturalDiffusion] notify: (82,38) unowned -> player 4 
[2026-10-06 12:59:05]	[CulturalDiffusion] pending 82,38 claim confirmed on the live map 
[2026-10-06 12:59:05]	[CulturalDiffusion] notify: (81,38) unowned -> player 4 
[2026-10-06 12:59:05]	[CulturalDiffusion] pending 81,38 claim confirmed on the live map 
[2026-10-06 12:59:05]	[CulturalDiffusion] notify: (80,38) player 0 -> player 4 
[2026-10-06 12:59:05]	[CulturalDiffusion] pending 80,38 claim confirmed on the live map 
[2026-10-06 12:59:05]	[CulturalDiffusion] notify: (86,39) unowned -> player 4 
[2026-10-06 12:59:05]	[CulturalDiffusion] pending 86,39 claim confirmed on the live map 
[2026-10-06 12:59:05]	[CulturalDiffusion] notify: (79,40) player 0 -> player 4 
[2026-10-06 12:59:05]	[CulturalDiffusion] pending 79,40 claim confirmed on the live map 
[2026-10-06 12:59:05]	[CulturalDiffusion] inject 92,32 civ=0 culture=159.6 vitality=165.11 strength=144.11 stock=65796.91 cap=288222.06 
[2026-10-06 12:59:05]	[CulturalDiffusion] inject 86,20 civ=0 culture=9.41 vitality=92.96 strength=18.71 stock=2915.03 cap=37425.58 
[2026-10-06 12:59:05]	[CulturalDiffusion] inject 77,21 civ=0 culture=0 vitality=26.63 strength=0 stock=549.17 cap=0 
[2026-10-06 12:59:05]	[CulturalDiffusion] inject 82,23 civ=0 culture=0.5 vitality=19.64 strength=1.61 stock=685.61 cap=3224.43 
[2026-10-06 12:59:05]	[CulturalDiffusion] inject 93,26 civ=0 culture=7.52 vitality=13.63 strength=8.26 stock=487.04 cap=16523.82 
[2026-10-06 12:59:05]	[CulturalDiffusion] inject 80,31 civ=0 culture=3 vitality=27.2 strength=5.79 stock=696.03 cap=11581.65 
[2026-10-06 12:59:05]	[CulturalDiffusion] inject 87,32 civ=0 culture=18 vitality=30.42 strength=19.3 stock=2280.42 cap=38598.39 
[2026-10-06 12:59:05]	[CulturalDiffusion] inject 84,35 civ=0 culture=1 vitality=32.45 strength=3.02 stock=271.54 cap=6032.09 
[2026-10-06 12:59:05]	[CulturalDiffusion] inject 90,37 civ=0 culture=5.75 vitality=21.92 strength=8.2 stock=559.13 cap=16392.48 
[2026-10-06 12:59:05]	[CulturalDiffusion] inject 77,36 civ=0 culture=0 vitality=23.5 strength=0 stock=93.75 cap=0 
[2026-10-06 12:59:05]	[CulturalDiffusion] inject 81,18 civ=0 culture=0.2 vitality=17.28 strength=0.86 stock=170.67 cap=1716.98 
[2026-10-06 12:59:05]	[CulturalDiffusion] inject 79,39 civ=0 culture=0 vitality=20.76 strength=0 stock=284.93 cap=0 
[2026-10-06 12:59:05]	[CulturalDiffusion] inject 78,13 civ=0 culture=0.9 vitality=11.62 strength=1.97 stock=935.26 cap=3939.12 
[2026-10-06 12:59:05]	[CulturalDiffusion] inject 75,41 civ=0 culture=0.52 vitality=12.27 strength=1.4 stock=192.87 cap=2804.03 
[2026-10-06 12:59:05]	[CulturalDiffusion] inject 75,14 civ=0 culture=0 vitality=11.6 strength=0 stock=1098.33 cap=0 
[2026-10-06 12:59:05]	[CulturalDiffusion] inject 71,44 civ=0 culture=3.84 vitality=33.67 strength=7.32 stock=527.22 cap=14642.49 
[2026-10-06 12:59:05]	[CulturalDiffusion] inject 71,39 civ=0 culture=0 vitality=8.03 strength=0 stock=1 cap=0 
[2026-10-06 12:59:05]	[CulturalDiffusion] inject 71,15 civ=0 culture=0 vitality=30.25 strength=0 stock=856.21 cap=0 
[2026-10-06 12:59:05]	[CulturalDiffusion] inject 72,10 civ=0 culture=4 vitality=18.85 strength=6.14 stock=377.93 cap=12281.19 
[2026-10-06 12:59:05]	[CulturalDiffusion] inject 68,19 civ=0 culture=4 vitality=39.91 strength=7.98 stock=629.76 cap=15968.54 
[2026-10-06 12:59:05]	[CulturalDiffusion] inject 67,41 civ=0 culture=24.29 vitality=204.79 strength=45.7 stock=6656.62 cap=91405.7 
[2026-10-06 12:59:05]	[CulturalDiffusion] inject 67,35 civ=0 culture=2 vitality=39.05 strength=5.05 stock=373.57 cap=10099.02 
[2026-10-06 12:59:05]	[CulturalDiffusion] inject 71,33 civ=0 culture=0 vitality=28.45 strength=0 stock=1 cap=0 
[2026-10-06 12:59:05]	[CulturalDiffusion] inject 68,30 civ=0 culture=0 vitality=22.8 strength=0 stock=1 cap=0 
[2026-10-06 12:59:05]	[CulturalDiffusion] inject 64,19 civ=0 culture=5 vitality=25.19 strength=7.86 stock=575.4 cap=15713.78 
[2026-10-06 12:59:05]	[CulturalDiffusion] inject 64,45 civ=0 culture=9 vitality=36.97 strength=13.17 stock=1065.22 cap=26335.16 
[2026-10-06 12:59:05]	[CulturalDiffusion] inject 64,26 civ=0 culture=2 vitality=23.65 strength=4.24 stock=316.78 cap=8473.31 
[2026-10-06 12:59:05]	[CulturalDiffusion] inject 62,32 civ=0 culture=1 vitality=22.25 strength=2.64 stock=229.89 cap=5285.77 
[2026-10-06 12:59:05]	[CulturalDiffusion] inject 64,14 civ=0 culture=14 vitality=47.46 strength=19.15 stock=1667.99 cap=38303.61 
[2026-10-06 12:59:05]	[CulturalDiffusion] inject 60,50 civ=2 culture=13.2 vitality=21.38 strength=11.84 stock=1299.02 cap=23673.93 
[2026-10-06 12:59:05]	[CulturalDiffusion] inject 67,50 civ=2 culture=1.36 vitality=4 strength=1.5 stock=246.78 cap=3008.95 
[2026-10-06 12:59:05]	[CulturalDiffusion] inject 74,52 civ=2 culture=74.8 vitality=40.79 strength=45.82 stock=19432.94 cap=91642.06 
[2026-10-06 12:59:05]	[CulturalDiffusion] inject 83,44 civ=4 culture=11 vitality=27.61 strength=17.1 stock=4064.05 cap=34194.25 
[2026-10-06 12:59:05]	[CulturalDiffusion] inject 79,47 civ=4 culture=11 vitality=33.78 strength=18.35 stock=3255.17 cap=36693.25 
[2026-10-06 12:59:05]	[CulturalDiffusion] inject 75,48 civ=4 culture=16.5 vitality=46.53 strength=26.71 stock=7618.54 cap=53423.73 
[2026-10-06 12:59:05]	[CulturalDiffusion] frontier city=65536 ring=4 best=1496.96 bar=375 over=9/23 center=65796.91 
[2026-10-06 12:59:05]	[CulturalDiffusion] frontier city=131073 ring=4 best=3608.05 bar=375 over=12/24 center=2915.03 
[2026-10-06 12:59:05]	[CulturalDiffusion] frontier city=196610 ring=4 best=3608.05 bar=375 over=17/24 center=549.17 
[2026-10-06 12:59:05]	[CulturalDiffusion] frontier city=262147 ring=4 best=2152.25 bar=375 over=12/24 center=685.61 
[2026-10-06 12:59:05]	[CulturalDiffusion] frontier city=327684 ring=4 best=3629.19 bar=375 over=13/19 center=487.04 
[2026-10-06 12:59:05]	[CulturalDiffusion] frontier city=393221 ring=4 best=3608.05 bar=375 over=16/24 center=696.03 
[2026-10-06 12:59:05]	[CulturalDiffusion] frontier city=458758 ring=4 best=36088.13 bar=375 over=16/24 center=2280.42 
[2026-10-06 12:59:05]	[CulturalDiffusion] frontier city=524295 ring=4 best=3608.05 bar=375 over=14/24 center=271.54 
[2026-10-06 12:59:05]	[CulturalDiffusion] frontier city=589832 ring=4 best=11083.91 bar=375 over=8/24 center=559.13 
[2026-10-06 12:59:05]	[CulturalDiffusion] frontier city=655369 ring=4 best=3608.05 bar=375 over=5/24 center=93.75 
[2026-10-06 12:59:05]	[CulturalDiffusion] frontier city=720906 ring=4 best=3608.05 bar=375 over=14/24 center=170.67 
[2026-10-06 12:59:05]	[CulturalDiffusion] frontier city=786443 ring=4 best=3608.05 bar=375 over=6/24 center=284.93 
[2026-10-06 12:59:05]	[CulturalDiffusion] frontier city=851980 ring=4 best=3608.05 bar=375 over=9/24 center=935.26 
[2026-10-06 12:59:05]	[CulturalDiffusion] frontier city=917517 ring=4 best=93.15 bar=375 over=0/24 center=192.87 
[2026-10-06 12:59:05]	[CulturalDiffusion] frontier city=983054 ring=4 best=3608.05 bar=375 over=13/24 center=1098.33 
[2026-10-06 12:59:05]	[CulturalDiffusion] frontier city=1048591 ring=4 best=1642.87 bar=375 over=2/24 center=527.22 
[2026-10-06 12:59:05]	[CulturalDiffusion] frontier city=1114128 ring=4 best=2238.3 bar=375 over=2/24 center=1 
[2026-10-06 12:59:05]	[CulturalDiffusion] frontier city=1179665 ring=4 best=3608.05 bar=375 over=8/24 center=856.21 
[2026-10-06 12:59:05]	[CulturalDiffusion] frontier city=1245202 ring=4 best=684.97 bar=375 over=2/24 center=377.93 
[2026-10-06 12:59:05]	[CulturalDiffusion] frontier city=1310739 ring=4 best=1496.96 bar=375 over=6/24 center=629.76 
[2026-10-06 12:59:05]	[CulturalDiffusion] frontier city=1376276 ring=4 best=461.86 bar=375 over=1/24 center=6656.62 
[2026-10-06 12:59:05]	[CulturalDiffusion] frontier city=1441813 ring=4 best=444.74 bar=375 over=1/24 center=373.57 
[2026-10-06 12:59:05]	[CulturalDiffusion] frontier city=1507350 ring=4 best=53.36 bar=375 over=0/24 center=1 
[2026-10-06 12:59:05]	[CulturalDiffusion] frontier city=1572887 ring=4 best=230.33 bar=375 over=0/24 center=1 
[2026-10-06 12:59:05]	[CulturalDiffusion] frontier city=1638424 ring=4 best=652.15 bar=375 over=2/24 center=575.4 
[2026-10-06 12:59:05]	[CulturalDiffusion] frontier city=1703961 ring=4 best=1642.87 bar=375 over=2/24 center=1065.22 
[2026-10-06 12:59:05]	[CulturalDiffusion] frontier city=1769498 ring=4 best=1 bar=375 over=0/24 center=316.78 
[2026-10-06 12:59:05]	[CulturalDiffusion] frontier city=1835035 ring=4 best=1 bar=375 over=0/24 center=229.89 
[2026-10-06 12:59:05]	[CulturalDiffusion] frontier city=1900572 ring=4 best=62.75 bar=375 over=0/24 center=1667.99 
[2026-10-06 12:59:05]	[CulturalDiffusion] flip 87,39 -> player 0 via purchasePlot sent; pending confirmation next pass (was owner -1) 
[2026-10-06 12:59:05]	[CulturalDiffusion] flip 76,31 -> player 0 via purchasePlot sent; pending confirmation next pass (was owner -1) 
[2026-10-06 12:59:05]	[CulturalDiffusion] flip 76,30 -> player 0 via purchasePlot sent; pending confirmation next pass (was owner -1) 
[2026-10-06 12:59:05]	[CulturalDiffusion] state bytes=42880 field=1146 claims=173 locked=127 passMs=59 
[2026-10-06 12:59:05]	[CulturalDiffusion] pass: 0 flip(s), 3 pending, 0 ceded (0 pending), 0 AI flip(s) (0 pending), 0 conquest(s) (0 pending), confirmed 11 claim/0 cede (0 dropped), 0 orphan(s) healed, 0 inner tile(s) released to base game, 1146 active field tile(s) 
[2026-10-06 12:59:05]	[CulturalDiffusion] pass (turn 83): flips=0 field tiles=271 
[2026-10-06 12:59:06]	[CDH] TURN k=17 turn=83 age=AGE_EXPLORATION blocker=NEW_POPULATION 
[2026-10-06 12:59:06]	[CDH] JSERR TypeError: Cannot read properties of null (reading 'cityId') @ fs://game/bz-map-trix/ui/lenses/layer/bz-religion-layer.js:50 
[2026-10-06 12:59:15]	[CDH] OBS T17: age=AGE_EXPLORATION turn=83 ownerChanges=3 missionaries=6 moved=6 idleWithMoves=0 gone=0 flipsNearMissionary=0 (district 0) onFlipped=0 jsErrors=146 amAuto=true 
[2026-10-06 12:59:15]	[CDH] UNITS T17: ?@77,41 mv=0 ch=? q ?@90,49 mv=0 ch=2 ?@79,34 mv=0 ch=? q ?@69,41 mv=0 ch=? q ?@83,39 mv=0 ch=? q ?@71,43 mv=0 ch=? q 
[2026-10-06 12:59:15]	[CDH] INV T17: claims=173 stale=0 localInner=31 district=6 center=0 pending=3 bytes=42865 
[2026-10-06 12:59:25]	[CDH] JSERR TypeError: Cannot read properties of null (reading 'cityId') @ fs://game/bz-map-trix/ui/lenses/layer/bz-religion-layer.js:50 
[2026-10-06 12:59:25]	[CDH] JSERR TypeError: Cannot read properties of null (reading 'cityId') @ fs://game/bz-map-trix/ui/lenses/layer/bz-religion-layer.js:50 
[2026-10-06 12:59:37]	[CDH] JSERR Error: Expected this.unit to be non-null. @ fs://game/base-standard/ui/unit-flags/unit-flags.js:348 
[2026-10-06 12:59:37]	[CDH] JSERR Error: Expected this.unit to be non-null. @ fs://game/base-standard/ui/unit-flags/unit-flags.js:348 
[2026-10-06 12:59:37]	[CDH] JSERR Error: Expected this.unit to be non-null. @ fs://game/base-standard/ui/unit-flags/unit-flags.js:348 
[2026-10-06 12:59:37]	[CDH] JSERR Error: Expected this.unit to be non-null. @ fs://game/base-standard/ui/unit-flags/unit-flags.js:348 
[2026-10-06 12:59:40]	[CulturalDiffusion] notify: (87,39) unowned -> player 0 
[2026-10-06 12:59:40]	[CulturalDiffusion] pending 87,39 claim confirmed on the live map 
[2026-10-06 12:59:40]	[CulturalDiffusion] notify: (76,31) unowned -> player 0 
[2026-10-06 12:59:40]	[CulturalDiffusion] pending 76,31 claim confirmed on the live map 
[2026-10-06 12:59:40]	[CulturalDiffusion] notify: (76,30) unowned -> player 0 
[2026-10-06 12:59:40]	[CulturalDiffusion] pending 76,30 claim confirmed on the live map 
[2026-10-06 12:59:40]	[CulturalDiffusion] inject 92,32 civ=0 culture=159.6 vitality=164.93 strength=130.75 stock=75505.5 cap=261500.14 
[2026-10-06 12:59:40]	[CulturalDiffusion] inject 86,20 civ=0 culture=9.41 vitality=92.79 strength=16.97 stock=3133.19 cap=33945.95 
[2026-10-06 12:59:40]	[CulturalDiffusion] inject 77,21 civ=0 culture=0 vitality=26.63 strength=0 stock=668.1 cap=0 
[2026-10-06 12:59:40]	[CulturalDiffusion] inject 82,23 civ=0 culture=0.5 vitality=19.64 strength=1.46 stock=724.73 cap=2926.57 
[2026-10-06 12:59:40]	[CulturalDiffusion] inject 93,26 civ=0 culture=6.62 vitality=11.99 strength=6.6 stock=528.09 cap=13198.75 
[2026-10-06 12:59:40]	[CulturalDiffusion] inject 80,31 civ=0 culture=3 vitality=27.2 strength=5.26 stock=723.93 cap=10511.78 
[2026-10-06 12:59:40]	[CulturalDiffusion] inject 87,32 civ=0 culture=18 vitality=30.42 strength=17.52 stock=2499.36 cap=35032.82 
[2026-10-06 12:59:40]	[CulturalDiffusion] inject 84,35 civ=0 culture=1 vitality=32.45 strength=2.74 stock=344.61 cap=5474.87 
[2026-10-06 12:59:40]	[CulturalDiffusion] inject 90,37 civ=0 culture=5.75 vitality=21.92 strength=7.44 stock=608.3 cap=14878.21 
[2026-10-06 12:59:40]	[CulturalDiffusion] inject 77,36 civ=0 culture=0 vitality=23.5 strength=0 stock=135.54 cap=0 
[2026-10-06 12:59:40]	[CulturalDiffusion] inject 81,18 civ=0 culture=0.2 vitality=17.28 strength=0.78 stock=175.07 cap=1558.37 
[2026-10-06 12:59:40]	[CulturalDiffusion] inject 79,39 civ=0 culture=0 vitality=20.76 strength=0 stock=441.87 cap=0 
[2026-10-06 12:59:40]	[CulturalDiffusion] inject 78,13 civ=0 culture=0.9 vitality=11.62 strength=1.79 stock=942.93 cap=3575.24 
[2026-10-06 12:59:40]	[CulturalDiffusion] inject 75,41 civ=0 culture=0.52 vitality=12.27 strength=1.27 stock=201.17 cap=2545 
[2026-10-06 12:59:40]	[CulturalDiffusion] inject 75,14 civ=0 culture=0 vitality=11.6 strength=0 stock=1312.96 cap=0 
[2026-10-06 12:59:40]	[CulturalDiffusion] inject 71,44 civ=0 culture=3.84 vitality=33.67 strength=6.64 stock=589.4 cap=13289.87 
[2026-10-06 12:59:40]	[CulturalDiffusion] inject 71,39 civ=0 culture=0 vitality=7.79 strength=0 stock=1 cap=0 
[2026-10-06 12:59:40]	[CulturalDiffusion] inject 71,15 civ=0 culture=0 vitality=30.25 strength=0 stock=845.03 cap=0 
[2026-10-06 12:59:40]	[CulturalDiffusion] inject 72,10 civ=0 culture=4 vitality=18.85 strength=5.57 stock=410 cap=11146.7 
[2026-10-06 12:59:40]	[CulturalDiffusion] inject 68,19 civ=0 culture=4 vitality=39.91 strength=7.25 stock=677.7 cap=14493.43 
[2026-10-06 12:59:40]	[CulturalDiffusion] inject 67,41 civ=0 culture=24.48 vitality=206.44 strength=41.82 stock=7654.23 cap=83638.31 
[2026-10-06 12:59:40]	[CulturalDiffusion] inject 67,35 civ=0 culture=2 vitality=39.05 strength=4.58 stock=398.19 cap=9166.12 
[2026-10-06 12:59:40]	[CulturalDiffusion] inject 71,33 civ=0 culture=0 vitality=28.45 strength=0 stock=1 cap=0 
[2026-10-06 12:59:40]	[CulturalDiffusion] inject 68,30 civ=0 culture=0 vitality=22.8 strength=0 stock=1 cap=0 
[2026-10-06 12:59:40]	[CulturalDiffusion] inject 64,19 civ=0 culture=5 vitality=25.19 strength=7.13 stock=621.88 cap=14262.21 
[2026-10-06 12:59:40]	[CulturalDiffusion] inject 64,45 civ=0 culture=9 vitality=36.97 strength=11.95 stock=1186.58 cap=23902.42 
[2026-10-06 12:59:40]	[CulturalDiffusion] inject 64,26 civ=0 culture=2 vitality=19.7 strength=3.61 stock=334.8 cap=7214.08 
[2026-10-06 12:59:40]	[CulturalDiffusion] inject 62,32 civ=0 culture=1 vitality=22.25 strength=2.4 stock=241.48 cap=4797.49 
[2026-10-06 12:59:40]	[CulturalDiffusion] inject 64,14 civ=0 culture=14 vitality=47.46 strength=17.38 stock=1868.54 cap=34765.27 
[2026-10-06 12:59:40]	[CulturalDiffusion] inject 60,50 civ=2 culture=13.2 vitality=21.38 strength=11.84 stock=1408.4 cap=23688.75 
[2026-10-06 12:59:40]	[CulturalDiffusion] inject 67,50 civ=2 culture=1.36 vitality=4 strength=1.51 stock=252.6 cap=3010.84 
[2026-10-06 12:59:40]	[CulturalDiffusion] inject 74,52 civ=2 culture=72.6 vitality=41.03 strength=45.06 stock=20903.14 cap=90121.9 
[2026-10-06 12:59:40]	[CulturalDiffusion] inject 83,44 civ=4 culture=11 vitality=27.61 strength=17.09 stock=4291.84 cap=34183.36 
[2026-10-06 12:59:40]	[CulturalDiffusion] inject 79,47 civ=4 culture=11 vitality=33.78 strength=18.34 stock=3508.74 cap=36681.57 
[2026-10-06 12:59:40]	[CulturalDiffusion] inject 75,48 civ=4 culture=16.5 vitality=46.53 strength=26.7 stock=8166.28 cap=53406.72 
[2026-10-06 12:59:40]	[CulturalDiffusion] frontier city=65536 ring=4 best=1508.57 bar=375 over=9/23 center=75505.5 
[2026-10-06 12:59:40]	[CulturalDiffusion] frontier city=131073 ring=4 best=3426.65 bar=375 over=12/24 center=3133.19 
[2026-10-06 12:59:40]	[CulturalDiffusion] frontier city=196610 ring=4 best=3426.65 bar=375 over=17/24 center=668.1 
[2026-10-06 12:59:40]	[CulturalDiffusion] frontier city=262147 ring=4 best=2043.64 bar=375 over=13/24 center=724.73 
[2026-10-06 12:59:40]	[CulturalDiffusion] frontier city=327684 ring=4 best=4878.96 bar=375 over=13/19 center=528.09 
[2026-10-06 12:59:40]	[CulturalDiffusion] frontier city=393221 ring=4 best=3426.65 bar=375 over=16/24 center=723.93 
[2026-10-06 12:59:40]	[CulturalDiffusion] frontier city=458758 ring=4 best=45069.8 bar=375 over=17/24 center=2499.36 
[2026-10-06 12:59:40]	[CulturalDiffusion] frontier city=524295 ring=4 best=3426.65 bar=375 over=14/24 center=344.61 
[2026-10-06 12:59:40]	[CulturalDiffusion] frontier city=589832 ring=4 best=13159.38 bar=375 over=8/24 center=608.3 
[2026-10-06 12:59:40]	[CulturalDiffusion] frontier city=655369 ring=4 best=3426.65 bar=375 over=6/24 center=135.54 
[2026-10-06 12:59:40]	[CulturalDiffusion] frontier city=720906 ring=4 best=3426.65 bar=375 over=14/24 center=175.07 
[2026-10-06 12:59:40]	[CulturalDiffusion] frontier city=786443 ring=4 best=3426.65 bar=375 over=6/24 center=441.87 
[2026-10-06 12:59:40]	[CulturalDiffusion] frontier city=851980 ring=4 best=3426.65 bar=375 over=9/24 center=942.93 
[2026-10-06 12:59:40]	[CulturalDiffusion] frontier city=917517 ring=4 best=134.97 bar=375 over=0/24 center=201.17 
[2026-10-06 12:59:40]	[CulturalDiffusion] frontier city=983054 ring=4 best=3426.65 bar=375 over=13/24 center=1312.96 
[2026-10-06 12:59:40]	[CulturalDiffusion] frontier city=1048591 ring=4 best=1996.99 bar=375 over=2/24 center=589.4 
[2026-10-06 12:59:40]	[CulturalDiffusion] frontier city=1114128 ring=4 best=2831.77 bar=375 over=3/24 center=1 
[2026-10-06 12:59:40]	[CulturalDiffusion] frontier city=1179665 ring=4 best=3426.65 bar=375 over=8/24 center=845.03 
[2026-10-06 12:59:40]	[CulturalDiffusion] frontier city=1245202 ring=4 best=676.02 bar=375 over=2/24 center=410 
[2026-10-06 12:59:40]	[CulturalDiffusion] frontier city=1310739 ring=4 best=1421.11 bar=375 over=5/24 center=677.7 
[2026-10-06 12:59:40]	[CulturalDiffusion] frontier city=1376276 ring=4 best=552.97 bar=375 over=1/24 center=7654.23 
[2026-10-06 12:59:40]	[CulturalDiffusion] frontier city=1441813 ring=4 best=603.6 bar=375 over=1/24 center=398.19 
[2026-10-06 12:59:40]	[CulturalDiffusion] frontier city=1507350 ring=4 best=76.41 bar=375 over=0/24 center=1 
[2026-10-06 12:59:40]	[CulturalDiffusion] frontier city=1572887 ring=4 best=265.47 bar=375 over=0/24 center=1 
[2026-10-06 12:59:40]	[CulturalDiffusion] frontier city=1638424 ring=4 best=790.41 bar=375 over=4/24 center=621.88 
[2026-10-06 12:59:40]	[CulturalDiffusion] frontier city=1703961 ring=4 best=1996.99 bar=375 over=2/24 center=1186.58 
[2026-10-06 12:59:40]	[CulturalDiffusion] frontier city=1769498 ring=4 best=1 bar=375 over=0/24 center=334.8 
[2026-10-06 12:59:40]	[CulturalDiffusion] frontier city=1835035 ring=4 best=1 bar=375 over=0/24 center=241.48 
[2026-10-06 12:59:40]	[CulturalDiffusion] frontier city=1900572 ring=4 best=69.05 bar=375 over=0/24 center=1868.54 
[2026-10-06 12:59:40]	[CulturalDiffusion] state bytes=44248 field=1150 claims=176 locked=120 passMs=54 
[2026-10-06 12:59:40]	[CulturalDiffusion] pass: 0 flip(s), 0 pending, 0 ceded (0 pending), 0 AI flip(s) (0 pending), 0 conquest(s) (0 pending), confirmed 3 claim/0 cede (0 dropped), 0 orphan(s) healed, 0 inner tile(s) released to base game, 1150 active field tile(s) 
[2026-10-06 12:59:40]	[CulturalDiffusion] pass (turn 84): flips=0 field tiles=276 
[2026-10-06 12:59:41]	[CDH] TURN k=18 turn=84 age=AGE_EXPLORATION blocker=NEW_POPULATION 
[2026-10-06 12:59:41]	[CDH] JSERR TypeError: Cannot read properties of null (reading 'cityId') @ fs://game/bz-map-trix/ui/lenses/layer/bz-religion-layer.js:50 
[2026-10-06 12:59:41]	[CDH] JSERR TypeError: Cannot read properties of null (reading 'cityId') @ fs://game/bz-map-trix/ui/lenses/layer/bz-religion-layer.js:50 
[2026-10-06 12:59:41]	[CDH] JSERR TypeError: Cannot read properties of null (reading 'cityId') @ fs://game/bz-map-trix/ui/lenses/layer/bz-religion-layer.js:50 
[2026-10-06 12:59:41]	[CDH] JSERR TypeError: Cannot read properties of null (reading 'cityId') @ fs://game/bz-map-trix/ui/lenses/layer/bz-religion-layer.js:50 
[2026-10-06 12:59:42]	[CDH] JSERR TypeError: Cannot read properties of null (reading 'cityId') @ fs://game/bz-map-trix/ui/lenses/layer/bz-religion-layer.js:50 
[2026-10-06 12:59:42]	[CDH] JSERR TypeError: Cannot read properties of null (reading 'cityId') @ fs://game/bz-map-trix/ui/lenses/layer/bz-religion-layer.js:50 
[2026-10-06 12:59:42]	[CDH] JSERR TypeError: Cannot read properties of null (reading 'cityId') @ fs://game/bz-map-trix/ui/lenses/layer/bz-religion-layer.js:50 
[2026-10-06 12:59:50]	[CDH] OBS T18: age=AGE_EXPLORATION turn=84 ownerChanges=0 missionaries=6 moved=6 idleWithMoves=0 gone=0 flipsNearMissionary=0 (district 0) onFlipped=0 jsErrors=159 amAuto=true 
[2026-10-06 12:59:50]	[CDH] UNITS T18: ?@81,42 mv=0 ch=? q ?@90,49 mv=0 ch=1 ?@80,31 mv=0 ch=2 ?@69,37 mv=0 ch=? q ?@86,36 mv=0 ch=? q ?@75,43 mv=0 ch=? q 
[2026-10-06 12:59:50]	[CDH] INV T18: claims=176 stale=0 localInner=31 district=6 center=0 pending=0 bytes=44233 
[2026-10-06 12:59:56]	[CDH] JSERR Error: Expected this.unit to be non-null. @ fs://game/base-standard/ui/unit-flags/unit-flags.js:348 
[2026-10-06 13:00:21]	[CDH] TURN k=19 turn=85 age=AGE_EXPLORATION blocker=NEW_POPULATION 
[2026-10-06 13:00:21]	[CulturalDiffusion] inject 92,32 civ=0 culture=159.6 vitality=166.38 strength=133.92 stock=85991.31 cap=267838.65 
[2026-10-06 13:00:21]	[CulturalDiffusion] inject 86,20 civ=0 culture=9.41 vitality=92.79 strength=17.33 stock=3361.25 cap=34662.41 
[2026-10-06 13:00:21]	[CulturalDiffusion] inject 77,21 civ=0 culture=0 vitality=26.63 strength=0 stock=641.08 cap=0 
[2026-10-06 13:00:21]	[CulturalDiffusion] inject 82,23 civ=0 culture=0.5 vitality=19.64 strength=1.49 stock=713.07 cap=2988.34 
[2026-10-06 13:00:21]	[CulturalDiffusion] inject 93,26 civ=0 culture=6.62 vitality=11.99 strength=6.74 stock=570.66 cap=13477.32 
[2026-10-06 13:00:21]	[CulturalDiffusion] inject 80,31 civ=0 culture=3 vitality=27.2 strength=5.37 stock=752.66 cap=10733.65 
[2026-10-06 13:00:21]	[CulturalDiffusion] inject 87,32 civ=0 culture=18 vitality=30.42 strength=17.89 stock=2729.71 cap=35772.22 
[2026-10-06 13:00:21]	[CulturalDiffusion] inject 84,35 civ=0 culture=1 vitality=32.45 strength=2.8 stock=438.51 cap=5590.42 
[2026-10-06 13:00:21]	[CulturalDiffusion] inject 90,37 civ=0 culture=5.75 vitality=21.92 strength=7.6 stock=715.11 cap=15192.23 
[2026-10-06 13:00:21]	[CulturalDiffusion] inject 77,36 civ=0 culture=0 vitality=23.5 strength=0 stock=172.85 cap=0 
[2026-10-06 13:00:21]	[CulturalDiffusion] inject 81,18 civ=0 culture=0.2 vitality=17.28 strength=0.8 stock=179.4 cap=1591.27 
[2026-10-06 13:00:21]	[CulturalDiffusion] inject 79,39 civ=0 culture=0 vitality=20.76 strength=0 stock=531.67 cap=0 
[2026-10-06 13:00:21]	[CulturalDiffusion] inject 78,13 civ=0 culture=0.9 vitality=11.62 strength=1.83 stock=926.5 cap=3650.7 
[2026-10-06 13:00:21]	[CulturalDiffusion] inject 75,41 civ=0 culture=0.52 vitality=12.27 strength=1.3 stock=209.25 cap=2598.72 
[2026-10-06 13:00:21]	[CulturalDiffusion] inject 75,14 civ=0 culture=0 vitality=11.6 strength=0 stock=1282.16 cap=0 
[2026-10-06 13:00:21]	[CulturalDiffusion] inject 71,44 civ=0 culture=3.84 vitality=33.67 strength=6.79 stock=655.53 cap=13570.37 
[2026-10-06 13:00:21]	[CulturalDiffusion] inject 71,39 civ=0 culture=0 vitality=7.79 strength=0 stock=1 cap=0 
[2026-10-06 13:00:21]	[CulturalDiffusion] inject 71,15 civ=0 culture=0 vitality=30.25 strength=0 stock=854.78 cap=0 
[2026-10-06 13:00:21]	[CulturalDiffusion] inject 72,10 civ=0 culture=4 vitality=18.85 strength=5.69 stock=443.13 cap=11381.97 
[2026-10-06 13:00:21]	[CulturalDiffusion] inject 68,19 civ=0 culture=4 vitality=39.91 strength=7.4 stock=727.42 cap=14799.33 
[2026-10-06 13:00:21]	[CulturalDiffusion] inject 67,41 civ=0 culture=24.48 vitality=207.59 strength=42.78 stock=8730.25 cap=85569.79 
[2026-10-06 13:00:21]	[CulturalDiffusion] inject 67,35 civ=0 culture=2 vitality=39.05 strength=4.68 stock=423.45 cap=9359.58 
[2026-10-06 13:00:21]	[CulturalDiffusion] inject 71,33 civ=0 culture=0 vitality=28.45 strength=0 stock=1 cap=0 
[2026-10-06 13:00:21]	[CulturalDiffusion] inject 68,30 civ=0 culture=0 vitality=22.8 strength=0 stock=1 cap=0 
[2026-10-06 13:00:21]	[CulturalDiffusion] inject 64,19 civ=0 culture=5 vitality=25.19 strength=7.28 stock=670.11 cap=14563.22 
[2026-10-06 13:00:21]	[CulturalDiffusion] inject 64,45 civ=0 culture=9 vitality=36.97 strength=12.2 stock=1315.05 cap=24406.9 
[2026-10-06 13:00:21]	[CulturalDiffusion] inject 64,26 civ=0 culture=2 vitality=19.7 strength=3.68 stock=353.16 cap=7366.34 
[2026-10-06 13:00:21]	[CulturalDiffusion] inject 62,32 civ=0 culture=1 vitality=22.25 strength=2.45 stock=253.15 cap=4898.74 
[2026-10-06 13:00:21]	[CulturalDiffusion] inject 64,14 civ=0 culture=14 vitality=47.46 strength=17.75 stock=2081.27 cap=35499.03 
[2026-10-06 13:00:21]	[CulturalDiffusion] inject 60,50 civ=2 culture=13.2 vitality=21.38 strength=12.05 stock=1522.11 cap=24097.51 
[2026-10-06 13:00:21]	[CulturalDiffusion] inject 67,50 civ=2 culture=1.36 vitality=4 strength=1.53 stock=258.39 cap=3062.79 
[2026-10-06 13:00:21]	[CulturalDiffusion] inject 74,52 civ=2 culture=72.6 vitality=41.03 strength=45.84 stock=22433.72 cap=91677 
[2026-10-06 13:00:21]	[CulturalDiffusion] inject 83,44 civ=4 culture=11 vitality=27.61 strength=17.09 stock=4519.84 cap=34177.5 
[2026-10-06 13:00:21]	[CulturalDiffusion] inject 79,47 civ=4 culture=11 vitality=33.78 strength=18.34 stock=3765 cap=36675.28 
[2026-10-06 13:00:21]	[CulturalDiffusion] inject 75,48 civ=4 culture=16.5 vitality=46.53 strength=26.7 stock=8717.43 cap=53397.57 
[2026-10-06 13:00:21]	[CulturalDiffusion] frontier city=65536 ring=4 best=2015.5 bar=375 over=10/23 center=85991.31 
[2026-10-06 13:00:21]	[CulturalDiffusion] frontier city=131073 ring=4 best=3254.32 bar=375 over=12/24 center=3361.25 
[2026-10-06 13:00:21]	[CulturalDiffusion] frontier city=196610 ring=4 best=3254.32 bar=375 over=17/24 center=641.08 
[2026-10-06 13:00:21]	[CulturalDiffusion] frontier city=262147 ring=4 best=1940.45 bar=375 over=13/24 center=713.07 
[2026-10-06 13:00:21]	[CulturalDiffusion] frontier city=327684 ring=4 best=6435.33 bar=375 over=13/19 center=570.66 
[2026-10-06 13:00:21]	[CulturalDiffusion] frontier city=393221 ring=4 best=3254.32 bar=375 over=16/24 center=752.66 
[2026-10-06 13:00:21]	[CulturalDiffusion] frontier city=458758 ring=4 best=55198.43 bar=375 over=19/24 center=2729.71 
[2026-10-06 13:00:21]	[CulturalDiffusion] frontier city=524295 ring=4 best=3254.32 bar=375 over=14/24 center=438.51 
[2026-10-06 13:00:21]	[CulturalDiffusion] frontier city=589832 ring=4 best=15101.1 bar=375 over=9/24 center=715.11 
[2026-10-06 13:00:21]	[CulturalDiffusion] frontier city=655369 ring=4 best=3254.32 bar=375 over=6/24 center=172.85 
[2026-10-06 13:00:21]	[CulturalDiffusion] frontier city=720906 ring=4 best=3254.32 bar=375 over=14/24 center=179.4 
[2026-10-06 13:00:21]	[CulturalDiffusion] frontier city=786443 ring=4 best=3254.32 bar=375 over=7/24 center=531.67 
[2026-10-06 13:00:21]	[CulturalDiffusion] frontier city=851980 ring=4 best=3254.32 bar=375 over=10/24 center=926.5 
[2026-10-06 13:00:21]	[CulturalDiffusion] frontier city=917517 ring=4 best=172.31 bar=375 over=0/24 center=209.25 
[2026-10-06 13:00:21]	[CulturalDiffusion] frontier city=983054 ring=4 best=3254.32 bar=375 over=13/24 center=1282.16 
[2026-10-06 13:00:21]	[CulturalDiffusion] frontier city=1048591 ring=4 best=2296.27 bar=375 over=3/24 center=655.53 
[2026-10-06 13:00:21]	[CulturalDiffusion] frontier city=1114128 ring=4 best=3518.63 bar=375 over=4/24 center=1 
[2026-10-06 13:00:21]	[CulturalDiffusion] frontier city=1179665 ring=4 best=3254.32 bar=375 over=8/24 center=854.78 
[2026-10-06 13:00:21]	[CulturalDiffusion] frontier city=1245202 ring=4 best=683.82 bar=375 over=3/24 center=443.13 
[2026-10-06 13:00:21]	[CulturalDiffusion] frontier city=1310739 ring=4 best=1349.06 bar=375 over=5/24 center=727.42 
[2026-10-06 13:00:21]	[CulturalDiffusion] frontier city=1376276 ring=4 best=653.03 bar=375 over=1/24 center=8730.25 
[2026-10-06 13:00:21]	[CulturalDiffusion] frontier city=1441813 ring=4 best=807.69 bar=375 over=2/24 center=423.45 
[2026-10-06 13:00:21]	[CulturalDiffusion] frontier city=1507350 ring=4 best=102.44 bar=375 over=0/24 center=1 
[2026-10-06 13:00:21]	[CulturalDiffusion] frontier city=1572887 ring=4 best=298.65 bar=375 over=0/24 center=1 
[2026-10-06 13:00:21]	[CulturalDiffusion] frontier city=1638424 ring=4 best=942.99 bar=375 over=4/24 center=670.11 
[2026-10-06 13:00:21]	[CulturalDiffusion] frontier city=1703961 ring=4 best=2296.27 bar=375 over=2/24 center=1315.05 
[2026-10-06 13:00:21]	[CulturalDiffusion] frontier city=1769498 ring=4 best=1 bar=375 over=0/24 center=353.16 
[2026-10-06 13:00:21]	[CulturalDiffusion] frontier city=1835035 ring=4 best=1 bar=375 over=0/24 center=253.15 
[2026-10-06 13:00:21]	[CulturalDiffusion] frontier city=1900572 ring=4 best=74.63 bar=375 over=0/24 center=2081.27 
[2026-10-06 13:00:21]	[CulturalDiffusion] state bytes=44647 field=1155 claims=176 locked=112 passMs=66 
[2026-10-06 13:00:21]	[CulturalDiffusion] pass: 0 flip(s), 0 pending, 0 ceded (0 pending), 0 AI flip(s) (0 pending), 0 conquest(s) (0 pending), confirmed 0 claim/0 cede (0 dropped), 0 orphan(s) healed, 0 inner tile(s) released to base game, 1155 active field tile(s) 
[2026-10-06 13:00:21]	[CulturalDiffusion] pass (turn 85): flips=0 field tiles=282 
[2026-10-06 13:00:23]	[CDH] JSERR TypeError: Cannot read properties of null (reading 'cityId') @ fs://game/bz-map-trix/ui/lenses/layer/bz-religion-layer.js:50 
[2026-10-06 13:00:30]	[CDH] OBS T19: age=AGE_EXPLORATION turn=85 ownerChanges=0 missionaries=6 moved=6 idleWithMoves=0 gone=0 flipsNearMissionary=0 (district 0) onFlipped=0 jsErrors=161 amAuto=true 
[2026-10-06 13:00:30]	[CDH] UNITS T19: ?@83,44 mv=0 ch=2 ?@91,48 mv=0 ch=1 ?@78,35 mv=0 ch=? q ?@67,34 mv=0 ch=? q ?@85,35 mv=0 ch=? q ?@77,47 mv=0 ch=? q 
[2026-10-06 13:00:30]	[CDH] INV T19: claims=176 stale=0 localInner=31 district=6 center=0 pending=0 bytes=44632 
[2026-10-06 13:00:34]	[CDH] JSERR Error: Expected this.unit to be non-null. @ fs://game/base-standard/ui/unit-flags/unit-flags.js:348 
[2026-10-06 13:00:36]	[CDH] JSERR TypeError: Cannot read properties of null (reading 'cityId') @ fs://game/bz-map-trix/ui/lenses/layer/bz-religion-layer.js:50 
[2026-10-06 13:00:36]	[CDH] JSERR TypeError: Cannot read properties of null (reading 'cityId') @ fs://game/bz-map-trix/ui/lenses/layer/bz-religion-layer.js:50 
[2026-10-06 13:00:48]	[CDH] JSERR Error: Expected this.unit to be non-null. @ fs://game/base-standard/ui/unit-flags/unit-flags.js:348 
[2026-10-06 13:00:51]	[CulturalDiffusion] inject 92,32 civ=0 culture=159.6 vitality=166.38 strength=133.67 stock=96882.05 cap=267341.36 
[2026-10-06 13:00:51]	[CulturalDiffusion] inject 86,20 civ=0 culture=9.41 vitality=92.79 strength=17.3 stock=3590.63 cap=34598.06 
[2026-10-06 13:00:51]	[CulturalDiffusion] inject 77,21 civ=0 culture=0 vitality=26.63 strength=0 stock=608.86 cap=0 
[2026-10-06 13:00:51]	[CulturalDiffusion] inject 82,23 civ=0 culture=0.5 vitality=19.64 strength=1.49 stock=701.84 cap=2982.79 
[2026-10-06 13:00:51]	[CulturalDiffusion] inject 93,26 civ=0 culture=6.62 vitality=11.99 strength=6.73 stock=613.36 cap=13452.3 
[2026-10-06 13:00:51]	[CulturalDiffusion] inject 80,31 civ=0 culture=3 vitality=27.2 strength=5.36 stock=780.95 cap=10713.72 
[2026-10-06 13:00:51]	[CulturalDiffusion] inject 87,32 civ=0 culture=18 vitality=30.42 strength=17.85 stock=2963.48 cap=35705.8 
[2026-10-06 13:00:51]	[CulturalDiffusion] inject 84,35 civ=0 culture=1 vitality=32.45 strength=2.79 stock=553.12 cap=5580.04 
[2026-10-06 13:00:51]	[CulturalDiffusion] inject 90,37 civ=0 culture=5.75 vitality=21.92 strength=7.58 stock=923.5 cap=15164.02 
[2026-10-06 13:00:51]	[CulturalDiffusion] inject 77,36 civ=0 culture=0 vitality=23.5 strength=0 stock=206.02 cap=0 
[2026-10-06 13:00:51]	[CulturalDiffusion] inject 81,18 civ=0 culture=0.2 vitality=17.28 strength=0.79 stock=183.55 cap=1588.31 
[2026-10-06 13:00:51]	[CulturalDiffusion] inject 79,39 civ=0 culture=0 vitality=20.76 strength=0 stock=635.83 cap=0 
[2026-10-06 13:00:51]	[CulturalDiffusion] inject 78,13 civ=0 culture=0.9 vitality=11.62 strength=1.82 stock=910.65 cap=3643.92 
[2026-10-06 13:00:51]	[CulturalDiffusion] inject 75,41 civ=0 culture=0.52 vitality=12.27 strength=1.3 stock=216.95 cap=2593.89 
[2026-10-06 13:00:51]	[CulturalDiffusion] inject 75,14 civ=0 culture=0 vitality=11.6 strength=0 stock=1217.72 cap=0 
[2026-10-06 13:00:51]	[CulturalDiffusion] inject 71,44 civ=0 culture=3.84 vitality=33.67 strength=6.77 stock=723.74 cap=13545.17 
[2026-10-06 13:00:51]	[CulturalDiffusion] inject 71,39 civ=0 culture=0 vitality=7.79 strength=0 stock=1 cap=0 
[2026-10-06 13:00:51]	[CulturalDiffusion] inject 71,15 civ=0 culture=0 vitality=30.25 strength=0 stock=923.18 cap=0 
[2026-10-06 13:00:51]	[CulturalDiffusion] inject 72,10 civ=0 culture=4 vitality=18.85 strength=5.68 stock=476.28 cap=11360.83 
[2026-10-06 13:00:51]	[CulturalDiffusion] inject 68,19 civ=0 culture=4 vitality=39.91 strength=7.39 stock=777.2 cap=14771.85 
[2026-10-06 13:00:51]	[CulturalDiffusion] inject 67,41 civ=0 culture=24.48 vitality=208.49 strength=42.77 stock=9850.48 cap=85540.33 
[2026-10-06 13:00:51]	[CulturalDiffusion] inject 67,35 civ=0 culture=2 vitality=39.05 strength=4.67 stock=448.51 cap=9342.2 
[2026-10-06 13:00:51]	[CulturalDiffusion] inject 71,33 civ=0 culture=0 vitality=28.45 strength=0 stock=1 cap=0 
[2026-10-06 13:00:51]	[CulturalDiffusion] inject 68,30 civ=0 culture=0 vitality=22.8 strength=0 stock=1 cap=0 
[2026-10-06 13:00:51]	[CulturalDiffusion] inject 64,19 civ=0 culture=5 vitality=25.19 strength=7.27 stock=718.47 cap=14536.18 
[2026-10-06 13:00:51]	[CulturalDiffusion] inject 64,45 civ=0 culture=9 vitality=34.67 strength=11.91 stock=1440.79 cap=23819.98 
[2026-10-06 13:00:51]	[CulturalDiffusion] inject 64,26 civ=0 culture=2 vitality=19.7 strength=3.68 stock=371.26 cap=7352.67 
[2026-10-06 13:00:51]	[CulturalDiffusion] inject 62,32 civ=0 culture=1 vitality=22.25 strength=2.44 stock=264.55 cap=4889.65 
[2026-10-06 13:00:51]	[CulturalDiffusion] inject 64,14 civ=0 culture=14 vitality=47.46 strength=17.72 stock=2299.24 cap=35433.12 
[2026-10-06 13:00:51]	[CulturalDiffusion] inject 60,50 civ=2 culture=13.2 vitality=21.38 strength=12.04 stock=1636.91 cap=24077.44 
[2026-10-06 13:00:51]	[CulturalDiffusion] inject 67,50 civ=2 culture=1.36 vitality=4 strength=1.53 stock=264 cap=3060.24 
[2026-10-06 13:00:51]	[CulturalDiffusion] inject 74,52 civ=2 culture=72.6 vitality=41.03 strength=45.8 stock=23977.87 cap=91600.67 
[2026-10-06 13:00:51]	[CulturalDiffusion] inject 83,44 civ=4 culture=11 vitality=27.61 strength=17.13 stock=4748.81 cap=34254.9 
[2026-10-06 13:00:51]	[CulturalDiffusion] inject 79,47 civ=4 culture=11 vitality=33.78 strength=18.38 stock=4024.6 cap=36758.34 
[2026-10-06 13:00:51]	[CulturalDiffusion] inject 75,48 civ=4 culture=16.5 vitality=46.53 strength=26.76 stock=9273.34 cap=53518.5 
[2026-10-06 13:00:51]	[CulturalDiffusion] frontier city=65536 ring=4 best=2684.76 bar=375 over=11/23 center=96882.05 
[2026-10-06 13:00:51]	[CulturalDiffusion] frontier city=131073 ring=4 best=3090.6 bar=375 over=12/24 center=3590.63 
[2026-10-06 13:00:51]	[CulturalDiffusion] frontier city=196610 ring=4 best=3090.6 bar=375 over=17/24 center=608.86 
[2026-10-06 13:00:51]	[CulturalDiffusion] frontier city=262147 ring=4 best=1842.43 bar=375 over=13/24 center=701.84 
[2026-10-06 13:00:51]	[CulturalDiffusion] frontier city=327684 ring=4 best=8362.82 bar=375 over=13/19 center=613.36 
[2026-10-06 13:00:51]	[CulturalDiffusion] frontier city=393221 ring=4 best=3090.6 bar=375 over=16/24 center=780.95 
[2026-10-06 13:00:51]	[CulturalDiffusion] frontier city=458758 ring=4 best=64493.48 bar=375 over=20/24 center=2963.48 
[2026-10-06 13:00:51]	[CulturalDiffusion] frontier city=524295 ring=4 best=3090.6 bar=375 over=14/24 center=553.12 
[2026-10-06 13:00:51]	[CulturalDiffusion] frontier city=589832 ring=4 best=17198.26 bar=375 over=10/24 center=923.5 
[2026-10-06 13:00:51]	[CulturalDiffusion] frontier city=655369 ring=4 best=3090.6 bar=375 over=6/24 center=206.02 
[2026-10-06 13:00:51]	[CulturalDiffusion] frontier city=720906 ring=4 best=3090.6 bar=375 over=14/24 center=183.55 
[2026-10-06 13:00:51]	[CulturalDiffusion] frontier city=786443 ring=4 best=3090.6 bar=375 over=7/24 center=635.83 
[2026-10-06 13:00:51]	[CulturalDiffusion] frontier city=851980 ring=4 best=3090.6 bar=375 over=9/24 center=910.65 
[2026-10-06 13:00:51]	[CulturalDiffusion] frontier city=917517 ring=4 best=205.51 bar=375 over=0/24 center=216.95 
[2026-10-06 13:00:51]	[CulturalDiffusion] frontier city=983054 ring=4 best=3090.6 bar=375 over=13/24 center=1217.72 
[2026-10-06 13:00:51]	[CulturalDiffusion] frontier city=1048591 ring=4 best=2619.07 bar=375 over=3/24 center=723.74 
[2026-10-06 13:00:51]	[CulturalDiffusion] frontier city=1114128 ring=4 best=4290.82 bar=375 over=4/24 center=1 
[2026-10-06 13:00:51]	[CulturalDiffusion] frontier city=1179665 ring=4 best=3090.6 bar=375 over=9/24 center=923.18 
[2026-10-06 13:00:51]	[CulturalDiffusion] frontier city=1245202 ring=4 best=738.54 bar=375 over=3/24 center=476.28 
[2026-10-06 13:00:51]	[CulturalDiffusion] frontier city=1310739 ring=4 best=1280.6 bar=375 over=5/24 center=777.2 
[2026-10-06 13:00:51]	[CulturalDiffusion] frontier city=1376276 ring=4 best=764.9 bar=375 over=1/24 center=9850.48 
[2026-10-06 13:00:51]	[CulturalDiffusion] frontier city=1441813 ring=4 best=1059.58 bar=375 over=2/24 center=448.51 
[2026-10-06 13:00:51]	[CulturalDiffusion] frontier city=1507350 ring=4 best=131.11 bar=375 over=0/24 center=1 
[2026-10-06 13:00:51]	[CulturalDiffusion] frontier city=1572887 ring=4 best=317.59 bar=375 over=0/24 center=1 
[2026-10-06 13:00:51]	[CulturalDiffusion] frontier city=1638424 ring=4 best=1110.54 bar=375 over=4/24 center=718.47 
[2026-10-06 13:00:51]	[CulturalDiffusion] frontier city=1703961 ring=4 best=2619.07 bar=375 over=2/24 center=1440.79 
[2026-10-06 13:00:51]	[CulturalDiffusion] frontier city=1769498 ring=4 best=1 bar=375 over=0/24 center=371.26 
[2026-10-06 13:00:51]	[CulturalDiffusion] frontier city=1835035 ring=4 best=1 bar=375 over=0/24 center=264.55 
[2026-10-06 13:00:51]	[CulturalDiffusion] frontier city=1900572 ring=4 best=80.41 bar=375 over=0/24 center=2299.24 
[2026-10-06 13:00:51]	[CulturalDiffusion] state bytes=45883 field=1157 claims=176 locked=104 passMs=59 
[2026-10-06 13:00:51]	[CulturalDiffusion] pass: 0 flip(s), 0 pending, 0 ceded (0 pending), 0 AI flip(s) (0 pending), 0 conquest(s) (0 pending), confirmed 0 claim/0 cede (0 dropped), 0 orphan(s) healed, 0 inner tile(s) released to base game, 1157 active field tile(s) 
[2026-10-06 13:00:51]	[CulturalDiffusion] pass (turn 86): flips=0 field tiles=283 
[2026-10-06 13:00:51]	[CDH] TURN k=20 turn=86 age=AGE_EXPLORATION blocker=NEW_POPULATION 
[2026-10-06 13:00:52]	[CDH] JSERR TypeError: Cannot read properties of null (reading 'cityId') @ fs://game/bz-map-trix/ui/lenses/layer/bz-religion-layer.js:50 
[2026-10-06 13:00:52]	[CDH] JSERR TypeError: Cannot read properties of null (reading 'cityId') @ fs://game/bz-map-trix/ui/lenses/layer/bz-religion-layer.js:50 
[2026-10-06 13:00:52]	[CDH] JSERR TypeError: Cannot read properties of null (reading 'cityId') @ fs://game/bz-map-trix/ui/lenses/layer/bz-religion-layer.js:50 
[2026-10-06 13:00:52]	[CDH] JSERR TypeError: Cannot read properties of null (reading 'cityId') @ fs://game/bz-map-trix/ui/lenses/layer/bz-religion-layer.js:50 
[2026-10-06 13:00:52]	[CDH] JSERR TypeError: Cannot read properties of null (reading 'cityId') @ fs://game/bz-map-trix/ui/lenses/layer/bz-religion-layer.js:50 
[2026-10-06 13:00:52]	[CDH] JSERR TypeError: Cannot read properties of null (reading 'cityId') @ fs://game/bz-map-trix/ui/lenses/layer/bz-religion-layer.js:50 
[2026-10-06 13:00:52]	[CDH] JSERR TypeError: Cannot read properties of null (reading 'cityId') @ fs://game/bz-map-trix/ui/lenses/layer/bz-religion-layer.js:50 
[2026-10-06 13:00:52]	[CDH] JSERR TypeError: Cannot read properties of null (reading 'cityId') @ fs://game/bz-map-trix/ui/lenses/layer/bz-religion-layer.js:50 
[2026-10-06 13:00:52]	[CDH] JSERR TypeError: Cannot read properties of null (reading 'cityId') @ fs://game/bz-map-trix/ui/lenses/layer/bz-religion-layer.js:50 
[2026-10-06 13:01:00]	[CDH] OBS T20: age=AGE_EXPLORATION turn=86 ownerChanges=0 missionaries=5 moved=5 idleWithMoves=0 gone=0 flipsNearMissionary=0 (district 0) onFlipped=0 jsErrors=174 amAuto=true 
[2026-10-06 13:01:00]	[CDH] UNITS T20: ?@82,43 mv=0 ch=1 ?@77,37 mv=0 ch=? q ?@63,33 mv=0 ch=? q ?@85,35 mv=0 ch=1 ?@77,47 mv=0 ch=2 
[2026-10-06 13:01:00]	[CDH] INV T20: claims=176 stale=0 localInner=31 district=6 center=0 pending=0 bytes=45868 
[2026-10-06 13:01:00]	[CDH] SEED T20: 280 frontier tiles seeded, state bytes=47461 
[2026-10-06 13:01:00]	[CDH] BUY T20: had 5, bought 1 
[2026-10-06 13:01:08]	[CDH] JSERR TypeError: Cannot read properties of null (reading 'cityId') @ fs://game/bz-map-trix/ui/lenses/layer/bz-religion-layer.js:50 
[2026-10-06 13:01:20]	[CDH] JSERR Error: Expected this.unit to be non-null. @ fs://game/base-standard/ui/unit-flags/unit-flags.js:348 
[2026-10-06 13:01:20]	[CDH] JSERR Error: Expected this.unit to be non-null. @ fs://game/base-standard/ui/unit-flags/unit-flags.js:348 
[2026-10-06 13:01:23]	[CulturalDiffusion] inject 92,32 civ=0 culture=159.6 vitality=165.48 strength=141.05 stock=109050.83 cap=282105.07 
[2026-10-06 13:01:23]	[CulturalDiffusion] inject 86,20 civ=0 culture=9.41 vitality=92.08 strength=18.24 stock=3843.41 cap=36480.58 
[2026-10-06 13:01:23]	[CulturalDiffusion] inject 77,21 civ=0 culture=0 vitality=26.63 strength=0 stock=578.25 cap=0 
[2026-10-06 13:01:23]	[CulturalDiffusion] inject 82,23 civ=0 culture=0.5 vitality=19.64 strength=1.58 stock=691.93 cap=3153.49 
[2026-10-06 13:01:23]	[CulturalDiffusion] inject 93,26 civ=0 culture=6.62 vitality=11.99 strength=7.11 stock=659.9 cap=14222.17 
[2026-10-06 13:01:23]	[CulturalDiffusion] inject 80,31 civ=0 culture=3 vitality=27.2 strength=5.66 stock=812.2 cap=11326.86 
[2026-10-06 13:01:23]	[CulturalDiffusion] inject 87,32 civ=0 culture=18 vitality=30.42 strength=18.87 stock=3222.25 cap=37749.22 
[2026-10-06 13:01:23]	[CulturalDiffusion] inject 84,35 civ=0 culture=1 vitality=32.45 strength=2.95 stock=692.71 cap=5899.38 
[2026-10-06 13:01:23]	[CulturalDiffusion] inject 90,37 civ=0 culture=5.75 vitality=21.92 strength=8.02 stock=1198.97 cap=16031.85 
[2026-10-06 13:01:23]	[CulturalDiffusion] inject 77,36 civ=0 culture=0 vitality=23.5 strength=0 stock=235.38 cap=0 
[2026-10-06 13:01:23]	[CulturalDiffusion] inject 81,18 civ=0 culture=0.2 vitality=17.28 strength=0.84 stock=187.78 cap=1679.21 
[2026-10-06 13:01:23]	[CulturalDiffusion] inject 79,39 civ=0 culture=0 vitality=20.76 strength=0 stock=756.31 cap=0 
[2026-10-06 13:01:23]	[CulturalDiffusion] inject 78,13 civ=0 culture=0.9 vitality=11.62 strength=1.93 stock=896.63 cap=3852.46 
[2026-10-06 13:01:23]	[CulturalDiffusion] inject 75,41 civ=0 culture=0.47 vitality=10.9 strength=1.23 stock=223.92 cap=2461 
[2026-10-06 13:01:23]	[CulturalDiffusion] inject 75,14 civ=0 culture=0 vitality=11.6 strength=0 stock=1156.49 cap=0 
[2026-10-06 13:01:23]	[CulturalDiffusion] inject 71,44 civ=0 culture=3.34 vitality=28.03 strength=6.13 stock=785.98 cap=12264.56 
[2026-10-06 13:01:23]	[CulturalDiffusion] inject 71,39 civ=0 culture=0 vitality=6.65 strength=0 stock=1 cap=0 
[2026-10-06 13:01:23]	[CulturalDiffusion] inject 71,15 civ=0 culture=0 vitality=30.25 strength=0 stock=901.52 cap=0 
[2026-10-06 13:01:23]	[CulturalDiffusion] inject 72,10 civ=0 culture=4 vitality=18.85 strength=6.01 stock=512.23 cap=12011.01 
[2026-10-06 13:01:23]	[CulturalDiffusion] inject 68,19 civ=0 culture=4 vitality=39.91 strength=7.81 stock=831.65 cap=15617.23 
[2026-10-06 13:01:23]	[CulturalDiffusion] inject 67,41 civ=0 culture=24.68 vitality=205.14 strength=45.2 stock=11104.4 cap=90399.4 
[2026-10-06 13:01:23]	[CulturalDiffusion] inject 67,35 civ=0 culture=2 vitality=39.05 strength=4.94 stock=475.59 cap=9876.85 
[2026-10-06 13:01:23]	[CulturalDiffusion] inject 71,33 civ=0 culture=0 vitality=28.45 strength=0 stock=1 cap=0 
[2026-10-06 13:01:23]	[CulturalDiffusion] inject 68,30 civ=0 culture=0 vitality=22.8 strength=0 stock=1 cap=0 
[2026-10-06 13:01:23]	[CulturalDiffusion] inject 64,19 civ=0 culture=5 vitality=25.19 strength=7.68 stock=771.32 cap=15368.08 
[2026-10-06 13:01:23]	[CulturalDiffusion] inject 64,45 civ=0 culture=9 vitality=34.67 strength=12.59 stock=1577.32 cap=25183.18 
[2026-10-06 13:01:23]	[CulturalDiffusion] inject 64,26 civ=0 culture=2 vitality=19.7 strength=3.89 stock=390.7 cap=7773.45 
[2026-10-06 13:01:23]	[CulturalDiffusion] inject 62,32 civ=0 culture=1 vitality=22.25 strength=2.58 stock=276.61 cap=5169.48 
[2026-10-06 13:01:23]	[CulturalDiffusion] inject 64,14 civ=0 culture=14 vitality=47.46 strength=18.73 stock=2541.12 cap=37460.93 
[2026-10-06 13:01:23]	[CulturalDiffusion] inject 60,50 civ=2 culture=13.2 vitality=21.38 strength=11.9 stock=1750.55 cap=23802.91 
[2026-10-06 13:01:23]	[CulturalDiffusion] inject 67,50 civ=2 culture=1.36 vitality=4 strength=1.51 stock=269.32 cap=3025.35 
[2026-10-06 13:01:23]	[CulturalDiffusion] inject 74,52 civ=2 culture=72.6 vitality=41.03 strength=45.28 stock=25503.41 cap=90556.23 
[2026-10-06 13:01:23]	[CulturalDiffusion] inject 83,44 civ=4 culture=11 vitality=25.17 strength=20.85 stock=5076.73 cap=41691.69 
[2026-10-06 13:01:23]	[CulturalDiffusion] inject 79,47 civ=4 culture=11 vitality=33.28 strength=22.99 stock=4399.16 cap=45976 
[2026-10-06 13:01:23]	[CulturalDiffusion] inject 75,48 civ=4 culture=16.5 vitality=46.53 strength=33.64 stock=10092.42 cap=67285.83 
[2026-10-06 13:01:23]	[CulturalDiffusion] frontier city=65536 ring=4 best=3552.92 bar=375 over=12/23 center=109050.83 
[2026-10-06 13:01:23]	[CulturalDiffusion] frontier city=131073 ring=4 best=3799 bar=375 over=12/24 center=3843.41 
[2026-10-06 13:01:23]	[CulturalDiffusion] frontier city=196610 ring=4 best=3799 bar=375 over=17/24 center=578.25 
[2026-10-06 13:01:23]	[CulturalDiffusion] frontier city=262147 ring=4 best=1749.31 bar=375 over=13/24 center=691.93 
[2026-10-06 13:01:23]	[CulturalDiffusion] frontier city=327684 ring=4 best=10700.42 bar=375 over=13/19 center=659.9 
[2026-10-06 13:01:23]	[CulturalDiffusion] frontier city=393221 ring=4 best=2935.07 bar=375 over=16/24 center=812.2 
[2026-10-06 13:01:23]	[CulturalDiffusion] frontier city=458758 ring=4 best=72661.53 bar=375 over=21/24 center=3222.25 
[2026-10-06 13:01:23]	[CulturalDiffusion] frontier city=524295 ring=4 best=3799 bar=375 over=16/24 center=692.71 
[2026-10-06 13:01:23]	[CulturalDiffusion] frontier city=589832 ring=4 best=19376.41 bar=375 over=11/24 center=1198.97 
[2026-10-06 13:01:23]	[CulturalDiffusion] frontier city=655369 ring=4 best=3799 bar=375 over=6/24 center=235.38 
[2026-10-06 13:01:23]	[CulturalDiffusion] frontier city=720906 ring=4 best=3799 bar=375 over=14/24 center=187.78 
[2026-10-06 13:01:23]	[CulturalDiffusion] frontier city=786443 ring=4 best=3799 bar=375 over=7/24 center=756.31 
[2026-10-06 13:01:23]	[CulturalDiffusion] frontier city=851980 ring=4 best=3799 bar=375 over=9/24 center=896.63 
[2026-10-06 13:01:23]	[CulturalDiffusion] frontier city=917517 ring=4 best=234.9 bar=375 over=0/24 center=223.92 
[2026-10-06 13:01:23]	[CulturalDiffusion] frontier city=983054 ring=4 best=3799 bar=375 over=13/24 center=1156.49 
[2026-10-06 13:01:23]	[CulturalDiffusion] frontier city=1048591 ring=4 best=2955.14 bar=375 over=3/24 center=785.98 
[2026-10-06 13:01:23]	[CulturalDiffusion] frontier city=1114128 ring=4 best=5147.05 bar=375 over=5/24 center=1 
[2026-10-06 13:01:23]	[CulturalDiffusion] frontier city=1179665 ring=4 best=3799 bar=375 over=9/24 center=901.52 
[2026-10-06 13:01:23]	[CulturalDiffusion] frontier city=1245202 ring=4 best=721.22 bar=375 over=2/24 center=512.23 
[2026-10-06 13:01:23]	[CulturalDiffusion] frontier city=1310739 ring=4 best=1215.57 bar=375 over=5/24 center=831.65 
[2026-10-06 13:01:23]	[CulturalDiffusion] frontier city=1376276 ring=4 best=885.51 bar=375 over=2/24 center=11104.4 
[2026-10-06 13:01:23]	[CulturalDiffusion] frontier city=1441813 ring=4 best=1363.52 bar=375 over=3/24 center=475.59 
[2026-10-06 13:01:23]	[CulturalDiffusion] frontier city=1507350 ring=4 best=160.62 bar=375 over=0/24 center=1 
[2026-10-06 13:01:23]	[CulturalDiffusion] frontier city=1572887 ring=4 best=336.38 bar=375 over=0/24 center=1 
[2026-10-06 13:01:23]	[CulturalDiffusion] frontier city=1638424 ring=4 best=1293 bar=375 over=4/24 center=771.32 
[2026-10-06 13:01:23]	[CulturalDiffusion] frontier city=1703961 ring=4 best=2955.14 bar=375 over=2/24 center=1577.32 
[2026-10-06 13:01:23]	[CulturalDiffusion] frontier city=1769498 ring=4 best=1 bar=375 over=0/24 center=390.7 
[2026-10-06 13:01:23]	[CulturalDiffusion] frontier city=1835035 ring=4 best=1 bar=375 over=0/24 center=276.61 
[2026-10-06 13:01:23]	[CulturalDiffusion] frontier city=1900572 ring=4 best=86.22 bar=375 over=0/24 center=2541.12 
[2026-10-06 13:01:23]	[CulturalDiffusion] flip 77,47 -> player 2 via purchasePlot sent; pending confirmation next pass (was owner 4) 
[2026-10-06 13:01:23]	[CulturalDiffusion] state bytes=44216 field=1160 claims=176 locked=102 passMs=60 
[2026-10-06 13:01:23]	[CulturalDiffusion] pass: 0 flip(s), 0 pending, 0 ceded (0 pending), 0 AI flip(s) (1 pending), 0 conquest(s) (0 pending), confirmed 0 claim/0 cede (0 dropped), 0 orphan(s) healed, 0 inner tile(s) released to base game, 1160 active field tile(s) 
[2026-10-06 13:01:23]	[CulturalDiffusion] pass (turn 87): flips=0 field tiles=280 
[2026-10-06 13:01:24]	[CDH] TURN k=21 turn=87 age=AGE_EXPLORATION blocker=NEW_POPULATION 
[2026-10-06 13:01:33]	[CDH] OBS T21: age=AGE_EXPLORATION turn=87 ownerChanges=1 missionaries=6 moved=6 idleWithMoves=0 gone=0 flipsNearMissionary=0 (district 0) onFlipped=0 jsErrors=177 amAuto=true 
[2026-10-06 13:01:33]	[CDH] UNITS T21: ?@83,47 mv=0 ch=? q ?@73,48 mv=1 ch=3 q ?@77,35 mv=0 ch=? q ?@62,33 mv=0 ch=3 ?@88,32 mv=0 ch=? q ?@81,47 mv=0 ch=? q 
[2026-10-06 13:01:33]	[CDH] INV T21: claims=176 stale=0 localInner=31 district=6 center=0 pending=1 bytes=44201 
[2026-10-06 13:01:42]	[CDH] JSERR Error: Expected this.unit to be non-null. @ fs://game/base-standard/ui/unit-flags/unit-flags.js:348 
[2026-10-06 13:01:56]	[CDH] JSERR Error: Expected this.unit to be non-null. @ fs://game/base-standard/ui/unit-flags/unit-flags.js:348 
[2026-10-06 13:01:59]	[CDH] TURN k=22 turn=88 age=AGE_EXPLORATION blocker=NEW_POPULATION 
[2026-10-06 13:01:59]	[CulturalDiffusion] notify: (77,47) player 4 -> player 2 
[2026-10-06 13:01:59]	[CulturalDiffusion] pending 77,47 claim confirmed on the live map 
[2026-10-06 13:01:59]	[CulturalDiffusion] inject 92,32 civ=0 culture=159.6 vitality=165.13 strength=141.01 stock=121641.49 cap=282011.44 
[2026-10-06 13:01:59]	[CulturalDiffusion] inject 86,20 civ=0 culture=9.41 vitality=91.73 strength=18.22 stock=4097.8 cap=36446.89 
[2026-10-06 13:01:59]	[CulturalDiffusion] inject 77,21 civ=0 culture=0 vitality=26.63 strength=0 stock=549.17 cap=0 
[2026-10-06 13:01:59]	[CulturalDiffusion] inject 82,23 civ=0 culture=0.5 vitality=19.64 strength=1.58 stock=682.4 cap=3154.78 
[2026-10-06 13:01:59]	[CulturalDiffusion] inject 93,26 civ=0 culture=6.62 vitality=11.99 strength=7.11 stock=706.69 cap=14227.99 
[2026-10-06 13:01:59]	[CulturalDiffusion] inject 80,31 civ=0 culture=3 vitality=27.2 strength=5.67 stock=843.12 cap=11331.49 
[2026-10-06 13:01:59]	[CulturalDiffusion] inject 87,32 civ=0 culture=18 vitality=30.42 strength=18.88 stock=3485.27 cap=37764.67 
[2026-10-06 13:01:59]	[CulturalDiffusion] inject 84,35 civ=0 culture=1 vitality=32.45 strength=2.95 stock=831.24 cap=5901.8 
[2026-10-06 13:01:59]	[CulturalDiffusion] inject 90,37 civ=0 culture=5.25 vitality=20.35 strength=7.36 stock=1528.87 cap=14729.3 
[2026-10-06 13:01:59]	[CulturalDiffusion] inject 77,36 civ=0 culture=0 vitality=23.5 strength=0 stock=230.97 cap=0 
[2026-10-06 13:01:59]	[CulturalDiffusion] inject 81,18 civ=0 culture=0.2 vitality=16.77 strength=0.83 stock=191.8 cap=1662.3 
[2026-10-06 13:01:59]	[CulturalDiffusion] inject 79,39 civ=0 culture=0 vitality=20.76 strength=0 stock=880.19 cap=0 
[2026-10-06 13:01:59]	[CulturalDiffusion] inject 78,13 civ=0 culture=0.9 vitality=11.62 strength=1.93 stock=936.53 cap=3854.03 
[2026-10-06 13:01:59]	[CulturalDiffusion] inject 75,41 civ=0 culture=0.47 vitality=10.9 strength=1.23 stock=230.56 cap=2462.01 
[2026-10-06 13:01:59]	[CulturalDiffusion] inject 75,14 civ=0 culture=0 vitality=11.6 strength=0 stock=1098.33 cap=0 
[2026-10-06 13:01:59]	[CulturalDiffusion] inject 71,44 civ=0 culture=3.34 vitality=26.8 strength=6.04 stock=845.78 cap=12077.71 
[2026-10-06 13:01:59]	[CulturalDiffusion] inject 71,39 civ=0 culture=0 vitality=6.65 strength=0 stock=1 cap=0 
[2026-10-06 13:01:59]	[CulturalDiffusion] inject 71,15 civ=0 culture=0 vitality=30.25 strength=0 stock=856.21 cap=0 
[2026-10-06 13:01:59]	[CulturalDiffusion] inject 72,10 civ=0 culture=4 vitality=18.85 strength=6.01 stock=548.28 cap=12015.92 
[2026-10-06 13:01:59]	[CulturalDiffusion] inject 68,19 civ=0 culture=4 vitality=39.91 strength=7.81 stock=886.32 cap=15623.62 
[2026-10-06 13:01:59]	[CulturalDiffusion] inject 67,41 civ=0 culture=24.68 vitality=205.24 strength=45.23 stock=12403.96 cap=90451.81 
[2026-10-06 13:01:59]	[CulturalDiffusion] inject 67,35 civ=0 culture=2 vitality=39.05 strength=4.94 stock=502.54 cap=9880.89 
[2026-10-06 13:01:59]	[CulturalDiffusion] inject 71,33 civ=0 culture=0 vitality=28.45 strength=0 stock=1 cap=0 
[2026-10-06 13:01:59]	[CulturalDiffusion] inject 68,30 civ=0 culture=0 vitality=22.8 strength=0 stock=1 cap=0 
[2026-10-06 13:01:59]	[CulturalDiffusion] inject 64,19 civ=0 culture=5 vitality=25.19 strength=7.69 stock=824.44 cap=15374.37 
[2026-10-06 13:01:59]	[CulturalDiffusion] inject 64,45 civ=0 culture=9 vitality=34.67 strength=12.6 stock=1714.94 cap=25193.48 
[2026-10-06 13:01:59]	[CulturalDiffusion] inject 64,26 civ=0 culture=2 vitality=19.7 strength=3.89 stock=409.94 cap=7776.64 
[2026-10-06 13:01:59]	[CulturalDiffusion] inject 62,32 civ=0 culture=1 vitality=22.25 strength=2.59 stock=288.43 cap=5171.6 
[2026-10-06 13:01:59]	[CulturalDiffusion] inject 64,14 civ=0 culture=14 vitality=47.46 strength=18.74 stock=2788.9 cap=37476.26 
[2026-10-06 13:01:59]	[CulturalDiffusion] inject 60,50 civ=2 culture=13.2 vitality=21.38 strength=11.97 stock=1865.94 cap=23933.4 
[2026-10-06 13:01:59]	[CulturalDiffusion] inject 67,50 civ=2 culture=1.36 vitality=4 strength=1.52 stock=274.52 cap=3041.93 
[2026-10-06 13:01:59]	[CulturalDiffusion] inject 74,52 civ=2 culture=72.6 vitality=42.84 strength=46.22 stock=27096.03 cap=92441.63 
[2026-10-06 13:01:59]	[CulturalDiffusion] inject 83,44 civ=4 culture=11 vitality=25.17 strength=20.85 stock=5407.23 cap=41697.83 
[2026-10-06 13:01:59]	[CulturalDiffusion] inject 79,47 civ=4 culture=11 vitality=33.28 strength=22.99 stock=4781.15 cap=45982.77 
[2026-10-06 13:01:59]	[CulturalDiffusion] inject 75,48 civ=4 culture=16.5 vitality=46.53 strength=33.65 stock=10923.94 cap=67295.75 
[2026-10-06 13:01:59]	[CulturalDiffusion] frontier city=65536 ring=4 best=4659.44 bar=375 over=12/23 center=121641.49 
[2026-10-06 13:01:59]	[CulturalDiffusion] frontier city=131073 ring=4 best=3608.05 bar=375 over=11/24 center=4097.8 
[2026-10-06 13:01:59]	[CulturalDiffusion] frontier city=196610 ring=4 best=3608.05 bar=375 over=17/24 center=549.17 
[2026-10-06 13:01:59]	[CulturalDiffusion] frontier city=262147 ring=4 best=1660.84 bar=375 over=13/24 center=682.4 
[2026-10-06 13:01:59]	[CulturalDiffusion] frontier city=327684 ring=4 best=13386.25 bar=375 over=12/19 center=706.69 
[2026-10-06 13:01:59]	[CulturalDiffusion] frontier city=393221 ring=4 best=2787.32 bar=375 over=16/24 center=843.12 
[2026-10-06 13:01:59]	[CulturalDiffusion] frontier city=458758 ring=4 best=81788.12 bar=375 over=20/24 center=3485.27 
[2026-10-06 13:01:59]	[CulturalDiffusion] frontier city=524295 ring=4 best=3608.05 bar=375 over=15/24 center=831.24 
[2026-10-06 13:01:59]	[CulturalDiffusion] frontier city=589832 ring=4 best=21810.17 bar=375 over=11/24 center=1528.87 
[2026-10-06 13:01:59]	[CulturalDiffusion] frontier city=655369 ring=4 best=3608.05 bar=375 over=6/24 center=230.97 
[2026-10-06 13:01:59]	[CulturalDiffusion] frontier city=720906 ring=4 best=3608.05 bar=375 over=14/24 center=191.8 
[2026-10-06 13:01:59]	[CulturalDiffusion] frontier city=786443 ring=4 best=3608.05 bar=375 over=7/24 center=880.19 
[2026-10-06 13:01:59]	[CulturalDiffusion] frontier city=851980 ring=4 best=3608.05 bar=375 over=9/24 center=936.53 
[2026-10-06 13:01:59]	[CulturalDiffusion] frontier city=917517 ring=4 best=264.71 bar=375 over=0/24 center=230.56 
[2026-10-06 13:01:59]	[CulturalDiffusion] frontier city=983054 ring=4 best=3608.05 bar=375 over=13/24 center=1098.33 
[2026-10-06 13:01:59]	[CulturalDiffusion] frontier city=1048591 ring=4 best=3331.32 bar=375 over=4/24 center=845.78 
[2026-10-06 13:01:59]	[CulturalDiffusion] frontier city=1114128 ring=4 best=6099.15 bar=375 over=5/24 center=1 
[2026-10-06 13:01:59]	[CulturalDiffusion] frontier city=1179665 ring=4 best=3608.05 bar=375 over=9/24 center=856.21 
[2026-10-06 13:01:59]	[CulturalDiffusion] frontier city=1245202 ring=4 best=684.97 bar=375 over=2/24 center=548.28 
[2026-10-06 13:01:59]	[CulturalDiffusion] frontier city=1310739 ring=4 best=1153.8 bar=375 over=5/24 center=886.32 
[2026-10-06 13:01:59]	[CulturalDiffusion] frontier city=1376276 ring=4 best=1015.7 bar=375 over=4/24 center=12403.96 
[2026-10-06 13:01:59]	[CulturalDiffusion] frontier city=1441813 ring=4 best=1724.49 bar=375 over=3/24 center=502.54 
[2026-10-06 13:01:59]	[CulturalDiffusion] frontier city=1507350 ring=4 best=190.94 bar=375 over=0/24 center=1 
[2026-10-06 13:01:59]	[CulturalDiffusion] frontier city=1572887 ring=4 best=356.69 bar=375 over=0/24 center=1 
[2026-10-06 13:01:59]	[CulturalDiffusion] frontier city=1638424 ring=4 best=1492.23 bar=375 over=4/24 center=824.44 
[2026-10-06 13:01:59]	[CulturalDiffusion] frontier city=1703961 ring=4 best=3331.32 bar=375 over=4/24 center=1714.94 
[2026-10-06 13:01:59]	[CulturalDiffusion] frontier city=1769498 ring=4 best=17.04 bar=375 over=0/24 center=409.94 
[2026-10-06 13:01:59]	[CulturalDiffusion] frontier city=1835035 ring=4 best=19.36 bar=375 over=0/24 center=288.43 
[2026-10-06 13:01:59]	[CulturalDiffusion] frontier city=1900572 ring=4 best=92.56 bar=375 over=0/24 center=2788.9 
[2026-10-06 13:01:59]	[CulturalDiffusion] state bytes=45129 field=1167 claims=177 locked=87 passMs=62 
[2026-10-06 13:01:59]	[CulturalDiffusion] pass: 0 flip(s), 0 pending, 0 ceded (0 pending), 0 AI flip(s) (0 pending), 0 conquest(s) (0 pending), confirmed 1 claim/0 cede (0 dropped), 0 orphan(s) healed, 0 inner tile(s) released to base game, 1167 active field tile(s) 
[2026-10-06 13:01:59]	[CulturalDiffusion] pass (turn 88): flips=0 field tiles=283 
[2026-10-06 13:02:00]	[CDH] JSERR TypeError: Cannot read properties of null (reading 'cityId') @ fs://game/bz-map-trix/ui/lenses/layer/bz-religion-layer.js:50 
[2026-10-06 13:02:00]	[CDH] JSERR TypeError: Cannot read properties of null (reading 'cityId') @ fs://game/bz-map-trix/ui/lenses/layer/bz-religion-layer.js:50 
[2026-10-06 13:02:00]	[CDH] JSERR TypeError: Cannot read properties of null (reading 'cityId') @ fs://game/bz-map-trix/ui/lenses/layer/bz-religion-layer.js:50 
[2026-10-06 13:02:00]	[CDH] JSERR TypeError: Cannot read properties of null (reading 'cityId') @ fs://game/bz-map-trix/ui/lenses/layer/bz-religion-layer.js:50 
[2026-10-06 13:02:00]	[CDH] JSERR TypeError: Cannot read properties of null (reading 'cityId') @ fs://game/bz-map-trix/ui/lenses/layer/bz-religion-layer.js:50 
[2026-10-06 13:02:08]	[CDH] OBS T22: age=AGE_EXPLORATION turn=88 ownerChanges=0 missionaries=5 moved=5 idleWithMoves=1 gone=0 flipsNearMissionary=0 (district 0) onFlipped=0 jsErrors=184 amAuto=true 
[2026-10-06 13:02:08]	[CDH] UNITS T22: ?@86,50 mv=0 ch=? q ?@73,49 mv=4 ch=3 ?@79,34 mv=0 ch=? q ?@62,33 mv=0 ch=2 ?@85,48 mv=0 ch=? q 
[2026-10-06 13:02:08]	[CDH] INV T22: claims=177 stale=0 localInner=31 district=6 center=0 pending=0 bytes=45114 
[2026-10-06 13:02:08]	[CDH] BUY T22: had 5, bought 1 
[2026-10-06 13:02:13]	[CDH] JSERR TypeError: Cannot read properties of null (reading 'cityId') @ fs://game/bz-map-trix/ui/lenses/layer/bz-religion-layer.js:50 
[2026-10-06 13:02:13]	[CDH] JSERR TypeError: Cannot read properties of null (reading 'cityId') @ fs://game/bz-map-trix/ui/lenses/layer/bz-religion-layer.js:50 
[2026-10-06 13:02:23]	[CDH] JSERR Error: Expected this.unit to be non-null. @ fs://game/base-standard/ui/unit-flags/unit-flags.js:348 
[2026-10-06 13:02:25]	[CDH] JSERR Error: Expected this.unit to be non-null. @ fs://game/base-standard/ui/unit-flags/unit-flags.js:348 
[2026-10-06 13:02:27]	[CDH] JSERR TypeError: Cannot read properties of null (reading 'cityId') @ fs://game/bz-map-trix/ui/lenses/layer/bz-religion-layer.js:50 
[2026-10-06 13:02:27]	[CDH] JSERR TypeError: Cannot read properties of null (reading 'cityId') @ fs://game/bz-map-trix/ui/lenses/layer/bz-religion-layer.js:50 
[2026-10-06 13:02:27]	[CDH] JSERR TypeError: Cannot read properties of null (reading 'cityId') @ fs://game/bz-map-trix/ui/lenses/layer/bz-religion-layer.js:50 
[2026-10-06 13:02:27]	[CDH] JSERR TypeError: Cannot read properties of null (reading 'cityId') @ fs://game/bz-map-trix/ui/lenses/layer/bz-religion-layer.js:50 
[2026-10-06 13:02:27]	[CulturalDiffusion] capture: city 720897 to player 8 lies outside the simulated field; nothing to transfer 
[2026-10-06 13:02:28]	[CulturalDiffusion] inject 92,32 civ=0 culture=161 vitality=168.33 strength=145.41 stock=135210.73 cap=290827.99 
[2026-10-06 13:02:28]	[CulturalDiffusion] inject 86,20 civ=0 culture=9.41 vitality=90.33 strength=18.46 stock=4359.62 cap=36923.23 
[2026-10-06 13:02:28]	[CulturalDiffusion] inject 77,21 civ=0 culture=0 vitality=26.63 strength=0 stock=668.1 cap=0 
[2026-10-06 13:02:28]	[CulturalDiffusion] inject 82,23 civ=0 culture=0.5 vitality=19.64 strength=1.61 stock=726.14 cap=3213.31 
[2026-10-06 13:02:28]	[CulturalDiffusion] inject 93,26 civ=0 culture=6.62 vitality=11.99 strength=7.25 stock=754.95 cap=14491.92 
[2026-10-06 13:02:28]	[CulturalDiffusion] inject 80,31 civ=0 culture=3 vitality=27.2 strength=5.77 stock=874.86 cap=11541.69 
[2026-10-06 13:02:28]	[CulturalDiffusion] inject 87,32 civ=0 culture=18 vitality=30.42 strength=19.23 stock=3944.33 cap=38465.21 
[2026-10-06 13:02:28]	[CulturalDiffusion] inject 84,35 civ=0 culture=1 vitality=32.45 strength=3.01 stock=907.76 cap=6011.28 
[2026-10-06 13:02:28]	[CulturalDiffusion] inject 90,37 civ=0 culture=5.25 vitality=20.35 strength=7.5 stock=1941.66 cap=15002.53 
[2026-10-06 13:02:28]	[CulturalDiffusion] inject 77,36 civ=0 culture=0 vitality=23.5 strength=0 stock=219.37 cap=0 
[2026-10-06 13:02:28]	[CulturalDiffusion] inject 81,18 civ=0 culture=0.2 vitality=16.77 strength=0.85 stock=195.75 cap=1693.13 
[2026-10-06 13:02:28]	[CulturalDiffusion] inject 79,39 civ=0 culture=0 vitality=20.76 strength=0 stock=907.88 cap=0 
[2026-10-06 13:02:28]	[CulturalDiffusion] inject 78,13 civ=0 culture=0.9 vitality=11.62 strength=1.96 stock=945.02 cap=3925.53 
[2026-10-06 13:02:28]	[CulturalDiffusion] inject 75,41 civ=0 culture=0.47 vitality=10.9 strength=1.25 stock=237.03 cap=2507.68 
[2026-10-06 13:02:28]	[CulturalDiffusion] inject 75,14 civ=0 culture=0 vitality=11.6 strength=0 stock=1312.96 cap=0 
[2026-10-06 13:02:28]	[CulturalDiffusion] inject 71,44 civ=0 culture=3.09 vitality=23.88 strength=5.62 stock=902.53 cap=11232.22 
[2026-10-06 13:02:28]	[CulturalDiffusion] inject 71,39 civ=0 culture=0 vitality=6.65 strength=0 stock=20.59 cap=0 
[2026-10-06 13:02:28]	[CulturalDiffusion] inject 71,15 civ=0 culture=0 vitality=30.25 strength=0 stock=848.63 cap=0 
[2026-10-06 13:02:28]	[CulturalDiffusion] inject 72,10 civ=0 culture=4 vitality=18.85 strength=6.12 stock=585.36 cap=12238.82 
[2026-10-06 13:02:28]	[CulturalDiffusion] inject 68,19 civ=0 culture=4 vitality=39.91 strength=7.96 stock=942.75 cap=15913.44 
[2026-10-06 13:02:28]	[CulturalDiffusion] inject 67,41 civ=0 culture=24.68 vitality=203.49 strength=45.93 stock=13773.8 cap=91854.01 
[2026-10-06 13:02:28]	[CulturalDiffusion] inject 67,35 civ=0 culture=2 vitality=39.05 strength=5.03 stock=530.1 cap=10064.18 
[2026-10-06 13:02:28]	[CulturalDiffusion] inject 71,33 civ=0 culture=0 vitality=28.45 strength=0 stock=1 cap=0 
[2026-10-06 13:02:28]	[CulturalDiffusion] inject 68,30 civ=0 culture=0 vitality=22.8 strength=0 stock=1 cap=0 
[2026-10-06 13:02:28]	[CulturalDiffusion] inject 64,19 civ=0 culture=5 vitality=25.19 strength=7.83 stock=879.29 cap=15659.57 
[2026-10-06 13:02:28]	[CulturalDiffusion] inject 64,45 civ=0 culture=9 vitality=34.67 strength=12.83 stock=1859.06 cap=25660.83 
[2026-10-06 13:02:28]	[CulturalDiffusion] inject 64,26 civ=0 culture=2 vitality=19.7 strength=3.96 stock=429.5 cap=7920.89 
[2026-10-06 13:02:28]	[CulturalDiffusion] inject 62,32 civ=0 culture=1 vitality=22.25 strength=2.63 stock=300.34 cap=5267.53 
[2026-10-06 13:02:28]	[CulturalDiffusion] inject 64,14 civ=0 culture=14 vitality=47.46 strength=19.09 stock=3048.82 cap=38171.46 
[2026-10-06 13:02:28]	[CulturalDiffusion] inject 60,50 civ=2 culture=13.2 vitality=21.38 strength=11.73 stock=1977.89 cap=23460.13 
[2026-10-06 13:02:28]	[CulturalDiffusion] inject 67,50 civ=2 culture=1.36 vitality=4 strength=1.49 stock=279.36 cap=2981.78 
[2026-10-06 13:02:28]	[CulturalDiffusion] inject 74,52 civ=2 culture=72.6 vitality=40.7 strength=44.5 stock=28587.36 cap=89004.06 
[2026-10-06 13:02:28]	[CulturalDiffusion] inject 83,44 civ=4 culture=11 vitality=25.17 strength=20.86 stock=5740.09 cap=41729.34 
[2026-10-06 13:02:28]	[CulturalDiffusion] inject 79,47 civ=4 culture=11 vitality=33.28 strength=23.01 stock=5170.18 cap=46017.52 
[2026-10-06 13:02:28]	[CulturalDiffusion] inject 75,48 civ=4 culture=16.5 vitality=46.53 strength=33.67 stock=11766.78 cap=67346.59 
[2026-10-06 13:02:28]	[CulturalDiffusion] frontier city=65536 ring=4 best=6010.68 bar=375 over=13/23 center=135210.73 
[2026-10-06 13:02:28]	[CulturalDiffusion] frontier city=131073 ring=4 best=3426.65 bar=375 over=11/24 center=4359.62 
[2026-10-06 13:02:28]	[CulturalDiffusion] frontier city=196610 ring=4 best=3426.65 bar=375 over=17/24 center=668.1 
[2026-10-06 13:02:28]	[CulturalDiffusion] frontier city=262147 ring=4 best=1576.8 bar=375 over=13/24 center=726.14 
[2026-10-06 13:02:28]	[CulturalDiffusion] frontier city=327684 ring=4 best=15258.92 bar=375 over=12/19 center=754.95 
[2026-10-06 13:02:28]	[CulturalDiffusion] frontier city=393221 ring=4 best=2646.95 bar=375 over=16/24 center=874.86 
[2026-10-06 13:02:28]	[CulturalDiffusion] frontier city=458758 ring=4 best=91231.11 bar=375 over=20/24 center=3944.33 
[2026-10-06 13:02:28]	[CulturalDiffusion] frontier city=524295 ring=4 best=3944.33 bar=375 over=15/24 center=907.76 
[2026-10-06 13:02:28]	[CulturalDiffusion] frontier city=589832 ring=4 best=25143.03 bar=375 over=11/24 center=1941.66 
[2026-10-06 13:02:28]	[CulturalDiffusion] frontier city=655369 ring=4 best=3426.65 bar=375 over=6/24 center=219.37 
[2026-10-06 13:02:28]	[CulturalDiffusion] frontier city=720906 ring=4 best=3426.65 bar=375 over=14/24 center=195.75 
[2026-10-06 13:02:28]	[CulturalDiffusion] frontier city=786443 ring=4 best=3426.65 bar=375 over=7/24 center=907.88 
[2026-10-06 13:02:28]	[CulturalDiffusion] frontier city=851980 ring=4 best=3426.65 bar=375 over=9/24 center=945.02 
[2026-10-06 13:02:28]	[CulturalDiffusion] frontier city=917517 ring=4 best=308.07 bar=375 over=0/24 center=237.03 
[2026-10-06 13:02:28]	[CulturalDiffusion] frontier city=983054 ring=4 best=3426.65 bar=375 over=13/24 center=1312.96 
[2026-10-06 13:02:28]	[CulturalDiffusion] frontier city=1048591 ring=4 best=3721.19 bar=375 over=4/24 center=902.53 
[2026-10-06 13:02:28]	[CulturalDiffusion] frontier city=1114128 ring=4 best=7167.3 bar=375 over=6/24 center=20.59 
[2026-10-06 13:02:28]	[CulturalDiffusion] frontier city=1179665 ring=4 best=3426.65 bar=375 over=9/24 center=848.63 
[2026-10-06 13:02:28]	[CulturalDiffusion] frontier city=1245202 ring=4 best=678.91 bar=375 over=2/24 center=585.36 
[2026-10-06 13:02:28]	[CulturalDiffusion] frontier city=1310739 ring=4 best=1095.11 bar=375 over=5/24 center=942.75 
[2026-10-06 13:02:28]	[CulturalDiffusion] frontier city=1376276 ring=4 best=1155.18 bar=375 over=4/24 center=13773.8 
[2026-10-06 13:02:28]	[CulturalDiffusion] frontier city=1441813 ring=4 best=2134.7 bar=375 over=3/24 center=530.1 
[2026-10-06 13:02:28]	[CulturalDiffusion] frontier city=1507350 ring=4 best=222.21 bar=375 over=0/24 center=1 
[2026-10-06 13:02:28]	[CulturalDiffusion] frontier city=1572887 ring=4 best=376.9 bar=375 over=1/24 center=1 
[2026-10-06 13:02:28]	[CulturalDiffusion] frontier city=1638424 ring=4 best=1673.34 bar=375 over=5/24 center=879.29 
[2026-10-06 13:02:28]	[CulturalDiffusion] frontier city=1703961 ring=4 best=3721.19 bar=375 over=4/24 center=1859.06 
[2026-10-06 13:02:28]	[CulturalDiffusion] frontier city=1769498 ring=4 best=33.05 bar=375 over=0/24 center=429.5 
[2026-10-06 13:02:28]	[CulturalDiffusion] frontier city=1835035 ring=4 best=40.04 bar=375 over=0/24 center=300.34 
[2026-10-06 13:02:28]	[CulturalDiffusion] frontier city=1900572 ring=4 best=98.93 bar=375 over=0/24 center=3048.82 
[2026-10-06 13:02:28]	[CulturalDiffusion] state bytes=46420 field=1170 claims=177 locked=71 passMs=72 
[2026-10-06 13:02:28]	[CulturalDiffusion] pass: 0 flip(s), 0 pending, 0 ceded (0 pending), 0 AI flip(s) (0 pending), 0 conquest(s) (0 pending), confirmed 0 claim/0 cede (0 dropped), 0 orphan(s) healed, 0 inner tile(s) released to base game, 1170 active field tile(s) 
[2026-10-06 13:02:28]	[CulturalDiffusion] pass (turn 89): flips=0 field tiles=288 
[2026-10-06 13:02:29]	[CDH] TURN k=23 turn=89 age=AGE_EXPLORATION blocker=NEW_POPULATION 
[2026-10-06 13:02:30]	[CDH] JSERR TypeError: Cannot read properties of null (reading 'cityId') @ fs://game/bz-map-trix/ui/lenses/layer/bz-religion-layer.js:50 
[2026-10-06 13:02:30]	[CDH] JSERR TypeError: Cannot read properties of null (reading 'cityId') @ fs://game/bz-map-trix/ui/lenses/layer/bz-religion-layer.js:50 
[2026-10-06 13:02:38]	[CDH] OBS T23: age=AGE_EXPLORATION turn=89 ownerChanges=0 missionaries=5 moved=5 idleWithMoves=1 gone=0 flipsNearMissionary=0 (district 0) onFlipped=0 jsErrors=194 amAuto=true 
[2026-10-06 13:02:38]	[CDH] UNITS T23: ?@73,49 mv=4 ch=3 ?@69,41 mv=0 ch=? q ?@82,32 mv=0 ch=2 q ?@61,29 mv=0 ch=? q ?@86,47 mv=0 ch=1 
[2026-10-06 13:02:38]	[CDH] INV T23: claims=177 stale=0 localInner=31 district=6 center=0 pending=0 bytes=46405 
[2026-10-06 13:02:38]	[CDH] BUY T23: had 5, bought 1 
[2026-10-06 13:04:02]	[CDH] ENDTURN stuck on turn 89 blocker=NEW_POPULATION: one Autoplay turn 
[2026-10-06 13:04:04]	[CDH] JSERR TypeError: Cannot read properties of null (reading 'cityId') @ fs://game/bz-map-trix/ui/lenses/layer/bz-religion-layer.js:50 
[2026-10-06 13:04:04]	[CDH] JSERR TypeError: Cannot read properties of null (reading 'cityId') @ fs://game/bz-map-trix/ui/lenses/layer/bz-religion-layer.js:50 
[2026-10-06 13:04:17]	[CDH] JSERR Error: Expected this.unit to be non-null. @ fs://game/base-standard/ui/unit-flags/unit-flags.js:348 
[2026-10-06 13:04:20]	[CulturalDiffusion] inject 92,32 civ=0 culture=172.2 vitality=176.83 strength=162.07 stock=151539.95 cap=324137.19 
[2026-10-06 13:04:20]	[CulturalDiffusion] inject 86,20 civ=0 culture=12 vitality=108.34 strength=24.17 stock=4768.71 cap=48339.37 
[2026-10-06 13:04:20]	[CulturalDiffusion] inject 77,21 civ=0 culture=0 vitality=29.13 strength=0 stock=641.08 cap=0 
[2026-10-06 13:04:20]	[CulturalDiffusion] inject 82,23 civ=0 culture=0.75 vitality=23.17 strength=2.32 stock=723.09 cap=4647.17 
[2026-10-06 13:04:20]	[CulturalDiffusion] inject 93,26 civ=0 culture=11.12 vitality=15.96 strength=11.76 stock=851.4 cap=23529.83 
[2026-10-06 13:04:20]	[CulturalDiffusion] inject 80,31 civ=0 culture=3 vitality=29.7 strength=6.24 stock=911.61 cap=12481.2 
[2026-10-06 13:04:20]	[CulturalDiffusion] inject 87,32 civ=0 culture=18 vitality=32.92 strength=20.73 stock=5022.32 cap=41466.28 
[2026-10-06 13:04:20]	[CulturalDiffusion] inject 84,35 civ=0 culture=1 vitality=34.95 strength=3.23 stock=986.06 cap=6469.48 
[2026-10-06 13:04:20]	[CulturalDiffusion] inject 90,37 civ=0 culture=7.75 vitality=23.94 strength=10.72 stock=2478.11 cap=21449.15 
[2026-10-06 13:04:20]	[CulturalDiffusion] inject 77,36 civ=0 culture=0 vitality=26 strength=0 stock=208.36 cap=0 
[2026-10-06 13:04:20]	[CulturalDiffusion] inject 81,18 civ=0 culture=0.39 vitality=20.89 strength=1.48 stock=202.96 cap=2951.67 
[2026-10-06 13:04:20]	[CulturalDiffusion] inject 79,39 civ=0 culture=0 vitality=27.1 strength=0 stock=1016.45 cap=0 
[2026-10-06 13:04:20]	[CulturalDiffusion] inject 78,13 civ=0 culture=1.4 vitality=14.36 strength=2.95 stock=941.92 cap=5904.37 
[2026-10-06 13:04:20]	[CulturalDiffusion] inject 75,41 civ=0 culture=0.77 vitality=17.75 strength=2.15 stock=248.55 cap=4304.83 
[2026-10-06 13:04:20]	[CulturalDiffusion] inject 75,14 civ=0 culture=0 vitality=13.14 strength=0 stock=1282.16 cap=0 
[2026-10-06 13:04:20]	[CulturalDiffusion] inject 71,44 civ=0 culture=4.34 vitality=29.9 strength=7.95 stock=988.02 cap=15895.4 
[2026-10-06 13:04:20]	[CulturalDiffusion] inject 71,39 civ=0 culture=0 vitality=6.65 strength=0 stock=48.97 cap=0 
[2026-10-06 13:04:20]	[CulturalDiffusion] inject 71,15 civ=0 culture=0 vitality=32.75 strength=0 stock=854.78 cap=0 
[2026-10-06 13:04:20]	[CulturalDiffusion] inject 72,10 civ=0 culture=5 vitality=23.95 strength=8.07 stock=640.69 cap=16134.3 
[2026-10-06 13:04:20]	[CulturalDiffusion] inject 68,19 civ=0 culture=4 vitality=42.41 strength=8.52 stock=1005.96 cap=17045.92 
[2026-10-06 13:04:20]	[CulturalDiffusion] inject 67,41 civ=0 culture=23.69 vitality=211.99 strength=47.56 stock=15256.11 cap=95128.72 
[2026-10-06 13:04:20]	[CulturalDiffusion] inject 67,35 civ=0 culture=2 vitality=41.55 strength=5.39 stock=560.68 cap=10785.3 
[2026-10-06 13:04:20]	[CulturalDiffusion] inject 71,33 civ=0 culture=0 vitality=30.95 strength=0 stock=1 cap=0 
[2026-10-06 13:04:20]	[CulturalDiffusion] inject 68,30 civ=0 culture=0 vitality=25.3 strength=0 stock=1 cap=0 
[2026-10-06 13:04:20]	[CulturalDiffusion] inject 64,19 civ=0 culture=5 vitality=27.69 strength=8.49 stock=941.79 cap=16974.08 
[2026-10-06 13:04:20]	[CulturalDiffusion] inject 64,45 civ=0 culture=9 vitality=37.17 strength=13.79 stock=2021.35 cap=27572.51 
[2026-10-06 13:04:20]	[CulturalDiffusion] inject 64,26 civ=0 culture=2 vitality=22.2 strength=4.33 stock=451.78 cap=8660.76 
[2026-10-06 13:04:20]	[CulturalDiffusion] inject 62,32 civ=0 culture=1 vitality=24.75 strength=2.87 stock=313.56 cap=5733.42 
[2026-10-06 13:04:20]	[CulturalDiffusion] inject 64,14 civ=0 culture=14 vitality=49.96 strength=20.38 stock=3341.13 cap=40753.33 
[2026-10-06 13:04:20]	[CulturalDiffusion] inject 60,50 civ=2 culture=13.2 vitality=28.88 strength=14.51 stock=2137.93 cap=29021.11 
[2026-10-06 13:04:20]	[CulturalDiffusion] inject 67,50 civ=2 culture=2.2 vitality=8.6 strength=2.96 stock=293.57 cap=5924.36 
[2026-10-06 13:04:20]	[CulturalDiffusion] inject 74,52 civ=2 culture=72.6 vitality=46.06 strength=51.75 stock=30555.44 cap=103490.23 
[2026-10-06 13:04:20]	[CulturalDiffusion] inject 83,44 civ=4 culture=11 vitality=25.17 strength=20.76 stock=6071.38 cap=41529.46 
[2026-10-06 13:04:20]	[CulturalDiffusion] inject 79,47 civ=4 culture=11 vitality=33.28 strength=22.9 stock=5561.95 cap=45797.1 
[2026-10-06 13:04:20]	[CulturalDiffusion] inject 75,48 civ=4 culture=16.5 vitality=46.53 strength=33.51 stock=12611.38 cap=67024.01 
[2026-10-06 13:04:20]	[CulturalDiffusion] frontier city=65536 ring=4 best=6866.51 bar=375 over=13/23 center=151539.95 
[2026-10-06 13:04:20]	[CulturalDiffusion] frontier city=131073 ring=4 best=3254.32 bar=375 over=11/24 center=4768.71 
[2026-10-06 13:04:20]	[CulturalDiffusion] frontier city=196610 ring=4 best=3254.32 bar=375 over=17/24 center=641.08 
[2026-10-06 13:04:20]	[CulturalDiffusion] frontier city=262147 ring=4 best=1496.96 bar=375 over=13/24 center=723.09 
[2026-10-06 13:04:20]	[CulturalDiffusion] frontier city=327684 ring=4 best=17175.51 bar=375 over=12/19 center=851.4 
[2026-10-06 13:04:20]	[CulturalDiffusion] frontier city=393221 ring=4 best=2513.6 bar=375 over=16/24 center=911.61 
[2026-10-06 13:04:20]	[CulturalDiffusion] frontier city=458758 ring=4 best=101408.05 bar=375 over=21/24 center=5022.32 
[2026-10-06 13:04:20]	[CulturalDiffusion] frontier city=524295 ring=4 best=5022.32 bar=375 over=15/24 center=986.06 
[2026-10-06 13:04:20]	[CulturalDiffusion] frontier city=589832 ring=4 best=29443.72 bar=375 over=11/24 center=2478.11 
[2026-10-06 13:04:20]	[CulturalDiffusion] frontier city=655369 ring=4 best=3254.32 bar=375 over=6/24 center=208.36 
[2026-10-06 13:04:20]	[CulturalDiffusion] frontier city=720906 ring=4 best=3254.32 bar=375 over=14/24 center=202.96 
[2026-10-06 13:04:20]	[CulturalDiffusion] frontier city=786443 ring=4 best=3254.32 bar=375 over=7/24 center=1016.45 
[2026-10-06 13:04:20]	[CulturalDiffusion] frontier city=851980 ring=4 best=3254.32 bar=375 over=10/24 center=941.92 
[2026-10-06 13:04:20]	[CulturalDiffusion] frontier city=917517 ring=4 best=317.76 bar=375 over=0/24 center=248.55 
[2026-10-06 13:04:20]	[CulturalDiffusion] frontier city=983054 ring=4 best=3254.32 bar=375 over=13/24 center=1282.16 
[2026-10-06 13:04:20]	[CulturalDiffusion] frontier city=1048591 ring=4 best=4132.14 bar=375 over=4/24 center=988.02 
[2026-10-06 13:04:20]	[CulturalDiffusion] frontier city=1114128 ring=4 best=8264.28 bar=375 over=6/24 center=48.97 
[2026-10-06 13:04:20]	[CulturalDiffusion] frontier city=1179665 ring=4 best=3254.32 bar=375 over=9/24 center=854.78 
[2026-10-06 13:04:20]	[CulturalDiffusion] frontier city=1245202 ring=4 best=683.82 bar=375 over=3/24 center=640.69 
[2026-10-06 13:04:20]	[CulturalDiffusion] frontier city=1310739 ring=4 best=1039.35 bar=375 over=5/24 center=1005.96 
[2026-10-06 13:04:20]	[CulturalDiffusion] frontier city=1376276 ring=4 best=1304.31 bar=375 over=4/24 center=15256.11 
[2026-10-06 13:04:20]	[CulturalDiffusion] frontier city=1441813 ring=4 best=2508.56 bar=375 over=3/24 center=560.68 
[2026-10-06 13:04:20]	[CulturalDiffusion] frontier city=1507350 ring=4 best=254.38 bar=375 over=0/24 center=1 
[2026-10-06 13:04:20]	[CulturalDiffusion] frontier city=1572887 ring=4 best=397.57 bar=375 over=1/24 center=1 
[2026-10-06 13:04:20]	[CulturalDiffusion] frontier city=1638424 ring=4 best=1829.29 bar=375 over=5/24 center=941.79 
[2026-10-06 13:04:20]	[CulturalDiffusion] frontier city=1703961 ring=4 best=4132.14 bar=375 over=4/24 center=2021.35 
[2026-10-06 13:04:20]	[CulturalDiffusion] frontier city=1769498 ring=4 best=49.06 bar=375 over=0/24 center=451.78 
[2026-10-06 13:04:20]	[CulturalDiffusion] frontier city=1835035 ring=4 best=62.7 bar=375 over=0/24 center=313.56 
[2026-10-06 13:04:20]	[CulturalDiffusion] frontier city=1900572 ring=4 best=105.51 bar=375 over=0/24 center=3341.13 
[2026-10-06 13:04:20]	[CulturalDiffusion] flip 69,47 -> player 2 via purchasePlot sent; pending confirmation next pass (was owner 0) 
[2026-10-06 13:04:20]	[CulturalDiffusion] flip 69,46 -> player 2 via purchasePlot sent; pending confirmation next pass (was owner 0) 
[2026-10-06 13:04:20]	[CulturalDiffusion] flip 67,46 -> player 2 via purchasePlot sent; pending confirmation next pass (was owner 0) 
[2026-10-06 13:04:20]	[CulturalDiffusion] flip 62,47 -> player 2 via purchasePlot sent; pending confirmation next pass (was owner 0) 
[2026-10-06 13:04:20]	[CulturalDiffusion] flip 72,47 -> player 2 via purchasePlot sent; pending confirmation next pass (was owner 0) 
[2026-10-06 13:04:20]	[CulturalDiffusion] flip 71,47 -> player 2 via purchasePlot sent; pending confirmation next pass (was owner 0) 
[2026-10-06 13:04:20]	[CulturalDiffusion] flip 70,47 -> player 2 via purchasePlot sent; pending confirmation next pass (was owner 0) 
[2026-10-06 13:04:20]	[CulturalDiffusion] flip 68,45 -> player 2 via purchasePlot sent; pending confirmation next pass (was owner 0) 
[2026-10-06 13:04:20]	[CulturalDiffusion] state bytes=47180 field=1174 claims=177 locked=58 passMs=74 
[2026-10-06 13:04:20]	[CulturalDiffusion] pass: 0 flip(s), 0 pending, 0 ceded (0 pending), 0 AI flip(s) (8 pending), 0 conquest(s) (0 pending), confirmed 0 claim/0 cede (0 dropped), 0 orphan(s) healed, 0 inner tile(s) released to base game, 1174 active field tile(s) 
[2026-10-06 13:04:20]	[CulturalDiffusion] pass (turn 90): flips=0 field tiles=294 
[2026-10-06 13:04:20]	[CDH] TURN k=24 turn=90 age=AGE_EXPLORATION blocker=NEW_POPULATION 
[2026-10-06 13:04:21]	[CDH] JSERR TypeError: Cannot read properties of null (reading 'cityId') @ fs://game/bz-map-trix/ui/lenses/layer/bz-religion-layer.js:50 
[2026-10-06 13:04:29]	[CDH] OBS T24: age=AGE_EXPLORATION turn=90 ownerChanges=8 missionaries=6 moved=5 idleWithMoves=0 gone=0 flipsNearMissionary=1 (district 0) onFlipped=0 jsErrors=198 amAuto=true 
[2026-10-06 13:04:29]	[CDH] OBS-NEAR T24: 72,47 0->2 none 
[2026-10-06 13:04:29]	[CDH] UNITS T24: ?@74,48 mv=0 ch=2 ?@67,44 mv=0 ch=? q ?@86,32 mv=3 ch=2 q ?@64,26 mv=0 ch=? q ?@73,48 mv=1 ch=3 q ?@85,47 mv=0 ch=1 
[2026-10-06 13:04:29]	[CDH] INV T24: claims=177 stale=0 localInner=31 district=6 center=0 pending=8 bytes=47165 
[2026-10-06 13:04:35]	[CDH] JSERR TypeError: Cannot read properties of null (reading 'cityId') @ fs://game/bz-map-trix/ui/lenses/layer/bz-religion-layer.js:50 
[2026-10-06 13:04:45]	[CDH] JSERR Error: Expected this.unit to be non-null. @ fs://game/base-standard/ui/unit-flags/unit-flags.js:348 
[2026-10-06 13:04:46]	[CDH] JSERR Error: Expected this.unit to be non-null. @ fs://game/base-standard/ui/unit-flags/unit-flags.js:348 
[2026-10-06 13:04:49]	[CulturalDiffusion] notify: (69,47) player 0 -> player 2 
[2026-10-06 13:04:49]	[CulturalDiffusion] pending 69,47 claim confirmed on the live map 
[2026-10-06 13:04:49]	[CulturalDiffusion] notify: (69,46) player 0 -> player 2 
[2026-10-06 13:04:49]	[CulturalDiffusion] pending 69,46 claim confirmed on the live map 
[2026-10-06 13:04:49]	[CulturalDiffusion] notify: (67,46) player 0 -> player 2 
[2026-10-06 13:04:49]	[CulturalDiffusion] pending 67,46 claim confirmed on the live map 
[2026-10-06 13:04:49]	[CulturalDiffusion] notify: (62,47) player 0 -> player 2 
[2026-10-06 13:04:49]	[CulturalDiffusion] pending 62,47 claim confirmed on the live map 
[2026-10-06 13:04:49]	[CulturalDiffusion] notify: (72,47) player 0 -> player 2 
[2026-10-06 13:04:49]	[CulturalDiffusion] pending 72,47 claim confirmed on the live map 
[2026-10-06 13:04:49]	[CulturalDiffusion] notify: (71,47) player 0 -> player 2 
[2026-10-06 13:04:49]	[CulturalDiffusion] pending 71,47 claim confirmed on the live map 
[2026-10-06 13:04:49]	[CulturalDiffusion] notify: (70,47) player 0 -> player 2 
[2026-10-06 13:04:49]	[CulturalDiffusion] pending 70,47 claim confirmed on the live map 
[2026-10-06 13:04:49]	[CulturalDiffusion] notify: (68,45) player 0 -> player 2 
[2026-10-06 13:04:49]	[CulturalDiffusion] pending 68,45 claim confirmed on the live map 
[2026-10-06 13:04:49]	[CulturalDiffusion] inject 92,32 civ=0 culture=172.2 vitality=176.83 strength=161.25 stock=168283.55 cap=322503.44 
[2026-10-06 13:04:49]	[CulturalDiffusion] inject 86,20 civ=0 culture=12 vitality=108.34 strength=24.05 stock=5182.44 cap=48095.72 
[2026-10-06 13:04:49]	[CulturalDiffusion] inject 77,21 civ=0 culture=0 vitality=29.13 strength=0 stock=608.86 cap=0 
[2026-10-06 13:04:49]	[CulturalDiffusion] inject 82,23 civ=0 culture=0.75 vitality=23.17 strength=2.31 stock=720.01 cap=4623.75 
[2026-10-06 13:04:49]	[CulturalDiffusion] inject 93,26 civ=0 culture=11.12 vitality=15.96 strength=11.71 stock=950.12 cap=23411.23 
[2026-10-06 13:04:49]	[CulturalDiffusion] inject 80,31 civ=0 culture=3 vitality=29.7 strength=6.21 stock=947.64 cap=12418.29 
[2026-10-06 13:04:49]	[CulturalDiffusion] inject 87,32 civ=0 culture=18 vitality=32.92 strength=20.63 stock=5726.08 cap=41257.28 
[2026-10-06 13:04:49]	[CulturalDiffusion] inject 84,35 civ=0 culture=1 vitality=34.95 strength=3.22 stock=1069.46 cap=6436.87 
[2026-10-06 13:04:49]	[CulturalDiffusion] inject 90,37 civ=0 culture=7.75 vitality=23.94 strength=10.67 stock=3015.24 cap=21341.04 
[2026-10-06 13:04:49]	[CulturalDiffusion] inject 77,36 civ=0 culture=0 vitality=26 strength=0 stock=197.99 cap=0 
[2026-10-06 13:04:49]	[CulturalDiffusion] inject 81,18 civ=0 culture=0.39 vitality=20.89 strength=1.47 stock=209.91 cap=2936.79 
[2026-10-06 13:04:49]	[CulturalDiffusion] inject 79,39 civ=0 culture=0 vitality=27.1 strength=0 stock=1036.08 cap=0 
[2026-10-06 13:04:49]	[CulturalDiffusion] inject 78,13 civ=0 culture=1.4 vitality=14.36 strength=2.94 stock=938.74 cap=5874.61 
[2026-10-06 13:04:49]	[CulturalDiffusion] inject 75,41 civ=0 culture=0.77 vitality=17.75 strength=2.14 stock=259.66 cap=4283.13 
[2026-10-06 13:04:49]	[CulturalDiffusion] inject 75,14 civ=0 culture=0 vitality=13.14 strength=0 stock=1217.72 cap=0 
[2026-10-06 13:04:49]	[CulturalDiffusion] inject 71,44 civ=0 culture=4.34 vitality=29.51 strength=7.87 stock=1071.95 cap=15742.74 
[2026-10-06 13:04:49]	[CulturalDiffusion] inject 71,39 civ=0 culture=0 vitality=6.65 strength=0 stock=88.13 cap=0 
[2026-10-06 13:04:49]	[CulturalDiffusion] inject 71,15 civ=0 culture=0 vitality=32.75 strength=0 stock=923.18 cap=0 
[2026-10-06 13:04:49]	[CulturalDiffusion] inject 72,10 civ=0 culture=5 vitality=23.95 strength=8.03 stock=696.34 cap=16052.98 
[2026-10-06 13:04:49]	[CulturalDiffusion] inject 68,19 civ=0 culture=4 vitality=42.41 strength=8.48 stock=1068.83 cap=16960 
[2026-10-06 13:04:49]	[CulturalDiffusion] inject 67,41 civ=0 culture=23.69 vitality=211.99 strength=47.32 stock=16766.19 cap=94649.24 
[2026-10-06 13:04:49]	[CulturalDiffusion] inject 67,35 civ=0 culture=2 vitality=41.55 strength=5.37 stock=590.85 cap=10730.94 
[2026-10-06 13:04:49]	[CulturalDiffusion] inject 71,33 civ=0 culture=0 vitality=30.95 strength=0 stock=1 cap=0 
[2026-10-06 13:04:49]	[CulturalDiffusion] inject 68,30 civ=0 culture=0 vitality=25.3 strength=0 stock=1 cap=0 
[2026-10-06 13:04:49]	[CulturalDiffusion] inject 64,19 civ=0 culture=5 vitality=27.69 strength=8.44 stock=1004.07 cap=16888.52 
[2026-10-06 13:04:49]	[CulturalDiffusion] inject 64,45 civ=0 culture=9 vitality=37.17 strength=13.72 stock=2183.35 cap=27433.54 
[2026-10-06 13:04:49]	[CulturalDiffusion] inject 64,26 civ=0 culture=2 vitality=22.2 strength=4.31 stock=473.66 cap=8617.1 
[2026-10-06 13:04:49]	[CulturalDiffusion] inject 62,32 civ=0 culture=1 vitality=24.75 strength=2.85 stock=326.44 cap=5704.53 
[2026-10-06 13:04:49]	[CulturalDiffusion] inject 64,14 civ=0 culture=14 vitality=49.96 strength=20.27 stock=3636.95 cap=40547.92 
[2026-10-06 13:04:49]	[CulturalDiffusion] inject 60,50 civ=2 culture=13.2 vitality=28.88 strength=14.45 stock=2298.82 cap=28902.04 
[2026-10-06 13:04:49]	[CulturalDiffusion] inject 67,50 civ=2 culture=2.2 vitality=8.6 strength=2.95 stock=307.47 cap=5900.05 
[2026-10-06 13:04:49]	[CulturalDiffusion] inject 74,52 civ=2 culture=72.6 vitality=44.86 strength=51.06 stock=32493.37 cap=102117.84 
[2026-10-06 13:04:49]	[CulturalDiffusion] inject 83,44 civ=4 culture=11 vitality=25.17 strength=20.66 stock=6400.34 cap=41323.59 
[2026-10-06 13:04:49]	[CulturalDiffusion] inject 79,47 civ=4 culture=11 vitality=33.28 strength=22.79 stock=5955.19 cap=45570.07 
[2026-10-06 13:04:49]	[CulturalDiffusion] inject 75,48 civ=4 culture=16.5 vitality=46.53 strength=33.35 stock=13455.29 cap=66691.76 
[2026-10-06 13:04:49]	[CulturalDiffusion] frontier city=65536 ring=4 best=7728.98 bar=375 over=16/23 center=168283.55 
[2026-10-06 13:04:49]	[CulturalDiffusion] frontier city=131073 ring=4 best=3090.6 bar=375 over=11/24 center=5182.44 
[2026-10-06 13:04:49]	[CulturalDiffusion] frontier city=196610 ring=4 best=3090.6 bar=375 over=17/24 center=608.86 
[2026-10-06 13:04:49]	[CulturalDiffusion] frontier city=262147 ring=4 best=1440.15 bar=375 over=13/24 center=720.01 
[2026-10-06 13:04:49]	[CulturalDiffusion] frontier city=327684 ring=4 best=19158.53 bar=375 over=13/19 center=950.12 
[2026-10-06 13:04:49]	[CulturalDiffusion] frontier city=393221 ring=4 best=2386.92 bar=375 over=17/24 center=947.64 
[2026-10-06 13:04:49]	[CulturalDiffusion] frontier city=458758 ring=4 best=113654.96 bar=375 over=21/24 center=5726.08 
[2026-10-06 13:04:49]	[CulturalDiffusion] frontier city=524295 ring=4 best=5726.08 bar=375 over=16/24 center=1069.46 
[2026-10-06 13:04:49]	[CulturalDiffusion] frontier city=589832 ring=4 best=32843.2 bar=375 over=11/24 center=3015.24 
[2026-10-06 13:04:49]	[CulturalDiffusion] frontier city=655369 ring=4 best=3090.6 bar=375 over=6/24 center=197.99 
[2026-10-06 13:04:49]	[CulturalDiffusion] frontier city=720906 ring=4 best=3090.6 bar=375 over=14/24 center=209.91 
[2026-10-06 13:04:49]	[CulturalDiffusion] frontier city=786443 ring=4 best=3090.6 bar=375 over=7/24 center=1036.08 
[2026-10-06 13:04:49]	[CulturalDiffusion] frontier city=851980 ring=4 best=3090.6 bar=375 over=9/24 center=938.74 
[2026-10-06 13:04:49]	[CulturalDiffusion] frontier city=917517 ring=4 best=363.17 bar=375 over=0/24 center=259.66 
[2026-10-06 13:04:49]	[CulturalDiffusion] frontier city=983054 ring=4 best=3090.6 bar=375 over=13/24 center=1217.72 
[2026-10-06 13:04:49]	[CulturalDiffusion] frontier city=1048591 ring=4 best=4576.83 bar=375 over=4/24 center=1071.95 
[2026-10-06 13:04:49]	[CulturalDiffusion] frontier city=1114128 ring=4 best=9153.66 bar=375 over=6/24 center=88.13 
[2026-10-06 13:04:49]	[CulturalDiffusion] frontier city=1179665 ring=4 best=3090.6 bar=375 over=9/24 center=923.18 
[2026-10-06 13:04:49]	[CulturalDiffusion] frontier city=1245202 ring=4 best=738.54 bar=375 over=3/24 center=696.34 
[2026-10-06 13:04:49]	[CulturalDiffusion] frontier city=1310739 ring=4 best=1004.07 bar=375 over=5/24 center=1068.83 
[2026-10-06 13:04:49]	[CulturalDiffusion] frontier city=1376276 ring=4 best=1464.7 bar=375 over=5/24 center=16766.19 
[2026-10-06 13:04:49]	[CulturalDiffusion] frontier city=1441813 ring=4 best=2892.5 bar=375 over=3/24 center=590.85 
[2026-10-06 13:04:49]	[CulturalDiffusion] frontier city=1507350 ring=4 best=287.35 bar=375 over=0/24 center=1 
[2026-10-06 13:04:49]	[CulturalDiffusion] frontier city=1572887 ring=4 best=420.51 bar=375 over=1/24 center=1 
[2026-10-06 13:04:49]	[CulturalDiffusion] frontier city=1638424 ring=4 best=2004.68 bar=375 over=6/24 center=1004.07 
[2026-10-06 13:04:49]	[CulturalDiffusion] frontier city=1703961 ring=4 best=4576.83 bar=375 over=4/24 center=2183.35 
[2026-10-06 13:04:49]	[CulturalDiffusion] frontier city=1769498 ring=4 best=65.1 bar=375 over=0/24 center=473.66 
[2026-10-06 13:04:49]	[CulturalDiffusion] frontier city=1835035 ring=4 best=85.53 bar=375 over=0/24 center=326.44 
[2026-10-06 13:04:49]	[CulturalDiffusion] frontier city=1900572 ring=4 best=113.02 bar=375 over=0/24 center=3636.95 
[2026-10-06 13:04:49]	[CulturalDiffusion] flip 95,30 -> player 0 via purchasePlot sent; pending confirmation next pass (was owner -1) 
[2026-10-06 13:04:49]	[CulturalDiffusion] flip 62,46 -> player 2 via purchasePlot sent; pending confirmation next pass (was owner 0) 
[2026-10-06 13:04:49]	[CulturalDiffusion] flip 70,46 -> player 2 via purchasePlot sent; pending confirmation next pass (was owner 0) 
[2026-10-06 13:04:49]	[CulturalDiffusion] flip 69,45 -> player 2 via purchasePlot sent; pending confirmation next pass (was owner 0) 
[2026-10-06 13:04:49]	[CulturalDiffusion] flip 67,45 -> player 2 via purchasePlot sent; pending confirmation next pass (was owner 0) 
[2026-10-06 13:04:49]	[CulturalDiffusion] flip 66,45 -> player 2 via purchasePlot sent; pending confirmation next pass (was owner 0) 
[2026-10-06 13:04:49]	[CulturalDiffusion] flip 63,47 -> player 2 via purchasePlot sent; pending confirmation next pass (was owner 0) 
[2026-10-06 13:04:49]	[CulturalDiffusion] flip 63,46 -> player 2 via purchasePlot sent; pending confirmation next pass (was owner 0) 
[2026-10-06 13:04:49]	[CulturalDiffusion] flip 73,46 -> player 2 via purchasePlot sent; pending confirmation next pass (was owner 0) 
[2026-10-06 13:04:49]	[CulturalDiffusion] state bytes=48580 field=1177 claims=185 locked=57 passMs=74 
[2026-10-06 13:04:49]	[CulturalDiffusion] pass: 0 flip(s), 1 pending, 0 ceded (0 pending), 0 AI flip(s) (8 pending), 0 conquest(s) (0 pending), confirmed 8 claim/0 cede (0 dropped), 0 orphan(s) healed, 0 inner tile(s) released to base game, 1177 active field tile(s) 
[2026-10-06 13:04:49]	[CulturalDiffusion] pass (turn 91): flips=0 field tiles=299 
[2026-10-06 13:04:50]	[CDH] TURN k=25 turn=91 age=AGE_EXPLORATION blocker=NEW_POPULATION 
[2026-10-06 13:04:50]	[CDH] JSERR TypeError: Cannot read properties of null (reading 'cityId') @ fs://game/bz-map-trix/ui/lenses/layer/bz-religion-layer.js:50 
[2026-10-06 13:04:50]	[CDH] JSERR TypeError: Cannot read properties of null (reading 'cityId') @ fs://game/bz-map-trix/ui/lenses/layer/bz-religion-layer.js:50 
[2026-10-06 13:04:50]	[CDH] JSERR TypeError: Cannot read properties of null (reading 'cityId') @ fs://game/bz-map-trix/ui/lenses/layer/bz-religion-layer.js:50 
[2026-10-06 13:04:50]	[CDH] JSERR TypeError: Cannot read properties of null (reading 'cityId') @ fs://game/bz-map-trix/ui/lenses/layer/bz-religion-layer.js:50 
[2026-10-06 13:04:50]	[CDH] JSERR TypeError: Cannot read properties of null (reading 'cityId') @ fs://game/bz-map-trix/ui/lenses/layer/bz-religion-layer.js:50 
[2026-10-06 13:04:50]	[CDH] JSERR TypeError: Cannot read properties of null (reading 'cityId') @ fs://game/bz-map-trix/ui/lenses/layer/bz-religion-layer.js:50 
[2026-10-06 13:04:51]	[CDH] JSERR TypeError: Cannot read properties of null (reading 'cityId') @ fs://game/bz-map-trix/ui/lenses/layer/bz-religion-layer.js:50 
[2026-10-06 13:04:51]	[CDH] JSERR TypeError: Cannot read properties of null (reading 'cityId') @ fs://game/bz-map-trix/ui/lenses/layer/bz-religion-layer.js:50 
[2026-10-06 13:04:59]	[CDH] OBS T25: age=AGE_EXPLORATION turn=91 ownerChanges=9 missionaries=5 moved=5 idleWithMoves=0 gone=0 flipsNearMissionary=2 (district 0) onFlipped=0 jsErrors=209 amAuto=true 
[2026-10-06 13:04:59]	[CDH] OBS-NEAR T25: 63,46 0->2 none | 63,47 0->2 none 
[2026-10-06 13:04:59]	[CDH] UNITS T25: ?@77,47 mv=0 ch=? q ?@64,46 mv=0 ch=? q ?@89,32 mv=0 ch=1 ?@66,23 mv=0 ch=? q ?@72,49 mv=0 ch=2 
[2026-10-06 13:04:59]	[CDH] INV T25: claims=185 stale=0 localInner=39 district=6 center=0 pending=9 bytes=48565 
[2026-10-06 13:04:59]	[CDH] SEED T25: 280 frontier tiles seeded, state bytes=50148 
[2026-10-06 13:04:59]	[CDH] BUY T25: had 5, bought 1 
[2026-10-06 13:05:07]	[CDH] JSERR TypeError: Cannot read properties of null (reading 'cityId') @ fs://game/bz-map-trix/ui/lenses/layer/bz-religion-layer.js:50 
[2026-10-06 13:05:28]	[CDH] JSERR Error: Expected this.unit to be non-null. @ fs://game/base-standard/ui/unit-flags/unit-flags.js:348 
[2026-10-06 13:05:30]	[CDH] TURN k=26 turn=92 age=AGE_EXPLORATION blocker=NEW_POPULATION 
[2026-10-06 13:05:30]	[CulturalDiffusion] notify: (95,30) unowned -> player 0 
[2026-10-06 13:05:30]	[CulturalDiffusion] pending 95,30 claim confirmed on the live map 
[2026-10-06 13:05:30]	[CulturalDiffusion] notify: (62,46) player 0 -> player 2 
[2026-10-06 13:05:30]	[CulturalDiffusion] pending 62,46 claim confirmed on the live map 
[2026-10-06 13:05:30]	[CulturalDiffusion] notify: (70,46) player 0 -> player 2 
[2026-10-06 13:05:30]	[CulturalDiffusion] pending 70,46 claim confirmed on the live map 
[2026-10-06 13:05:30]	[CulturalDiffusion] notify: (69,45) player 0 -> player 2 
[2026-10-06 13:05:30]	[CulturalDiffusion] pending 69,45 claim confirmed on the live map 
[2026-10-06 13:05:30]	[CulturalDiffusion] notify: (67,45) player 0 -> player 2 
[2026-10-06 13:05:30]	[CulturalDiffusion] pending 67,45 claim confirmed on the live map 
[2026-10-06 13:05:30]	[CulturalDiffusion] notify: (66,45) player 0 -> player 2 
[2026-10-06 13:05:30]	[CulturalDiffusion] pending 66,45 claim confirmed on the live map 
[2026-10-06 13:05:30]	[CulturalDiffusion] notify: (63,47) player 0 -> player 2 
[2026-10-06 13:05:30]	[CulturalDiffusion] pending 63,47 claim confirmed on the live map 
[2026-10-06 13:05:30]	[CulturalDiffusion] notify: (63,46) player 0 -> player 2 
[2026-10-06 13:05:30]	[CulturalDiffusion] pending 63,46 claim confirmed on the live map 
[2026-10-06 13:05:30]	[CulturalDiffusion] notify: (73,46) player 0 -> player 2 
[2026-10-06 13:05:30]	[CulturalDiffusion] pending 73,46 claim confirmed on the live map 
[2026-10-06 13:05:30]	[CulturalDiffusion] inject 92,32 civ=0 culture=172.2 vitality=178.2 strength=164.6 stock=186029.41 cap=329194.38 
[2026-10-06 13:05:30]	[CulturalDiffusion] inject 86,20 civ=0 culture=12 vitality=108.34 strength=24.48 stock=5614.87 cap=48961.38 
[2026-10-06 13:05:30]	[CulturalDiffusion] inject 77,21 civ=0 culture=0 vitality=29.13 strength=0 stock=578.25 cap=0 
[2026-10-06 13:05:30]	[CulturalDiffusion] inject 82,23 civ=0 culture=0.75 vitality=23.17 strength=2.35 stock=717.47 cap=4706.97 
[2026-10-06 13:05:30]	[CulturalDiffusion] inject 93,26 civ=0 culture=11.12 vitality=15.96 strength=11.92 stock=1053.87 cap=23832.6 
[2026-10-06 13:05:30]	[CulturalDiffusion] inject 80,31 civ=0 culture=3 vitality=29.7 strength=6.32 stock=984.62 cap=12641.8 
[2026-10-06 13:05:30]	[CulturalDiffusion] inject 87,32 civ=0 culture=18 vitality=32.92 strength=21 stock=6422.18 cap=41999.85 
[2026-10-06 13:05:30]	[CulturalDiffusion] inject 84,35 civ=0 culture=1 vitality=34.95 strength=3.28 stock=1155.16 cap=6552.73 
[2026-10-06 13:05:30]	[CulturalDiffusion] inject 90,37 civ=0 culture=7.75 vitality=23.94 strength=10.86 stock=3461.42 cap=21725.15 
[2026-10-06 13:05:30]	[CulturalDiffusion] inject 77,36 civ=0 culture=0 vitality=26 strength=0 stock=188.89 cap=0 
[2026-10-06 13:05:30]	[CulturalDiffusion] inject 81,18 civ=0 culture=0.39 vitality=20.89 strength=1.49 stock=216.8 cap=2989.65 
[2026-10-06 13:05:30]	[CulturalDiffusion] inject 79,39 civ=0 culture=0 vitality=27.1 strength=0 stock=1002.27 cap=0 
[2026-10-06 13:05:30]	[CulturalDiffusion] inject 78,13 civ=0 culture=1.4 vitality=14.36 strength=2.99 stock=936.28 cap=5980.34 
[2026-10-06 13:05:30]	[CulturalDiffusion] inject 75,41 civ=0 culture=0.77 vitality=17.75 strength=2.18 stock=270.67 cap=4360.22 
[2026-10-06 13:05:30]	[CulturalDiffusion] inject 75,14 civ=0 culture=0 vitality=13.14 strength=0 stock=1156.49 cap=0 
[2026-10-06 13:05:30]	[CulturalDiffusion] inject 71,44 civ=0 culture=4.34 vitality=29.51 strength=8.01 stock=1156.91 cap=16026.09 
[2026-10-06 13:05:30]	[CulturalDiffusion] inject 71,39 civ=0 culture=0 vitality=6.65 strength=0 stock=141.18 cap=0 
[2026-10-06 13:05:30]	[CulturalDiffusion] inject 71,15 civ=0 culture=0 vitality=32.75 strength=0 stock=901.52 cap=0 
[2026-10-06 13:05:30]	[CulturalDiffusion] inject 72,10 civ=0 culture=5 vitality=23.95 strength=8.17 stock=754.03 cap=16341.91 
[2026-10-06 13:05:30]	[CulturalDiffusion] inject 68,19 civ=0 culture=4 vitality=42.41 strength=8.63 stock=1133.7 cap=17265.26 
[2026-10-06 13:05:30]	[CulturalDiffusion] inject 67,41 civ=0 culture=23.69 vitality=211.99 strength=48.18 stock=18352.88 cap=96352.8 
[2026-10-06 13:05:30]	[CulturalDiffusion] inject 67,35 civ=0 culture=2 vitality=41.55 strength=5.46 stock=621.73 cap=10924.08 
[2026-10-06 13:05:30]	[CulturalDiffusion] inject 71,33 civ=0 culture=0 vitality=30.95 strength=0 stock=1 cap=0 
[2026-10-06 13:05:30]	[CulturalDiffusion] inject 68,30 civ=0 culture=0 vitality=25.3 strength=0 stock=1 cap=0 
[2026-10-06 13:05:30]	[CulturalDiffusion] inject 64,19 civ=0 culture=5 vitality=27.69 strength=8.6 stock=1068.36 cap=17192.49 
[2026-10-06 13:05:30]	[CulturalDiffusion] inject 64,45 civ=0 culture=9 vitality=37.17 strength=13.96 stock=2355.89 cap=27927.3 
[2026-10-06 13:05:30]	[CulturalDiffusion] inject 64,26 civ=0 culture=2 vitality=22.2 strength=4.39 stock=495.95 cap=8772.2 
[2026-10-06 13:05:30]	[CulturalDiffusion] inject 62,32 civ=0 culture=1 vitality=24.75 strength=2.9 stock=339.44 cap=5807.2 
[2026-10-06 13:05:30]	[CulturalDiffusion] inject 64,14 civ=0 culture=14 vitality=49.96 strength=20.64 stock=3946.16 cap=41277.73 
[2026-10-06 13:05:30]	[CulturalDiffusion] inject 60,50 civ=2 culture=13.2 vitality=28.88 strength=14.55 stock=2462.97 cap=29090.33 
[2026-10-06 13:05:30]	[CulturalDiffusion] inject 67,50 civ=2 culture=2.2 vitality=8.6 strength=2.97 stock=321.26 cap=5938.49 
[2026-10-06 13:05:30]	[CulturalDiffusion] inject 74,52 civ=2 culture=72.6 vitality=44.86 strength=51.39 stock=34465.56 cap=102783.12 
[2026-10-06 13:05:30]	[CulturalDiffusion] inject 83,44 civ=4 culture=11 vitality=25.17 strength=20.64 stock=6728.7 cap=41270.18 
[2026-10-06 13:05:30]	[CulturalDiffusion] inject 79,47 civ=4 culture=11 vitality=33.28 strength=22.76 stock=6351.28 cap=45511.18 
[2026-10-06 13:05:30]	[CulturalDiffusion] inject 75,48 civ=4 culture=16.5 vitality=46.53 strength=33.3 stock=14306.67 cap=66605.57 
[2026-10-06 13:05:30]	[CulturalDiffusion] frontier city=65536 ring=4 best=8621.34 bar=375 over=17/23 center=186029.41 
[2026-10-06 13:05:30]	[CulturalDiffusion] frontier city=131073 ring=4 best=3799 bar=375 over=11/24 center=5614.87 
[2026-10-06 13:05:30]	[CulturalDiffusion] frontier city=196610 ring=4 best=3799 bar=375 over=17/24 center=578.25 
[2026-10-06 13:05:30]	[CulturalDiffusion] frontier city=262147 ring=4 best=1565.1 bar=375 over=13/24 center=717.47 
[2026-10-06 13:05:30]	[CulturalDiffusion] frontier city=327684 ring=4 best=21295.69 bar=375 over=13/19 center=1053.87 
[2026-10-06 13:05:30]	[CulturalDiffusion] frontier city=393221 ring=4 best=2807.95 bar=375 over=17/24 center=984.62 
[2026-10-06 13:05:30]	[CulturalDiffusion] frontier city=458758 ring=4 best=126212.66 bar=375 over=21/24 center=6422.18 
[2026-10-06 13:05:30]	[CulturalDiffusion] frontier city=524295 ring=4 best=6422.18 bar=375 over=16/24 center=1155.16 
[2026-10-06 13:05:30]	[CulturalDiffusion] frontier city=589832 ring=4 best=36506.9 bar=375 over=11/24 center=3461.42 
[2026-10-06 13:05:30]	[CulturalDiffusion] frontier city=655369 ring=4 best=3799 bar=375 over=6/24 center=188.89 
[2026-10-06 13:05:30]	[CulturalDiffusion] frontier city=720906 ring=4 best=3799 bar=375 over=14/24 center=216.8 
[2026-10-06 13:05:30]	[CulturalDiffusion] frontier city=786443 ring=4 best=3799 bar=375 over=7/24 center=1002.27 
[2026-10-06 13:05:30]	[CulturalDiffusion] frontier city=851980 ring=4 best=3799 bar=375 over=9/24 center=936.28 
[2026-10-06 13:05:30]	[CulturalDiffusion] frontier city=917517 ring=4 best=433.37 bar=375 over=2/24 center=270.67 
[2026-10-06 13:05:30]	[CulturalDiffusion] frontier city=983054 ring=4 best=3799 bar=375 over=13/24 center=1156.49 
[2026-10-06 13:05:30]	[CulturalDiffusion] frontier city=1048591 ring=4 best=5029.86 bar=375 over=5/24 center=1156.91 
[2026-10-06 13:05:30]	[CulturalDiffusion] frontier city=1114128 ring=4 best=10059.71 bar=375 over=7/24 center=141.18 
[2026-10-06 13:05:30]	[CulturalDiffusion] frontier city=1179665 ring=4 best=3799 bar=375 over=9/24 center=901.52 
[2026-10-06 13:05:30]	[CulturalDiffusion] frontier city=1245202 ring=4 best=721.22 bar=375 over=2/24 center=754.03 
[2026-10-06 13:05:30]	[CulturalDiffusion] frontier city=1310739 ring=4 best=1068.36 bar=375 over=5/24 center=1133.7 
[2026-10-06 13:05:30]	[CulturalDiffusion] frontier city=1376276 ring=4 best=1635.86 bar=375 over=5/24 center=18352.88 
[2026-10-06 13:05:30]	[CulturalDiffusion] frontier city=1441813 ring=4 best=3203.78 bar=375 over=3/24 center=621.73 
[2026-10-06 13:05:30]	[CulturalDiffusion] frontier city=1507350 ring=4 best=315.38 bar=375 over=0/24 center=1 
[2026-10-06 13:05:30]	[CulturalDiffusion] frontier city=1572887 ring=4 best=443.14 bar=375 over=1/24 center=1 
[2026-10-06 13:05:30]	[CulturalDiffusion] frontier city=1638424 ring=4 best=2182.17 bar=375 over=6/24 center=1068.36 
[2026-10-06 13:05:30]	[CulturalDiffusion] frontier city=1703961 ring=4 best=5029.86 bar=375 over=4/24 center=2355.89 
[2026-10-06 13:05:30]	[CulturalDiffusion] frontier city=1769498 ring=4 best=82.18 bar=375 over=0/24 center=495.95 
[2026-10-06 13:05:30]	[CulturalDiffusion] frontier city=1835035 ring=4 best=108.55 bar=375 over=0/24 center=339.44 
[2026-10-06 13:05:30]	[CulturalDiffusion] frontier city=1900572 ring=4 best=120.49 bar=375 over=0/24 center=3946.16 
[2026-10-06 13:05:30]	[CulturalDiffusion] flip 66,46 -> player 2 via purchasePlot sent; pending confirmation next pass (was owner 0) 
[2026-10-06 13:05:30]	[CulturalDiffusion] flip 65,45 -> player 2 via purchasePlot sent; pending confirmation next pass (was owner 0) 
[2026-10-06 13:05:30]	[CulturalDiffusion] flip 76,46 -> player 2 via purchasePlot sent; pending confirmation next pass (was owner 4) 
[2026-10-06 13:05:30]	[CulturalDiffusion] flip 72,46 -> player 2 via purchasePlot sent; pending confirmation next pass (was owner 0) 
[2026-10-06 13:05:30]	[CulturalDiffusion] flip 71,46 -> player 2 via purchasePlot sent; pending confirmation next pass (was owner 0) 
[2026-10-06 13:05:30]	[CulturalDiffusion] skip flip 70,45: would strand a foreign unit 
[2026-10-06 13:05:30]	[CulturalDiffusion] flip 70,44 -> player 2 via purchasePlot sent; pending confirmation next pass (was owner 0) 
[2026-10-06 13:05:30]	[CulturalDiffusion] flip 69,44 -> player 2 via purchasePlot sent; pending confirmation next pass (was owner 0) 
[2026-10-06 13:05:30]	[CulturalDiffusion] flip 68,44 -> player 2 via purchasePlot sent; pending confirmation next pass (was owner 0) 
[2026-10-06 13:05:30]	[CulturalDiffusion] state bytes=47662 field=1188 claims=194 locked=62 passMs=89 
[2026-10-06 13:05:30]	[CulturalDiffusion] pass: 0 flip(s), 0 pending, 0 ceded (0 pending), 0 AI flip(s) (8 pending), 0 conquest(s) (0 pending), confirmed 9 claim/0 cede (0 dropped), 0 orphan(s) healed, 0 inner tile(s) released to base game, 1188 active field tile(s) 
[2026-10-06 13:05:30]	[CulturalDiffusion] pass (turn 92): flips=0 field tiles=299 
[2026-10-06 13:05:32]	[CDH] JSERR TypeError: Cannot read properties of null (reading 'cityId') @ fs://game/bz-map-trix/ui/lenses/layer/bz-religion-layer.js:50 
[2026-10-06 13:05:32]	[CDH] JSERR TypeError: Cannot read properties of null (reading 'cityId') @ fs://game/bz-map-trix/ui/lenses/layer/bz-religion-layer.js:50 
[2026-10-06 13:05:39]	[CDH] OBS T26: age=AGE_EXPLORATION turn=92 ownerChanges=8 missionaries=6 moved=6 idleWithMoves=0 gone=0 flipsNearMissionary=0 (district 0) onFlipped=0 jsErrors=213 amAuto=true 
[2026-10-06 13:05:39]	[CDH] UNITS T26: ?@81,47 mv=0 ch=? q ?@65,48 mv=0 ch=? q ?@92,30 mv=0 ch=? q ?@64,19 mv=0 ch=2 ?@71,53 mv=0 ch=? q ?@72,49 mv=0 ch=? q 
[2026-10-06 13:05:39]	[CDH] INV T26: claims=194 stale=0 localInner=47 district=6 center=0 pending=8 bytes=47647 
[2026-10-06 13:05:55]	[CDH] JSERR Error: Expected this.unit to be non-null. @ fs://game/base-standard/ui/unit-flags/unit-flags.js:348 
[2026-10-06 13:06:06]	[CDH] TURN k=27 turn=93 age=AGE_EXPLORATION blocker=NEW_POPULATION 
[2026-10-06 13:06:07]	[CulturalDiffusion] notify: (66,46) player 0 -> player 2 
[2026-10-06 13:06:07]	[CulturalDiffusion] pending 66,46 claim confirmed on the live map 
[2026-10-06 13:06:07]	[CulturalDiffusion] notify: (65,45) player 0 -> player 2 
[2026-10-06 13:06:07]	[CulturalDiffusion] pending 65,45 claim confirmed on the live map 
[2026-10-06 13:06:07]	[CulturalDiffusion] notify: (76,46) player 4 -> player 2 
[2026-10-06 13:06:07]	[CulturalDiffusion] pending 76,46 claim confirmed on the live map 
[2026-10-06 13:06:07]	[CulturalDiffusion] notify: (72,46) player 0 -> player 2 
[2026-10-06 13:06:07]	[CulturalDiffusion] pending 72,46 claim confirmed on the live map 
[2026-10-06 13:06:07]	[CulturalDiffusion] notify: (71,46) player 0 -> player 2 
[2026-10-06 13:06:07]	[CulturalDiffusion] pending 71,46 claim confirmed on the live map 
[2026-10-06 13:06:07]	[CulturalDiffusion] notify: (70,44) player 0 -> player 2 
[2026-10-06 13:06:07]	[CulturalDiffusion] pending 70,44 claim confirmed on the live map 
[2026-10-06 13:06:07]	[CulturalDiffusion] notify: (69,44) player 0 -> player 2 
[2026-10-06 13:06:07]	[CulturalDiffusion] pending 69,44 claim confirmed on the live map 
[2026-10-06 13:06:07]	[CulturalDiffusion] notify: (68,44) player 0 -> player 2 
[2026-10-06 13:06:07]	[CulturalDiffusion] pending 68,44 claim confirmed on the live map 
[2026-10-06 13:06:07]	[CulturalDiffusion] inject 92,32 civ=0 culture=172.2 vitality=177.85 strength=164.88 stock=204279.96 cap=329765.48 
[2026-10-06 13:06:07]	[CulturalDiffusion] inject 86,20 civ=0 culture=12 vitality=108.34 strength=24.54 stock=6055.31 cap=49080.08 
[2026-10-06 13:06:07]	[CulturalDiffusion] inject 77,21 civ=0 culture=0 vitality=29.13 strength=0 stock=549.17 cap=0 
[2026-10-06 13:06:07]	[CulturalDiffusion] inject 82,23 civ=0 culture=0.75 vitality=23.17 strength=2.36 stock=715.07 cap=4718.38 
[2026-10-06 13:06:07]	[CulturalDiffusion] inject 93,26 civ=0 culture=11.12 vitality=15.96 strength=11.95 stock=1160.36 cap=23890.38 
[2026-10-06 13:06:07]	[CulturalDiffusion] inject 80,31 civ=0 culture=3 vitality=29.7 strength=6.34 stock=1021.39 cap=12672.45 
[2026-10-06 13:06:07]	[CulturalDiffusion] inject 87,32 civ=0 culture=18 vitality=30.52 strength=20.5 stock=7112.29 cap=41000.82 
[2026-10-06 13:06:07]	[CulturalDiffusion] inject 84,35 civ=0 culture=1 vitality=34.95 strength=3.28 stock=1302.24 cap=6568.61 
[2026-10-06 13:06:07]	[CulturalDiffusion] inject 90,37 civ=0 culture=7.75 vitality=23.94 strength=10.89 stock=3850.34 cap=21777.82 
[2026-10-06 13:06:07]	[CulturalDiffusion] inject 77,36 civ=0 culture=0 vitality=26 strength=0 stock=179.6 cap=0 
[2026-10-06 13:06:07]	[CulturalDiffusion] inject 81,18 civ=0 culture=0.39 vitality=20.89 strength=1.5 stock=223.51 cap=2996.9 
[2026-10-06 13:06:07]	[CulturalDiffusion] inject 79,39 civ=0 culture=0 vitality=27.1 strength=0 stock=969.11 cap=0 
[2026-10-06 13:06:07]	[CulturalDiffusion] inject 78,13 civ=0 culture=1.4 vitality=14.36 strength=3 stock=951.5 cap=5994.84 
[2026-10-06 13:06:07]	[CulturalDiffusion] inject 75,41 civ=0 culture=0.77 vitality=17.75 strength=2.19 stock=281.37 cap=4370.79 
[2026-10-06 13:06:07]	[CulturalDiffusion] inject 75,14 civ=0 culture=0 vitality=13.14 strength=0 stock=1098.33 cap=0 
[2026-10-06 13:06:07]	[CulturalDiffusion] inject 71,44 civ=0 culture=4.34 vitality=29.51 strength=8.03 stock=1244.89 cap=16064.94 
[2026-10-06 13:06:07]	[CulturalDiffusion] inject 71,39 civ=0 culture=0 vitality=6.65 strength=0 stock=211.59 cap=0 
[2026-10-06 13:06:07]	[CulturalDiffusion] inject 71,15 civ=0 culture=0 vitality=32.75 strength=0 stock=856.21 cap=0 
[2026-10-06 13:06:07]	[CulturalDiffusion] inject 72,10 civ=0 culture=5 vitality=23.95 strength=8.19 stock=812.44 cap=16381.53 
[2026-10-06 13:06:07]	[CulturalDiffusion] inject 68,19 civ=0 culture=4 vitality=42.41 strength=8.65 stock=1198.86 cap=17307.12 
[2026-10-06 13:06:07]	[CulturalDiffusion] inject 67,41 civ=0 culture=23.69 vitality=211.99 strength=48.29 stock=19978.1 cap=96586.4 
[2026-10-06 13:06:07]	[CulturalDiffusion] inject 67,35 civ=0 culture=2 vitality=41.55 strength=5.48 stock=652.52 cap=10950.56 
[2026-10-06 13:06:07]	[CulturalDiffusion] inject 71,33 civ=0 culture=0 vitality=30.95 strength=0 stock=1 cap=0 
[2026-10-06 13:06:07]	[CulturalDiffusion] inject 68,30 civ=0 culture=0 vitality=25.3 strength=0 stock=1 cap=0 
[2026-10-06 13:06:07]	[CulturalDiffusion] inject 64,19 civ=0 culture=5 vitality=27.69 strength=8.62 stock=1133.03 cap=17234.17 
[2026-10-06 13:06:07]	[CulturalDiffusion] inject 64,45 civ=0 culture=9 vitality=36.72 strength=13.94 stock=2533.08 cap=27875.91 
[2026-10-06 13:06:07]	[CulturalDiffusion] inject 64,26 civ=0 culture=2 vitality=22.2 strength=4.4 stock=518.07 cap=8793.47 
[2026-10-06 13:06:07]	[CulturalDiffusion] inject 62,32 civ=0 culture=1 vitality=24.75 strength=2.91 stock=352.24 cap=5821.28 
[2026-10-06 13:06:07]	[CulturalDiffusion] inject 64,14 civ=0 culture=14 vitality=49.96 strength=20.69 stock=4261.2 cap=41377.8 
[2026-10-06 13:06:07]	[CulturalDiffusion] inject 60,50 civ=2 culture=13.2 vitality=28.88 strength=14.57 stock=2628.81 cap=29133.78 
[2026-10-06 13:06:07]	[CulturalDiffusion] inject 67,50 civ=2 culture=2.2 vitality=8.6 strength=2.97 stock=334.84 cap=5947.36 
[2026-10-06 13:06:07]	[CulturalDiffusion] inject 74,52 civ=2 culture=72.6 vitality=45.91 strength=51.89 stock=36482.02 cap=103773.48 
[2026-10-06 13:06:07]	[CulturalDiffusion] inject 83,44 civ=4 culture=11 vitality=25.17 strength=16.48 stock=6924.78 cap=32957.16 
[2026-10-06 13:06:07]	[CulturalDiffusion] inject 79,47 civ=4 culture=11 vitality=33.75 strength=18.26 stock=6611.54 cap=36520.89 
[2026-10-06 13:06:07]	[CulturalDiffusion] inject 75,48 civ=4 culture=16.5 vitality=46.53 strength=26.59 stock=14850.28 cap=53189.26 
[2026-10-06 13:06:07]	[CulturalDiffusion] frontier city=65536 ring=4 best=9583.06 bar=375 over=17/23 center=204279.96 
[2026-10-06 13:06:07]	[CulturalDiffusion] frontier city=131073 ring=4 best=3608.05 bar=375 over=11/24 center=6055.31 
[2026-10-06 13:06:07]	[CulturalDiffusion] frontier city=196610 ring=4 best=3608.05 bar=375 over=17/24 center=549.17 
[2026-10-06 13:06:07]	[CulturalDiffusion] frontier city=262147 ring=4 best=1695.69 bar=375 over=13/24 center=715.07 
[2026-10-06 13:06:07]	[CulturalDiffusion] frontier city=327684 ring=4 best=23867.54 bar=375 over=13/19 center=1160.36 
[2026-10-06 13:06:07]	[CulturalDiffusion] frontier city=393221 ring=4 best=2735.28 bar=375 over=17/24 center=1021.39 
[2026-10-06 13:06:07]	[CulturalDiffusion] frontier city=458758 ring=4 best=139522.06 bar=375 over=21/24 center=7112.29 
[2026-10-06 13:06:07]	[CulturalDiffusion] frontier city=524295 ring=4 best=7112.29 bar=375 over=15/24 center=1302.24 
[2026-10-06 13:06:07]	[CulturalDiffusion] frontier city=589832 ring=4 best=40915.79 bar=375 over=11/24 center=3850.34 
[2026-10-06 13:06:07]	[CulturalDiffusion] frontier city=655369 ring=4 best=3608.05 bar=375 over=6/24 center=179.6 
[2026-10-06 13:06:07]	[CulturalDiffusion] frontier city=720906 ring=4 best=3608.05 bar=375 over=14/24 center=223.51 
[2026-10-06 13:06:07]	[CulturalDiffusion] frontier city=786443 ring=4 best=3608.05 bar=375 over=7/24 center=969.11 
[2026-10-06 13:06:07]	[CulturalDiffusion] frontier city=851980 ring=4 best=3608.05 bar=375 over=10/24 center=951.5 
[2026-10-06 13:06:07]	[CulturalDiffusion] frontier city=917517 ring=4 best=511.09 bar=375 over=2/24 center=281.37 
[2026-10-06 13:06:07]	[CulturalDiffusion] frontier city=983054 ring=4 best=3608.05 bar=375 over=13/24 center=1098.33 
[2026-10-06 13:06:07]	[CulturalDiffusion] frontier city=1048591 ring=4 best=5505.86 bar=375 over=5/24 center=1244.89 
[2026-10-06 13:06:07]	[CulturalDiffusion] frontier city=1114128 ring=4 best=11011.73 bar=375 over=7/24 center=211.59 
[2026-10-06 13:06:07]	[CulturalDiffusion] frontier city=1179665 ring=4 best=3608.05 bar=375 over=9/24 center=856.21 
[2026-10-06 13:06:07]	[CulturalDiffusion] frontier city=1245202 ring=4 best=684.97 bar=375 over=2/24 center=812.44 
[2026-10-06 13:06:07]	[CulturalDiffusion] frontier city=1310739 ring=4 best=1133.03 bar=375 over=6/24 center=1198.86 
[2026-10-06 13:06:07]	[CulturalDiffusion] frontier city=1376276 ring=4 best=1766.91 bar=375 over=6/24 center=19978.1 
[2026-10-06 13:06:07]	[CulturalDiffusion] frontier city=1441813 ring=4 best=3520.9 bar=375 over=4/24 center=652.52 
[2026-10-06 13:06:07]	[CulturalDiffusion] frontier city=1507350 ring=4 best=332.35 bar=375 over=0/24 center=1 
[2026-10-06 13:06:07]	[CulturalDiffusion] frontier city=1572887 ring=4 best=466.3 bar=375 over=1/24 center=1 
[2026-10-06 13:06:07]	[CulturalDiffusion] frontier city=1638424 ring=4 best=2367.7 bar=375 over=6/24 center=1133.03 
[2026-10-06 13:06:07]	[CulturalDiffusion] frontier city=1703961 ring=4 best=5505.86 bar=375 over=4/24 center=2533.08 
[2026-10-06 13:06:07]	[CulturalDiffusion] frontier city=1769498 ring=4 best=99.33 bar=375 over=0/24 center=518.07 
[2026-10-06 13:06:07]	[CulturalDiffusion] frontier city=1835035 ring=4 best=131.94 bar=375 over=0/24 center=352.24 
[2026-10-06 13:06:07]	[CulturalDiffusion] frontier city=1900572 ring=4 best=128.2 bar=375 over=0/24 center=4261.2 
[2026-10-06 13:06:07]	[CulturalDiffusion] flip 82,13 -> player 0 via purchasePlot sent; pending confirmation next pass (was owner -1) 
[2026-10-06 13:06:07]	[CulturalDiffusion] flip 62,45 -> player 2 via purchasePlot sent; pending confirmation next pass (was owner 0) 
[2026-10-06 13:06:07]	[CulturalDiffusion] skip flip 70,45: would strand a foreign unit 
[2026-10-06 13:06:07]	[CulturalDiffusion] skip flip 67,44: would strand a foreign unit 
[2026-10-06 13:06:07]	[CulturalDiffusion] flip 66,44 -> player 2 via purchasePlot sent; pending confirmation next pass (was owner 0) 
[2026-10-06 13:06:07]	[CulturalDiffusion] flip 65,44 -> player 2 via purchasePlot sent; pending confirmation next pass (was owner 0) 
[2026-10-06 13:06:07]	[CulturalDiffusion] flip 63,45 -> player 2 via purchasePlot sent; pending confirmation next pass (was owner 0) 
[2026-10-06 13:06:07]	[CulturalDiffusion] state bytes=48635 field=1192 claims=202 locked=56 passMs=69 
[2026-10-06 13:06:07]	[CulturalDiffusion] pass: 0 flip(s), 1 pending, 0 ceded (0 pending), 0 AI flip(s) (4 pending), 0 conquest(s) (0 pending), confirmed 8 claim/0 cede (0 dropped), 0 orphan(s) healed, 0 inner tile(s) released to base game, 1192 active field tile(s) 
[2026-10-06 13:06:07]	[CulturalDiffusion] pass (turn 93): flips=0 field tiles=302 
[2026-10-06 13:06:08]	[CDH] JSERR TypeError: Cannot read properties of null (reading 'cityId') @ fs://game/bz-map-trix/ui/lenses/layer/bz-religion-layer.js:50 
[2026-10-06 13:06:08]	[CDH] JSERR TypeError: Cannot read properties of null (reading 'cityId') @ fs://game/bz-map-trix/ui/lenses/layer/bz-religion-layer.js:50 
[2026-10-06 13:06:08]	[CDH] JSERR TypeError: Cannot read properties of null (reading 'cityId') @ fs://game/bz-map-trix/ui/lenses/layer/bz-religion-layer.js:50 
[2026-10-06 13:06:08]	[CDH] JSERR TypeError: Cannot read properties of null (reading 'cityId') @ fs://game/bz-map-trix/ui/lenses/layer/bz-religion-layer.js:50 
[2026-10-06 13:06:08]	[CDH] JSERR TypeError: Cannot read properties of null (reading 'cityId') @ fs://game/bz-map-trix/ui/lenses/layer/bz-religion-layer.js:50 
[2026-10-06 13:06:08]	[CDH] JSERR TypeError: Cannot read properties of null (reading 'cityId') @ fs://game/bz-map-trix/ui/lenses/layer/bz-religion-layer.js:50 
[2026-10-06 13:06:16]	[CDH] OBS T27: age=AGE_EXPLORATION turn=93 ownerChanges=5 missionaries=5 moved=5 idleWithMoves=0 gone=0 flipsNearMissionary=0 (district 0) onFlipped=0 jsErrors=220 amAuto=true 
[2026-10-06 13:06:16]	[CDH] UNITS T27: ?@84,49 mv=0 ch=? q ?@66,50 mv=0 ch=? q ?@64,19 mv=0 ch=1 ?@71,53 mv=0 ch=1 ?@71,53 mv=0 ch=? q 
[2026-10-06 13:06:16]	[CDH] INV T27: claims=202 stale=0 localInner=54 district=6 center=0 pending=5 bytes=48620 
[2026-10-06 13:06:16]	[CDH] BUY T27: had 5, bought 1 
[2026-10-06 13:06:32]	[CDH] JSERR Error: Expected this.unit to be non-null. @ fs://game/base-standard/ui/unit-flags/unit-flags.js:348 
[2026-10-06 13:06:35]	[CulturalDiffusion] notify: (82,13) unowned -> player 0 
[2026-10-06 13:06:35]	[CulturalDiffusion] pending 82,13 claim confirmed on the live map 
[2026-10-06 13:06:35]	[CulturalDiffusion] notify: (62,45) player 0 -> player 2 
[2026-10-06 13:06:35]	[CulturalDiffusion] pending 62,45 claim confirmed on the live map 
[2026-10-06 13:06:35]	[CulturalDiffusion] notify: (66,44) player 0 -> player 2 
[2026-10-06 13:06:35]	[CulturalDiffusion] pending 66,44 claim confirmed on the live map 
[2026-10-06 13:06:35]	[CulturalDiffusion] notify: (65,44) player 0 -> player 2 
[2026-10-06 13:06:35]	[CulturalDiffusion] pending 65,44 claim confirmed on the live map 
[2026-10-06 13:06:35]	[CulturalDiffusion] notify: (63,45) player 0 -> player 2 
[2026-10-06 13:06:35]	[CulturalDiffusion] pending 63,45 claim confirmed on the live map 
[2026-10-06 13:06:35]	[CulturalDiffusion] inject 92,32 civ=0 culture=172.2 vitality=177.85 strength=165.54 stock=223051.88 cap=331072.87 
[2026-10-06 13:06:35]	[CulturalDiffusion] inject 86,20 civ=0 culture=12 vitality=108.34 strength=24.64 stock=6504.06 cap=49274.66 
[2026-10-06 13:06:35]	[CulturalDiffusion] inject 77,21 civ=0 culture=0 vitality=29.13 strength=0 stock=668.1 cap=0 
[2026-10-06 13:06:35]	[CulturalDiffusion] inject 82,23 civ=0 culture=0.75 vitality=23.17 strength=2.37 stock=734.42 cap=4737.09 
[2026-10-06 13:06:35]	[CulturalDiffusion] inject 93,26 civ=0 culture=11.12 vitality=15.96 strength=11.99 stock=1269.56 cap=23985.1 
[2026-10-06 13:06:35]	[CulturalDiffusion] inject 80,31 civ=0 culture=3 vitality=29.7 strength=6.36 stock=1058.06 cap=12722.69 
[2026-10-06 13:06:35]	[CulturalDiffusion] inject 87,32 civ=0 culture=18 vitality=30.52 strength=20.58 stock=7869.55 cap=41163.37 
[2026-10-06 13:06:35]	[CulturalDiffusion] inject 84,35 civ=0 culture=1 vitality=34.95 strength=3.3 stock=1577.06 cap=6594.65 
[2026-10-06 13:06:35]	[CulturalDiffusion] inject 90,37 civ=0 culture=7.75 vitality=23.94 strength=10.93 stock=4265.66 cap=21864.16 
[2026-10-06 13:06:35]	[CulturalDiffusion] inject 77,36 civ=0 culture=0 vitality=26 strength=0 stock=170.82 cap=0 
[2026-10-06 13:06:35]	[CulturalDiffusion] inject 81,18 civ=0 culture=0.39 vitality=20.89 strength=1.5 stock=230.04 cap=3008.78 
[2026-10-06 13:06:35]	[CulturalDiffusion] inject 79,39 civ=0 culture=0 vitality=27.1 strength=0 stock=936.62 cap=0 
[2026-10-06 13:06:35]	[CulturalDiffusion] inject 78,13 civ=0 culture=1.4 vitality=14.36 strength=3.01 stock=957.71 cap=6018.61 
[2026-10-06 13:06:35]	[CulturalDiffusion] inject 75,41 civ=0 culture=0.77 vitality=17.75 strength=2.19 stock=291.81 cap=4388.12 
[2026-10-06 13:06:35]	[CulturalDiffusion] inject 75,14 civ=0 culture=0 vitality=13.14 strength=0 stock=1312.96 cap=0 
[2026-10-06 13:06:35]	[CulturalDiffusion] inject 71,44 civ=0 culture=4.34 vitality=29.51 strength=8.06 stock=1336.07 cap=16128.63 
[2026-10-06 13:06:35]	[CulturalDiffusion] inject 71,39 civ=0 culture=0 vitality=6.65 strength=0 stock=303.12 cap=0 
[2026-10-06 13:06:35]	[CulturalDiffusion] inject 71,15 civ=0 culture=0 vitality=32.75 strength=0 stock=852.1 cap=0 
[2026-10-06 13:06:35]	[CulturalDiffusion] inject 72,10 civ=0 culture=5 vitality=23.95 strength=8.22 stock=871.59 cap=16446.48 
[2026-10-06 13:06:35]	[CulturalDiffusion] inject 68,19 civ=0 culture=4 vitality=42.41 strength=8.69 stock=1264.42 cap=17375.73 
[2026-10-06 13:06:35]	[CulturalDiffusion] inject 67,41 civ=0 culture=23.69 vitality=211.99 strength=48.48 stock=21642.36 cap=96969.32 
[2026-10-06 13:06:35]	[CulturalDiffusion] inject 67,35 civ=0 culture=2 vitality=41.55 strength=5.5 stock=683.28 cap=10993.98 
[2026-10-06 13:06:35]	[CulturalDiffusion] inject 71,33 civ=0 culture=0 vitality=30.95 strength=0 stock=1 cap=0 
[2026-10-06 13:06:35]	[CulturalDiffusion] inject 68,30 civ=0 culture=0 vitality=25.3 strength=0 stock=1 cap=0 
[2026-10-06 13:06:35]	[CulturalDiffusion] inject 64,19 civ=0 culture=5 vitality=27.69 strength=8.65 stock=1198.16 cap=17302.5 
[2026-10-06 13:06:35]	[CulturalDiffusion] inject 64,45 civ=0 culture=9 vitality=36.72 strength=13.99 stock=2715.63 cap=27986.42 
[2026-10-06 13:06:35]	[CulturalDiffusion] inject 64,26 civ=0 culture=2 vitality=22.2 strength=4.41 stock=540.08 cap=8828.33 
[2026-10-06 13:06:35]	[CulturalDiffusion] inject 62,32 civ=0 culture=1 vitality=24.75 strength=2.92 stock=364.87 cap=5844.36 
[2026-10-06 13:06:35]	[CulturalDiffusion] inject 64,14 civ=0 culture=14 vitality=49.96 strength=20.77 stock=4582.27 cap=41541.85 
[2026-10-06 13:06:35]	[CulturalDiffusion] inject 60,50 civ=2 culture=13.2 vitality=28.88 strength=14.39 stock=2792.15 cap=28782.76 
[2026-10-06 13:06:35]	[CulturalDiffusion] inject 67,50 civ=2 culture=2.2 vitality=8.6 strength=2.94 stock=347.92 cap=5875.7 
[2026-10-06 13:06:35]	[CulturalDiffusion] inject 74,52 civ=2 culture=72.6 vitality=45.91 strength=51.26 stock=38458.99 cap=102523.19 
[2026-10-06 13:06:35]	[CulturalDiffusion] inject 83,44 civ=4 culture=11 vitality=25.17 strength=16.56 stock=7121.13 cap=33112.34 
[2026-10-06 13:06:35]	[CulturalDiffusion] inject 79,47 civ=4 culture=13.2 vitality=38.8 strength=21.69 stock=6978.21 cap=43373.88 
[2026-10-06 13:06:35]	[CulturalDiffusion] inject 75,48 civ=4 culture=16.5 vitality=46.53 strength=26.72 stock=15394.82 cap=53439.71 
[2026-10-06 13:06:35]	[CulturalDiffusion] frontier city=65536 ring=4 best=10740.39 bar=375 over=17/23 center=223051.88 
[2026-10-06 13:06:35]	[CulturalDiffusion] frontier city=131073 ring=4 best=3426.65 bar=375 over=11/24 center=6504.06 
[2026-10-06 13:06:35]	[CulturalDiffusion] frontier city=196610 ring=4 best=3426.65 bar=375 over=17/24 center=668.1 
[2026-10-06 13:06:35]	[CulturalDiffusion] frontier city=262147 ring=4 best=1828.7 bar=375 over=13/24 center=734.42 
[2026-10-06 13:06:35]	[CulturalDiffusion] frontier city=327684 ring=4 best=26504.66 bar=375 over=13/19 center=1269.56 
[2026-10-06 13:06:35]	[CulturalDiffusion] frontier city=393221 ring=4 best=2597.8 bar=375 over=17/24 center=1058.06 
[2026-10-06 13:06:35]	[CulturalDiffusion] frontier city=458758 ring=4 best=153209.97 bar=375 over=21/24 center=7869.55 
[2026-10-06 13:06:35]	[CulturalDiffusion] frontier city=524295 ring=4 best=7869.55 bar=375 over=15/24 center=1577.06 
[2026-10-06 13:06:35]	[CulturalDiffusion] frontier city=589832 ring=4 best=45436.56 bar=375 over=11/24 center=4265.66 
[2026-10-06 13:06:35]	[CulturalDiffusion] frontier city=655369 ring=4 best=3426.65 bar=375 over=6/24 center=170.82 
[2026-10-06 13:06:35]	[CulturalDiffusion] frontier city=720906 ring=4 best=3426.65 bar=375 over=14/24 center=230.04 
[2026-10-06 13:06:35]	[CulturalDiffusion] frontier city=786443 ring=4 best=3426.65 bar=375 over=7/24 center=936.62 
[2026-10-06 13:06:35]	[CulturalDiffusion] frontier city=851980 ring=4 best=3426.65 bar=375 over=10/24 center=957.71 
[2026-10-06 13:06:35]	[CulturalDiffusion] frontier city=917517 ring=4 best=594.09 bar=375 over=2/24 center=291.81 
[2026-10-06 13:06:35]	[CulturalDiffusion] frontier city=983054 ring=4 best=3426.65 bar=375 over=13/24 center=1312.96 
[2026-10-06 13:06:35]	[CulturalDiffusion] frontier city=1048591 ring=4 best=5993.43 bar=375 over=6/24 center=1336.07 
[2026-10-06 13:06:35]	[CulturalDiffusion] frontier city=1114128 ring=4 best=11986.86 bar=375 over=9/24 center=303.12 
[2026-10-06 13:06:35]	[CulturalDiffusion] frontier city=1179665 ring=4 best=3426.65 bar=375 over=9/24 center=852.1 
[2026-10-06 13:06:35]	[CulturalDiffusion] frontier city=1245202 ring=4 best=681.68 bar=375 over=2/24 center=871.59 
[2026-10-06 13:06:35]	[CulturalDiffusion] frontier city=1310739 ring=4 best=1198.16 bar=375 over=6/24 center=1264.42 
[2026-10-06 13:06:35]	[CulturalDiffusion] frontier city=1376276 ring=4 best=1899.81 bar=375 over=9/24 center=21642.36 
[2026-10-06 13:06:35]	[CulturalDiffusion] frontier city=1441813 ring=4 best=3854.1 bar=375 over=4/24 center=683.28 
[2026-10-06 13:06:35]	[CulturalDiffusion] frontier city=1507350 ring=4 best=349.72 bar=375 over=0/24 center=1 
[2026-10-06 13:06:35]	[CulturalDiffusion] frontier city=1572887 ring=4 best=489.39 bar=375 over=1/24 center=1 
[2026-10-06 13:06:35]	[CulturalDiffusion] frontier city=1638424 ring=4 best=2556.72 bar=375 over=6/24 center=1198.16 
[2026-10-06 13:06:35]	[CulturalDiffusion] frontier city=1703961 ring=4 best=5993.43 bar=375 over=4/24 center=2715.63 
[2026-10-06 13:06:35]	[CulturalDiffusion] frontier city=1769498 ring=4 best=116.56 bar=375 over=0/24 center=540.08 
[2026-10-06 13:06:35]	[CulturalDiffusion] frontier city=1835035 ring=4 best=155.65 bar=375 over=0/24 center=364.87 
[2026-10-06 13:06:35]	[CulturalDiffusion] frontier city=1900572 ring=4 best=135.96 bar=375 over=0/24 center=4582.27 
[2026-10-06 13:06:35]	[CulturalDiffusion] skip flip 70,45: would strand a foreign unit 
[2026-10-06 13:06:35]	[CulturalDiffusion] skip flip 67,44: would strand a foreign unit 
[2026-10-06 13:06:35]	[CulturalDiffusion] flip 63,44 -> player 2 via purchasePlot sent; pending confirmation next pass (was owner 0) 
[2026-10-06 13:06:35]	[CulturalDiffusion] state bytes=49766 field=1196 claims=207 locked=51 passMs=72 
[2026-10-06 13:06:35]	[CulturalDiffusion] pass: 0 flip(s), 0 pending, 0 ceded (0 pending), 0 AI flip(s) (1 pending), 0 conquest(s) (0 pending), confirmed 5 claim/0 cede (0 dropped), 0 orphan(s) healed, 0 inner tile(s) released to base game, 1196 active field tile(s) 
[2026-10-06 13:06:35]	[CulturalDiffusion] pass (turn 94): flips=0 field tiles=304 
[2026-10-06 13:06:36]	[CDH] TURN k=28 turn=94 age=AGE_EXPLORATION blocker=NEW_POPULATION 
[2026-10-06 13:06:36]	[CDH] JSERR TypeError: Cannot read properties of null (reading 'cityId') @ fs://game/bz-map-trix/ui/lenses/layer/bz-religion-layer.js:50 
[2026-10-06 13:06:36]	[CDH] JSERR TypeError: Cannot read properties of null (reading 'cityId') @ fs://game/bz-map-trix/ui/lenses/layer/bz-religion-layer.js:50 
[2026-10-06 13:06:37]	[CDH] JSERR TypeError: Cannot read properties of null (reading 'cityId') @ fs://game/bz-map-trix/ui/lenses/layer/bz-religion-layer.js:50 
[2026-10-06 13:06:37]	[CDH] JSERR TypeError: Cannot read properties of null (reading 'cityId') @ fs://game/bz-map-trix/ui/lenses/layer/bz-religion-layer.js:50 
[2026-10-06 13:06:37]	[CDH] JSERR TypeError: Cannot read properties of null (reading 'cityId') @ fs://game/bz-map-trix/ui/lenses/layer/bz-religion-layer.js:50 
[2026-10-06 13:06:45]	[CDH] OBS T28: age=AGE_EXPLORATION turn=94 ownerChanges=1 missionaries=5 moved=4 idleWithMoves=0 gone=0 flipsNearMissionary=0 (district 0) onFlipped=0 jsErrors=226 amAuto=true 
[2026-10-06 13:06:45]	[CDH] UNITS T28: ?@84,49 mv=0 ch=1 ?@67,50 mv=0 ch=2 ?@68,19 mv=0 ch=1 ?@74,47 mv=0 ch=? q ?@69,56 mv=0 ch=? q 
[2026-10-06 13:06:45]	[CDH] INV T28: claims=207 stale=0 localInner=58 district=6 center=0 pending=1 bytes=49751 
[2026-10-06 13:06:45]	[CDH] BUY T28: had 5, bought 1 
[2026-10-06 13:06:50]	[CDH] JSERR Error: Expected this.unit to be non-null. @ fs://game/base-standard/ui/unit-flags/unit-flags.js:348 
[2026-10-06 13:06:50]	[CDH] JSERR Error: Expected this.unit to be non-null. @ fs://game/base-standard/ui/unit-flags/unit-flags.js:348 
[2026-10-06 13:06:50]	[CDH] JSERR TypeError: Cannot read properties of null (reading 'cityId') @ fs://game/bz-map-trix/ui/lenses/layer/bz-religion-layer.js:50 
[2026-10-06 13:06:52]	[CDH] JSERR Error: Expected this.unit to be non-null. @ fs://game/base-standard/ui/unit-flags/unit-flags.js:348 
[2026-10-06 13:06:59]	[CDH] JSERR Error: Expected this.unit to be non-null. @ fs://game/base-standard/ui/unit-flags/unit-flags.js:348 
[2026-10-06 13:06:59]	[CulturalDiffusion] capture: city 131072 to player 28 lies outside the simulated field; nothing to transfer 
[2026-10-06 13:07:00]	[CDH] JSERR Error: Expected this.unit to be non-null. @ fs://game/base-standard/ui/unit-flags/unit-flags.js:348 
[2026-10-06 13:07:05]	[CDH] JSERR Error: Expected this.unit to be non-null. @ fs://game/base-standard/ui/unit-flags/unit-flags.js:348 
[2026-10-06 13:07:08]	[CDH] TURN k=29 turn=95 age=AGE_EXPLORATION blocker=NEW_POPULATION 
[2026-10-06 13:07:08]	[CulturalDiffusion] notify: (63,44) player 0 -> player 2 
[2026-10-06 13:07:08]	[CulturalDiffusion] pending 63,44 claim confirmed on the live map 
[2026-10-06 13:07:08]	[CulturalDiffusion] inject 92,32 civ=0 culture=172.2 vitality=177.32 strength=167.86 stock=242611.89 cap=335715.09 
[2026-10-06 13:07:08]	[CulturalDiffusion] inject 86,20 civ=0 culture=12 vitality=107.81 strength=24.97 stock=6967.67 cap=49932.34 
[2026-10-06 13:07:08]	[CulturalDiffusion] inject 77,21 civ=0 culture=0 vitality=29.13 strength=0 stock=641.08 cap=0 
[2026-10-06 13:07:08]	[CulturalDiffusion] inject 82,23 civ=0 culture=0.7 vitality=20.59 strength=2.21 stock=729.91 cap=4424.07 
[2026-10-06 13:07:08]	[CulturalDiffusion] inject 93,26 civ=0 culture=11.12 vitality=15.96 strength=12.17 stock=1383.07 cap=24346.59 
[2026-10-06 13:07:08]	[CulturalDiffusion] inject 80,31 civ=0 culture=3 vitality=29.7 strength=6.46 stock=1095.5 cap=12914.44 
[2026-10-06 13:07:08]	[CulturalDiffusion] inject 87,32 civ=0 culture=18 vitality=30.52 strength=20.89 stock=8783.09 cap=41783.77 
[2026-10-06 13:07:08]	[CulturalDiffusion] inject 84,35 civ=0 culture=1 vitality=34.95 strength=3.35 stock=1874.48 cap=6694.04 
[2026-10-06 13:07:08]	[CulturalDiffusion] inject 90,37 civ=0 culture=7.75 vitality=23.94 strength=11.1 stock=4765.86 cap=22193.68 
[2026-10-06 13:07:08]	[CulturalDiffusion] inject 77,36 civ=0 culture=0 vitality=26 strength=0 stock=162.53 cap=0 
[2026-10-06 13:07:08]	[CulturalDiffusion] inject 81,18 civ=0 culture=0.39 vitality=20.89 strength=1.53 stock=236.51 cap=3054.12 
[2026-10-06 13:07:08]	[CulturalDiffusion] inject 79,39 civ=0 culture=0 vitality=27.1 strength=0 stock=1000.17 cap=0 
[2026-10-06 13:07:08]	[CulturalDiffusion] inject 78,13 civ=0 culture=1.4 vitality=14.36 strength=3.05 stock=955.44 cap=6109.32 
[2026-10-06 13:07:08]	[CulturalDiffusion] inject 75,41 civ=0 culture=0.77 vitality=17.75 strength=2.23 stock=302.14 cap=4454.26 
[2026-10-06 13:07:08]	[CulturalDiffusion] inject 75,14 civ=0 culture=0 vitality=13.14 strength=0 stock=1282.16 cap=0 
[2026-10-06 13:07:08]	[CulturalDiffusion] inject 71,44 civ=0 culture=4.34 vitality=29.51 strength=8.19 stock=1431.72 cap=16371.72 
[2026-10-06 13:07:08]	[CulturalDiffusion] inject 71,39 civ=0 culture=0 vitality=6.65 strength=0 stock=419.64 cap=0 
[2026-10-06 13:07:08]	[CulturalDiffusion] inject 71,15 civ=0 culture=0 vitality=32.75 strength=0 stock=854.78 cap=0 
[2026-10-06 13:07:08]	[CulturalDiffusion] inject 72,10 civ=0 culture=5 vitality=23.95 strength=8.35 stock=932.46 cap=16694.35 
[2026-10-06 13:07:08]	[CulturalDiffusion] inject 68,19 civ=0 culture=4 vitality=42.41 strength=8.82 stock=1331.65 cap=17637.61 
[2026-10-06 13:07:08]	[CulturalDiffusion] inject 67,41 civ=0 culture=23.69 vitality=211.99 strength=49.22 stock=23373.37 cap=98430.8 
[2026-10-06 13:07:08]	[CulturalDiffusion] inject 67,35 civ=0 culture=2 vitality=41.55 strength=5.58 stock=714.6 cap=11159.67 
[2026-10-06 13:07:08]	[CulturalDiffusion] inject 71,33 civ=0 culture=0 vitality=30.95 strength=0 stock=1 cap=0 
[2026-10-06 13:07:08]	[CulturalDiffusion] inject 68,30 civ=0 culture=0 vitality=25.3 strength=0 stock=1 cap=0 
[2026-10-06 13:07:08]	[CulturalDiffusion] inject 64,19 civ=0 culture=5 vitality=27.69 strength=8.78 stock=1264.98 cap=17563.27 
[2026-10-06 13:07:08]	[CulturalDiffusion] inject 64,45 civ=0 culture=9 vitality=36.72 strength=14.2 stock=2905.96 cap=28408.22 
[2026-10-06 13:07:08]	[CulturalDiffusion] inject 64,26 civ=0 culture=2 vitality=22.2 strength=4.48 stock=562.4 cap=8961.39 
[2026-10-06 13:07:08]	[CulturalDiffusion] inject 62,32 civ=0 culture=1 vitality=24.75 strength=2.97 stock=377.57 cap=5932.44 
[2026-10-06 13:07:08]	[CulturalDiffusion] inject 64,14 civ=0 culture=14 vitality=49.96 strength=21.08 stock=4914.92 cap=42167.95 
[2026-10-06 13:07:08]	[CulturalDiffusion] inject 60,50 civ=2 culture=13.2 vitality=28.88 strength=14.45 stock=2957.32 cap=28905.91 
[2026-10-06 13:07:08]	[CulturalDiffusion] inject 67,50 civ=2 culture=2.2 vitality=6.74 strength=2.71 stock=359.09 cap=5418.35 
[2026-10-06 13:07:08]	[CulturalDiffusion] inject 74,52 civ=2 culture=72.6 vitality=45.91 strength=51.48 stock=40455.17 cap=102961.84 
[2026-10-06 13:07:08]	[CulturalDiffusion] inject 83,44 civ=4 culture=11 vitality=25.17 strength=16.54 stock=7314.56 cap=33074.52 
[2026-10-06 13:07:08]	[CulturalDiffusion] inject 79,47 civ=4 culture=13.2 vitality=38.8 strength=21.66 stock=7344.16 cap=43324.33 
[2026-10-06 13:07:08]	[CulturalDiffusion] inject 75,48 civ=4 culture=16.5 vitality=46.53 strength=26.69 stock=15932.64 cap=53378.66 
[2026-10-06 13:07:08]	[CulturalDiffusion] frontier city=65536 ring=4 best=11927.1 bar=375 over=19/23 center=242611.89 
[2026-10-06 13:07:08]	[CulturalDiffusion] frontier city=131073 ring=4 best=3254.32 bar=375 over=11/24 center=6967.67 
[2026-10-06 13:07:08]	[CulturalDiffusion] frontier city=196610 ring=4 best=3254.32 bar=375 over=14/24 center=641.08 
[2026-10-06 13:07:08]	[CulturalDiffusion] frontier city=262147 ring=4 best=1964.23 bar=375 over=12/24 center=729.91 
[2026-10-06 13:07:08]	[CulturalDiffusion] frontier city=327684 ring=4 best=29299.63 bar=375 over=13/19 center=1383.07 
[2026-10-06 13:07:08]	[CulturalDiffusion] frontier city=393221 ring=4 best=2467.19 bar=375 over=17/24 center=1095.5 
[2026-10-06 13:07:08]	[CulturalDiffusion] frontier city=458758 ring=4 best=167288.91 bar=375 over=22/24 center=8783.09 
[2026-10-06 13:07:08]	[CulturalDiffusion] frontier city=524295 ring=4 best=8783.09 bar=375 over=17/24 center=1874.48 
[2026-10-06 13:07:08]	[CulturalDiffusion] frontier city=589832 ring=4 best=50227.94 bar=375 over=13/24 center=4765.86 
[2026-10-06 13:07:08]	[CulturalDiffusion] frontier city=655369 ring=4 best=3254.32 bar=375 over=6/24 center=162.53 
[2026-10-06 13:07:08]	[CulturalDiffusion] frontier city=720906 ring=4 best=3254.32 bar=375 over=14/24 center=236.51 
[2026-10-06 13:07:08]	[CulturalDiffusion] frontier city=786443 ring=4 best=3254.32 bar=375 over=7/24 center=1000.17 
[2026-10-06 13:07:08]	[CulturalDiffusion] frontier city=851980 ring=4 best=3254.32 bar=375 over=10/24 center=955.44 
[2026-10-06 13:07:08]	[CulturalDiffusion] frontier city=917517 ring=4 best=681.55 bar=375 over=2/24 center=302.14 
[2026-10-06 13:07:08]	[CulturalDiffusion] frontier city=983054 ring=4 best=3254.32 bar=375 over=13/24 center=1282.16 
[2026-10-06 13:07:08]	[CulturalDiffusion] frontier city=1048591 ring=4 best=6492.71 bar=375 over=6/24 center=1431.72 
[2026-10-06 13:07:08]	[CulturalDiffusion] frontier city=1114128 ring=4 best=12985.41 bar=375 over=9/24 center=419.64 
[2026-10-06 13:07:08]	[CulturalDiffusion] frontier city=1179665 ring=4 best=3254.32 bar=375 over=10/24 center=854.78 
[2026-10-06 13:07:08]	[CulturalDiffusion] frontier city=1245202 ring=4 best=683.82 bar=375 over=3/24 center=932.46 
[2026-10-06 13:07:08]	[CulturalDiffusion] frontier city=1310739 ring=4 best=1264.98 bar=375 over=6/24 center=1331.65 
[2026-10-06 13:07:08]	[CulturalDiffusion] frontier city=1376276 ring=4 best=2036.72 bar=375 over=9/24 center=23373.37 
[2026-10-06 13:07:08]	[CulturalDiffusion] frontier city=1441813 ring=4 best=4195.4 bar=375 over=4/24 center=714.6 
[2026-10-06 13:07:08]	[CulturalDiffusion] frontier city=1507350 ring=4 best=367.04 bar=375 over=0/24 center=1 
[2026-10-06 13:07:08]	[CulturalDiffusion] frontier city=1572887 ring=4 best=512.46 bar=375 over=1/24 center=1 
[2026-10-06 13:07:08]	[CulturalDiffusion] frontier city=1638424 ring=4 best=2749.36 bar=375 over=6/24 center=1264.98 
[2026-10-06 13:07:08]	[CulturalDiffusion] frontier city=1703961 ring=4 best=6492.71 bar=375 over=4/24 center=2905.96 
[2026-10-06 13:07:08]	[CulturalDiffusion] frontier city=1769498 ring=4 best=126.81 bar=375 over=0/24 center=562.4 
[2026-10-06 13:07:08]	[CulturalDiffusion] frontier city=1835035 ring=4 best=167.38 bar=375 over=0/24 center=377.57 
[2026-10-06 13:07:08]	[CulturalDiffusion] frontier city=1900572 ring=4 best=143.78 bar=375 over=0/24 center=4914.92 
[2026-10-06 13:07:08]	[CulturalDiffusion] flip 94,36 -> player 0 via purchasePlot sent; pending confirmation next pass (was owner -1) 
[2026-10-06 13:07:08]	[CulturalDiffusion] flip 94,35 -> player 0 via purchasePlot sent; pending confirmation next pass (was owner -1) 
[2026-10-06 13:07:08]	[CulturalDiffusion] skip flip 70,45: would strand a foreign unit 
[2026-10-06 13:07:08]	[CulturalDiffusion] skip flip 67,44: would strand a foreign unit 
[2026-10-06 13:07:08]	[CulturalDiffusion] state bytes=50238 field=1200 claims=208 locked=46 passMs=63 
[2026-10-06 13:07:08]	[CulturalDiffusion] pass: 0 flip(s), 2 pending, 0 ceded (0 pending), 0 AI flip(s) (0 pending), 0 conquest(s) (0 pending), confirmed 1 claim/0 cede (0 dropped), 0 orphan(s) healed, 0 inner tile(s) released to base game, 1200 active field tile(s) 
[2026-10-06 13:07:08]	[CulturalDiffusion] pass (turn 95): flips=0 field tiles=315 
[2026-10-06 13:07:09]	[CDH] JSERR TypeError: Cannot read properties of null (reading 'cityId') @ fs://game/bz-map-trix/ui/lenses/layer/bz-religion-layer.js:50 
[2026-10-06 13:07:09]	[CDH] JSERR TypeError: Cannot read properties of null (reading 'cityId') @ fs://game/bz-map-trix/ui/lenses/layer/bz-religion-layer.js:50 
[2026-10-06 13:07:09]	[CDH] JSERR TypeError: Cannot read properties of null (reading 'cityId') @ fs://game/bz-map-trix/ui/lenses/layer/bz-religion-layer.js:50 
[2026-10-06 13:07:09]	[CDH] JSERR TypeError: Cannot read properties of null (reading 'cityId') @ fs://game/bz-map-trix/ui/lenses/layer/bz-religion-layer.js:50 
[2026-10-06 13:07:17]	[CDH] OBS T29: age=AGE_EXPLORATION turn=95 ownerChanges=2 missionaries=4 moved=4 idleWithMoves=0 gone=0 flipsNearMissionary=0 (district 0) onFlipped=0 jsErrors=237 amAuto=true 
[2026-10-06 13:07:17]	[CDH] UNITS T29: ?@66,52 mv=0 ch=2 ?@72,49 mv=0 ch=? q ?@75,49 mv=0 ch=? q ?@66,56 mv=0 ch=? q 
[2026-10-06 13:07:17]	[CDH] INV T29: claims=208 stale=0 localInner=59 district=6 center=0 pending=2 bytes=50223 
[2026-10-06 13:07:17]	[CDH] BUY T29: had 4, bought 2 
[2026-10-06 13:07:25]	[CDH] JSERR Error: Expected this.unit to be non-null. @ fs://game/base-standard/ui/unit-flags/unit-flags.js:348 
[2026-10-06 13:07:26]	[CDH] JSERR Error: Expected this.unit to be non-null. @ fs://game/base-standard/ui/unit-flags/unit-flags.js:348 
[2026-10-06 13:07:29]	[CulturalDiffusion] notify: (94,36) unowned -> player 0 
[2026-10-06 13:07:29]	[CulturalDiffusion] pending 94,36 claim confirmed on the live map 
[2026-10-06 13:07:29]	[CulturalDiffusion] notify: (94,35) unowned -> player 0 
[2026-10-06 13:07:29]	[CulturalDiffusion] pending 94,35 claim confirmed on the live map 
[2026-10-06 13:07:29]	[CulturalDiffusion] inject 92,32 civ=0 culture=172.2 vitality=177.32 strength=168.47 stock=262628.69 cap=336939.88 
[2026-10-06 13:07:29]	[CulturalDiffusion] inject 86,20 civ=0 culture=12 vitality=107.81 strength=25.06 stock=7438.36 cap=50114.51 
[2026-10-06 13:07:29]	[CulturalDiffusion] inject 77,21 civ=0 culture=0 vitality=29.13 strength=0 stock=608.86 cap=0 
[2026-10-06 13:07:29]	[CulturalDiffusion] inject 82,23 civ=0 culture=0.7 vitality=20.59 strength=2.22 stock=725.65 cap=4440.21 
[2026-10-06 13:07:29]	[CulturalDiffusion] inject 93,26 civ=0 culture=11.12 vitality=15.96 strength=12.22 stock=1498.9 cap=24435.41 
[2026-10-06 13:07:29]	[CulturalDiffusion] inject 80,31 civ=0 culture=3 vitality=29.7 strength=6.48 stock=1132.81 cap=12961.56 
[2026-10-06 13:07:29]	[CulturalDiffusion] inject 87,32 civ=0 culture=18 vitality=30.52 strength=20.97 stock=9716.4 cap=41936.21 
[2026-10-06 13:07:29]	[CulturalDiffusion] inject 84,35 civ=0 culture=1 vitality=34.95 strength=3.36 stock=2099.65 cap=6718.47 
[2026-10-06 13:07:29]	[CulturalDiffusion] inject 90,37 civ=0 culture=7.75 vitality=23.94 strength=11.14 stock=5277.4 cap=22274.65 
[2026-10-06 13:07:29]	[CulturalDiffusion] inject 77,36 civ=0 culture=0 vitality=26 strength=0 stock=184.07 cap=0 
[2026-10-06 13:07:29]	[CulturalDiffusion] inject 81,18 civ=0 culture=0.39 vitality=20.89 strength=1.53 stock=242.82 cap=3065.27 
[2026-10-06 13:07:29]	[CulturalDiffusion] inject 79,39 civ=0 culture=0 vitality=27.1 strength=0 stock=1036.08 cap=0 
[2026-10-06 13:07:29]	[CulturalDiffusion] inject 78,13 civ=0 culture=1.2 vitality=12.42 strength=2.64 stock=948.24 cap=5274.82 
[2026-10-06 13:07:29]	[CulturalDiffusion] inject 75,41 civ=0 culture=0.77 vitality=17.75 strength=2.24 stock=312.2 cap=4470.51 
[2026-10-06 13:07:29]	[CulturalDiffusion] inject 75,14 civ=0 culture=0 vitality=13.14 strength=0 stock=1217.72 cap=0 
[2026-10-06 13:07:29]	[CulturalDiffusion] inject 71,44 civ=0 culture=4.34 vitality=29.51 strength=8.22 stock=1528.64 cap=16431.45 
[2026-10-06 13:07:29]	[CulturalDiffusion] inject 71,39 civ=0 culture=0 vitality=6.65 strength=0 stock=565.04 cap=0 
[2026-10-06 13:07:29]	[CulturalDiffusion] inject 71,15 civ=0 culture=0 vitality=32.75 strength=0 stock=923.18 cap=0 
[2026-10-06 13:07:29]	[CulturalDiffusion] inject 72,10 civ=0 culture=5 vitality=23.95 strength=8.38 stock=993.91 cap=16755.26 
[2026-10-06 13:07:29]	[CulturalDiffusion] inject 68,19 civ=0 culture=4 vitality=42.41 strength=8.85 stock=1399.16 cap=17701.96 
[2026-10-06 13:07:29]	[CulturalDiffusion] inject 67,41 civ=0 culture=23.69 vitality=211.64 strength=49.37 stock=25136.77 cap=98732.79 
[2026-10-06 13:07:29]	[CulturalDiffusion] inject 67,35 civ=0 culture=2 vitality=41.55 strength=5.6 stock=745.85 cap=11200.39 
[2026-10-06 13:07:29]	[CulturalDiffusion] inject 71,33 civ=0 culture=0 vitality=30.95 strength=0 stock=1 cap=0 
[2026-10-06 13:07:29]	[CulturalDiffusion] inject 68,30 civ=0 culture=0 vitality=25.3 strength=0 stock=1 cap=0 
[2026-10-06 13:07:29]	[CulturalDiffusion] inject 64,19 civ=0 culture=5 vitality=27.69 strength=8.81 stock=1332.14 cap=17627.35 
[2026-10-06 13:07:29]	[CulturalDiffusion] inject 64,45 civ=0 culture=9 vitality=36.72 strength=14.26 stock=3097.81 cap=28511.86 
[2026-10-06 13:07:29]	[CulturalDiffusion] inject 64,26 civ=0 culture=2 vitality=20.3 strength=4.36 stock=583.32 cap=8716.79 
[2026-10-06 13:07:29]	[CulturalDiffusion] inject 62,32 civ=0 culture=1 vitality=24.75 strength=2.98 stock=390.09 cap=5954.08 
[2026-10-06 13:07:29]	[CulturalDiffusion] inject 64,14 civ=0 culture=14 vitality=49.96 strength=21.16 stock=5252.74 cap=42321.79 
[2026-10-06 13:07:29]	[CulturalDiffusion] inject 60,50 civ=2 culture=13.2 vitality=28.88 strength=14.41 stock=3122 cap=28823.88 
[2026-10-06 13:07:29]	[CulturalDiffusion] inject 67,50 civ=2 culture=2.2 vitality=6.74 strength=2.7 stock=369.96 cap=5402.98 
[2026-10-06 13:07:29]	[CulturalDiffusion] inject 74,52 civ=2 culture=72.6 vitality=45.91 strength=51.33 stock=42440.35 cap=102669.66 
[2026-10-06 13:07:29]	[CulturalDiffusion] inject 83,44 civ=4 culture=11 vitality=23 strength=15.74 stock=7479.32 cap=31487.17 
[2026-10-06 13:07:29]	[CulturalDiffusion] inject 79,47 civ=4 culture=13.2 vitality=36.63 strength=20.86 stock=7683.05 cap=41718.53 
[2026-10-06 13:07:29]	[CulturalDiffusion] inject 75,48 civ=4 culture=16.5 vitality=44.36 strength=25.79 stock=16420.87 cap=51577.02 
[2026-10-06 13:07:29]	[CulturalDiffusion] frontier city=65536 ring=4 best=13184.83 bar=375 over=22/23 center=262628.69 
[2026-10-06 13:07:29]	[CulturalDiffusion] frontier city=131073 ring=4 best=3090.6 bar=375 over=11/24 center=7438.36 
[2026-10-06 13:07:29]	[CulturalDiffusion] frontier city=196610 ring=4 best=3090.6 bar=375 over=14/24 center=608.86 
[2026-10-06 13:07:29]	[CulturalDiffusion] frontier city=262147 ring=4 best=2104.24 bar=375 over=12/24 center=725.65 
[2026-10-06 13:07:29]	[CulturalDiffusion] frontier city=327684 ring=4 best=32174.09 bar=375 over=13/19 center=1498.9 
[2026-10-06 13:07:29]	[CulturalDiffusion] frontier city=393221 ring=4 best=2343.11 bar=375 over=17/24 center=1132.81 
[2026-10-06 13:07:29]	[CulturalDiffusion] frontier city=458758 ring=4 best=181958.92 bar=375 over=22/24 center=9716.4 
[2026-10-06 13:07:29]	[CulturalDiffusion] frontier city=524295 ring=4 best=9716.4 bar=375 over=17/24 center=2099.65 
[2026-10-06 13:07:29]	[CulturalDiffusion] frontier city=589832 ring=4 best=55155.59 bar=375 over=13/24 center=5277.4 
[2026-10-06 13:07:29]	[CulturalDiffusion] frontier city=655369 ring=4 best=3090.6 bar=375 over=6/24 center=184.07 
[2026-10-06 13:07:29]	[CulturalDiffusion] frontier city=720906 ring=4 best=3090.6 bar=375 over=14/24 center=242.82 
[2026-10-06 13:07:29]	[CulturalDiffusion] frontier city=786443 ring=4 best=3090.6 bar=375 over=7/24 center=1036.08 
[2026-10-06 13:07:29]	[CulturalDiffusion] frontier city=851980 ring=4 best=3090.6 bar=375 over=9/24 center=948.24 
[2026-10-06 13:07:29]	[CulturalDiffusion] frontier city=917517 ring=4 best=751.54 bar=375 over=2/24 center=312.2 
[2026-10-06 13:07:29]	[CulturalDiffusion] frontier city=983054 ring=4 best=3090.6 bar=375 over=13/24 center=1217.72 
[2026-10-06 13:07:29]	[CulturalDiffusion] frontier city=1048591 ring=4 best=7012.01 bar=375 over=6/24 center=1528.64 
[2026-10-06 13:07:29]	[CulturalDiffusion] frontier city=1114128 ring=4 best=14024.02 bar=375 over=9/24 center=565.04 
[2026-10-06 13:07:29]	[CulturalDiffusion] frontier city=1179665 ring=4 best=3090.6 bar=375 over=10/24 center=923.18 
[2026-10-06 13:07:29]	[CulturalDiffusion] frontier city=1245202 ring=4 best=738.54 bar=375 over=3/24 center=993.91 
[2026-10-06 13:07:29]	[CulturalDiffusion] frontier city=1310739 ring=4 best=1332.14 bar=375 over=7/24 center=1399.16 
[2026-10-06 13:07:29]	[CulturalDiffusion] frontier city=1376276 ring=4 best=2179.47 bar=375 over=10/24 center=25136.77 
[2026-10-06 13:07:29]	[CulturalDiffusion] frontier city=1441813 ring=4 best=4544.89 bar=375 over=4/24 center=745.85 
[2026-10-06 13:07:29]	[CulturalDiffusion] frontier city=1507350 ring=4 best=393.3 bar=375 over=2/24 center=1 
[2026-10-06 13:07:29]	[CulturalDiffusion] frontier city=1572887 ring=4 best=535.95 bar=375 over=1/24 center=1 
[2026-10-06 13:07:29]	[CulturalDiffusion] frontier city=1638424 ring=4 best=2948.95 bar=375 over=6/24 center=1332.14 
[2026-10-06 13:07:29]	[CulturalDiffusion] frontier city=1703961 ring=4 best=7012.01 bar=375 over=5/24 center=3097.81 
[2026-10-06 13:07:29]	[CulturalDiffusion] frontier city=1769498 ring=4 best=131.35 bar=375 over=0/24 center=583.32 
[2026-10-06 13:07:29]	[CulturalDiffusion] frontier city=1835035 ring=4 best=174.85 bar=375 over=0/24 center=390.09 
[2026-10-06 13:07:29]	[CulturalDiffusion] frontier city=1900572 ring=4 best=158.54 bar=375 over=0/24 center=5252.74 
[2026-10-06 13:07:29]	[CulturalDiffusion] flip 95,31 -> player 0 via purchasePlot sent; pending confirmation next pass (was owner -1) 
[2026-10-06 13:07:29]	[CulturalDiffusion] flip 95,33 -> player 0 via purchasePlot sent; pending confirmation next pass (was owner -1) 
[2026-10-06 13:07:29]	[CulturalDiffusion] flip 95,34 -> player 0 via purchasePlot sent; pending confirmation next pass (was owner -1) 
[2026-10-06 13:07:29]	[CulturalDiffusion] skip flip 70,45: would strand a foreign unit 
[2026-10-06 13:07:29]	[CulturalDiffusion] skip flip 67,44: would strand a foreign unit 
[2026-10-06 13:07:29]	[CulturalDiffusion] state bytes=51473 field=1203 claims=210 locked=48 passMs=68 
[2026-10-06 13:07:29]	[CulturalDiffusion] pass: 0 flip(s), 3 pending, 0 ceded (0 pending), 0 AI flip(s) (0 pending), 0 conquest(s) (0 pending), confirmed 2 claim/0 cede (0 dropped), 0 orphan(s) healed, 0 inner tile(s) released to base game, 1203 active field tile(s) 
[2026-10-06 13:07:29]	[CulturalDiffusion] pass (turn 96): flips=0 field tiles=324 
[2026-10-06 13:07:30]	[CDH] TURN k=30 turn=96 age=AGE_EXPLORATION blocker=NEW_POPULATION 
[2026-10-06 13:07:30]	[CDH] JSERR TypeError: Cannot read properties of null (reading 'cityId') @ fs://game/bz-map-trix/ui/lenses/layer/bz-religion-layer.js:50 
[2026-10-06 13:07:30]	[CDH] JSERR TypeError: Cannot read properties of null (reading 'cityId') @ fs://game/bz-map-trix/ui/lenses/layer/bz-religion-layer.js:50 
[2026-10-06 13:07:31]	[CDH] JSERR TypeError: Cannot read properties of null (reading 'cityId') @ fs://game/bz-map-trix/ui/lenses/layer/bz-religion-layer.js:50 
[2026-10-06 13:07:31]	[CDH] JSERR TypeError: Cannot read properties of null (reading 'cityId') @ fs://game/bz-map-trix/ui/lenses/layer/bz-religion-layer.js:50 
[2026-10-06 13:07:31]	[CDH] JSERR TypeError: Cannot read properties of null (reading 'cityId') @ fs://game/bz-map-trix/ui/lenses/layer/bz-religion-layer.js:50 
[2026-10-06 13:07:39]	[CDH] OBS T30: age=AGE_EXPLORATION turn=96 ownerChanges=3 missionaries=6 moved=6 idleWithMoves=0 gone=0 flipsNearMissionary=0 (district 0) onFlipped=0 jsErrors=244 amAuto=true 
[2026-10-06 13:07:39]	[CDH] UNITS T30: ?@64,41 mv=0 ch=? q ?@66,52 mv=0 ch=1 ?@74,53 mv=0 ch=? q ?@69,41 mv=0 ch=? q ?@77,50 mv=0 ch=? q ?@66,56 mv=0 ch=2 
[2026-10-06 13:07:39]	[CDH] INV T30: claims=210 stale=0 localInner=59 district=6 center=0 pending=3 bytes=51458 
[2026-10-06 13:07:39]	[CDH] SEED T30: 280 frontier tiles seeded, state bytes=53204 
[2026-10-06 13:07:41]	[CDH] JSERR Error: Expected this.unit to be non-null. @ fs://game/base-standard/ui/unit-flags/unit-flags.js:348 
[2026-10-06 13:07:42]	[CDH] JSERR TypeError: Cannot read properties of null (reading 'cityId') @ fs://game/bz-map-trix/ui/lenses/layer/bz-religion-layer.js:50 
[2026-10-06 13:07:42]	[CDH] JSERR Error: Expected this.unit to be non-null. @ fs://game/base-standard/ui/unit-flags/unit-flags.js:348 
[2026-10-06 13:07:44]	[CDH] JSERR Error: Expected this.unit to be non-null. @ fs://game/base-standard/ui/unit-flags/unit-flags.js:348 
[2026-10-06 13:07:48]	[CDH] JSERR Error: Expected this.unit to be non-null. @ fs://game/base-standard/ui/unit-flags/unit-flags.js:348 
[2026-10-06 13:07:51]	[CDH] TURN k=31 turn=97 age=AGE_EXPLORATION blocker=NEW_POPULATION 
[2026-10-06 13:07:51]	[CulturalDiffusion] notify: (95,31) unowned -> player 0 
[2026-10-06 13:07:51]	[CulturalDiffusion] pending 95,31 claim confirmed on the live map 
[2026-10-06 13:07:51]	[CulturalDiffusion] notify: (95,33) unowned -> player 0 
[2026-10-06 13:07:51]	[CulturalDiffusion] pending 95,33 claim confirmed on the live map 
[2026-10-06 13:07:51]	[CulturalDiffusion] notify: (95,34) unowned -> player 0 
[2026-10-06 13:07:51]	[CulturalDiffusion] pending 95,34 claim confirmed on the live map 
[2026-10-06 13:07:51]	[CulturalDiffusion] inject 92,32 civ=0 culture=172.2 vitality=177.32 strength=211.56 stock=291497.39 cap=423127.17 
[2026-10-06 13:07:51]	[CulturalDiffusion] inject 86,20 civ=0 culture=12 vitality=107.81 strength=31.47 stock=8126.52 cap=62933.51 
[2026-10-06 13:07:51]	[CulturalDiffusion] inject 77,21 civ=0 culture=0 vitality=29.13 strength=0 stock=578.25 cap=0 
[2026-10-06 13:07:51]	[CulturalDiffusion] inject 82,23 civ=0 culture=0.7 vitality=20.59 strength=2.79 stock=727.45 cap=5575.99 
[2026-10-06 13:07:51]	[CulturalDiffusion] inject 93,26 civ=0 culture=11.12 vitality=15.96 strength=15.34 stock=1663.01 cap=30685.85 
[2026-10-06 13:07:51]	[CulturalDiffusion] inject 80,31 civ=0 culture=3 vitality=29.7 strength=8.14 stock=1191.25 cap=16277.05 
[2026-10-06 13:07:51]	[CulturalDiffusion] inject 87,32 civ=0 culture=18 vitality=30.52 strength=26.33 stock=10903.88 cap=52663.25 
[2026-10-06 13:07:51]	[CulturalDiffusion] inject 84,35 civ=0 culture=1 vitality=34.95 strength=4.22 stock=2336.47 cap=8437.01 
[2026-10-06 13:07:51]	[CulturalDiffusion] inject 90,37 civ=0 culture=7.75 vitality=23.94 strength=13.99 stock=5897.19 cap=27972.38 
[2026-10-06 13:07:51]	[CulturalDiffusion] inject 77,36 civ=0 culture=0 vitality=26 strength=0 stock=189.89 cap=0 
[2026-10-06 13:07:51]	[CulturalDiffusion] inject 81,18 civ=0 culture=0.39 vitality=20.89 strength=1.92 stock=251.29 cap=3849.34 
[2026-10-06 13:07:51]	[CulturalDiffusion] inject 79,39 civ=0 culture=0 vitality=27.1 strength=0 stock=1002.27 cap=0 
[2026-10-06 13:07:51]	[CulturalDiffusion] inject 78,13 civ=0 culture=1.2 vitality=12.42 strength=3.31 stock=949.33 cap=6624.08 
[2026-10-06 13:07:51]	[CulturalDiffusion] inject 75,41 civ=0 culture=0.77 vitality=17.75 strength=2.81 stock=325.87 cap=5614.04 
[2026-10-06 13:07:51]	[CulturalDiffusion] inject 75,14 civ=0 culture=0 vitality=11.45 strength=0 stock=1156.49 cap=0 
[2026-10-06 13:07:51]	[CulturalDiffusion] inject 71,44 civ=0 culture=4.34 vitality=29.51 strength=10.32 stock=1655.64 cap=20634.51 
[2026-10-06 13:07:51]	[CulturalDiffusion] inject 71,39 civ=0 culture=0 vitality=6.65 strength=0 stock=743.3 cap=0 
[2026-10-06 13:07:51]	[CulturalDiffusion] inject 71,15 civ=0 culture=0 vitality=32.75 strength=0 stock=901.52 cap=0 
[2026-10-06 13:07:51]	[CulturalDiffusion] inject 72,10 civ=0 culture=5 vitality=23.95 strength=10.52 stock=1081.68 cap=21041.16 
[2026-10-06 13:07:51]	[CulturalDiffusion] inject 68,19 civ=0 culture=4 vitality=42.41 strength=11.12 stock=1499.23 cap=22230.02 
[2026-10-06 13:07:51]	[CulturalDiffusion] inject 67,41 civ=0 culture=23.69 vitality=211.64 strength=61.99 stock=27695.64 cap=123988.07 
[2026-10-06 13:07:51]	[CulturalDiffusion] inject 67,35 civ=0 culture=2 vitality=41.55 strength=7.03 stock=791.95 cap=14065.38 
[2026-10-06 13:07:51]	[CulturalDiffusion] inject 71,33 civ=0 culture=0 vitality=30.95 strength=0 stock=1 cap=0 
[2026-10-06 13:07:51]	[CulturalDiffusion] inject 68,30 civ=0 culture=0 vitality=25.3 strength=0 stock=1 cap=0 
[2026-10-06 13:07:51]	[CulturalDiffusion] inject 64,19 civ=0 culture=5 vitality=27.69 strength=11.07 stock=1430.99 cap=22136.33 
[2026-10-06 13:07:51]	[CulturalDiffusion] inject 64,45 civ=0 culture=9 vitality=36.72 strength=17.9 stock=3385.32 cap=35805.03 
[2026-10-06 13:07:51]	[CulturalDiffusion] inject 64,26 civ=0 culture=2 vitality=20.3 strength=5.47 stock=614.35 cap=10946.5 
[2026-10-06 13:07:51]	[CulturalDiffusion] inject 62,32 civ=0 culture=1 vitality=24.75 strength=3.74 stock=408.19 cap=7477.11 
[2026-10-06 13:07:51]	[CulturalDiffusion] inject 64,14 civ=0 culture=14 vitality=49.96 strength=26.57 stock=5745.02 cap=53147.46 
[2026-10-06 13:07:51]	[CulturalDiffusion] inject 60,50 civ=2 culture=13.2 vitality=28.88 strength=14.42 stock=3286.85 cap=28830.52 
[2026-10-06 13:07:51]	[CulturalDiffusion] inject 67,50 civ=2 culture=2.2 vitality=6.74 strength=2.7 stock=380.6 cap=5404.22 
[2026-10-06 13:07:51]	[CulturalDiffusion] inject 74,52 civ=2 culture=72.6 vitality=45.91 strength=51.35 stock=44424.16 cap=102693.3 
[2026-10-06 13:07:51]	[CulturalDiffusion] inject 83,44 civ=4 culture=11 vitality=23 strength=15.6 stock=7636.94 cap=31203.98 
[2026-10-06 13:07:51]	[CulturalDiffusion] inject 79,47 civ=4 culture=13.2 vitality=36.63 strength=20.67 stock=8014.18 cap=41343.33 
[2026-10-06 13:07:51]	[CulturalDiffusion] inject 75,48 civ=4 culture=16.5 vitality=44.36 strength=25.56 stock=16896.19 cap=51113.15 
[2026-10-06 13:07:51]	[CulturalDiffusion] frontier city=65536 ring=4 best=14478.34 bar=375 over=23/23 center=291497.39 
[2026-10-06 13:07:51]	[CulturalDiffusion] frontier city=131073 ring=4 best=3799 bar=375 over=11/24 center=8126.52 
[2026-10-06 13:07:51]	[CulturalDiffusion] frontier city=196610 ring=4 best=3799 bar=375 over=14/24 center=578.25 
[2026-10-06 13:07:51]	[CulturalDiffusion] frontier city=262147 ring=4 best=2246.38 bar=375 over=12/24 center=727.45 
[2026-10-06 13:07:51]	[CulturalDiffusion] frontier city=327684 ring=4 best=35130.67 bar=375 over=13/19 center=1663.01 
[2026-10-06 13:07:51]	[CulturalDiffusion] frontier city=393221 ring=4 best=2807.95 bar=375 over=17/24 center=1191.25 
[2026-10-06 13:07:51]	[CulturalDiffusion] frontier city=458758 ring=4 best=196971.52 bar=375 over=22/24 center=10903.88 
[2026-10-06 13:07:51]	[CulturalDiffusion] frontier city=524295 ring=4 best=10903.88 bar=375 over=17/24 center=2336.47 
[2026-10-06 13:07:51]	[CulturalDiffusion] frontier city=589832 ring=4 best=60224.01 bar=375 over=13/24 center=5897.19 
[2026-10-06 13:07:51]	[CulturalDiffusion] frontier city=655369 ring=4 best=3799 bar=375 over=6/24 center=189.89 
[2026-10-06 13:07:51]	[CulturalDiffusion] frontier city=720906 ring=4 best=3799 bar=375 over=15/24 center=251.29 
[2026-10-06 13:07:51]	[CulturalDiffusion] frontier city=786443 ring=4 best=3799 bar=375 over=7/24 center=1002.27 
[2026-10-06 13:07:51]	[CulturalDiffusion] frontier city=851980 ring=4 best=3799 bar=375 over=9/24 center=949.33 
[2026-10-06 13:07:51]	[CulturalDiffusion] frontier city=917517 ring=4 best=805.35 bar=375 over=2/24 center=325.87 
[2026-10-06 13:07:51]	[CulturalDiffusion] frontier city=983054 ring=4 best=3799 bar=375 over=13/24 center=1156.49 
[2026-10-06 13:07:51]	[CulturalDiffusion] frontier city=1048591 ring=4 best=7541.03 bar=375 over=7/24 center=1655.64 
[2026-10-06 13:07:51]	[CulturalDiffusion] frontier city=1114128 ring=4 best=15082.06 bar=375 over=9/24 center=743.3 
[2026-10-06 13:07:51]	[CulturalDiffusion] frontier city=1179665 ring=4 best=3799 bar=375 over=11/24 center=901.52 
[2026-10-06 13:07:51]	[CulturalDiffusion] frontier city=1245202 ring=4 best=721.22 bar=375 over=2/24 center=1081.68 
[2026-10-06 13:07:51]	[CulturalDiffusion] frontier city=1310739 ring=4 best=1430.99 bar=375 over=7/24 center=1499.23 
[2026-10-06 13:07:51]	[CulturalDiffusion] frontier city=1376276 ring=4 best=2323.36 bar=375 over=11/24 center=27695.64 
[2026-10-06 13:07:51]	[CulturalDiffusion] frontier city=1441813 ring=4 best=4908.41 bar=375 over=5/24 center=791.95 
[2026-10-06 13:07:51]	[CulturalDiffusion] frontier city=1507350 ring=4 best=440.52 bar=375 over=2/24 center=1 
[2026-10-06 13:07:51]	[CulturalDiffusion] frontier city=1572887 ring=4 best=559.39 bar=375 over=1/24 center=1 
[2026-10-06 13:07:51]	[CulturalDiffusion] frontier city=1638424 ring=4 best=3151.64 bar=375 over=6/24 center=1430.99 
[2026-10-06 13:07:51]	[CulturalDiffusion] frontier city=1703961 ring=4 best=7541.03 bar=375 over=5/24 center=3385.32 
[2026-10-06 13:07:51]	[CulturalDiffusion] frontier city=1769498 ring=4 best=135.92 bar=375 over=0/24 center=614.35 
[2026-10-06 13:07:51]	[CulturalDiffusion] frontier city=1835035 ring=4 best=182.28 bar=375 over=0/24 center=408.19 
[2026-10-06 13:07:51]	[CulturalDiffusion] frontier city=1900572 ring=4 best=186.74 bar=375 over=0/24 center=5745.02 
[2026-10-06 13:07:51]	[CulturalDiffusion] flip 65,46 -> player 2 via purchasePlot sent; pending confirmation next pass (was owner 0) 
[2026-10-06 13:07:51]	[CulturalDiffusion] flip 64,47 -> player 2 via purchasePlot sent; pending confirmation next pass (was owner 0) 
[2026-10-06 13:07:51]	[CulturalDiffusion] skip flip 70,45: would strand a foreign unit 
[2026-10-06 13:07:51]	[CulturalDiffusion] skip flip 67,44: would strand a foreign unit 
[2026-10-06 13:07:51]	[CulturalDiffusion] flip 64,44 -> player 2 via purchasePlot sent; pending confirmation next pass (was owner 0) 
[2026-10-06 13:07:51]	[CulturalDiffusion] state bytes=50189 field=1212 claims=213 locked=51 passMs=65 
[2026-10-06 13:07:51]	[CulturalDiffusion] pass: 0 flip(s), 0 pending, 0 ceded (0 pending), 0 AI flip(s) (3 pending), 0 conquest(s) (0 pending), confirmed 3 claim/0 cede (0 dropped), 0 orphan(s) healed, 0 inner tile(s) released to base game, 1212 active field tile(s) 
[2026-10-06 13:07:51]	[CulturalDiffusion] pass (turn 97): flips=0 field tiles=324 
[2026-10-06 13:08:00]	[CDH] OBS T31: age=AGE_EXPLORATION turn=97 ownerChanges=3 missionaries=6 moved=6 idleWithMoves=0 gone=0 flipsNearMissionary=0 (district 0) onFlipped=0 jsErrors=249 amAuto=true 
[2026-10-06 13:08:00]	[CDH] UNITS T31: ?@64,39 mv=0 ch=? q ?@66,51 mv=0 ch=? q ?@75,55 mv=0 ch=? q ?@69,37 mv=0 ch=? q ?@77,51 mv=0 ch=? q ?@66,54 mv=0 ch=? q 
[2026-10-06 13:08:00]	[CDH] INV T31: claims=213 stale=0 localInner=59 district=6 center=0 pending=3 bytes=50174 
[2026-10-06 13:08:02]	[CDH] JSERR Error: Expected this.unit to be non-null. @ fs://game/base-standard/ui/unit-flags/unit-flags.js:348 
[2026-10-06 13:08:02]	[CDH] JSERR Error: Expected this.unit to be non-null. @ fs://game/base-standard/ui/unit-flags/unit-flags.js:348 
[2026-10-06 13:08:07]	[CDH] JSERR Error: Expected this.unit to be non-null. @ fs://game/base-standard/ui/unit-flags/unit-flags.js:348 
[2026-10-06 13:08:10]	[CDH] TURN k=32 turn=98 age=AGE_EXPLORATION blocker=NEW_POPULATION 
[2026-10-06 13:08:11]	[CulturalDiffusion] notify: (65,46) player 0 -> player 2 
[2026-10-06 13:08:11]	[CulturalDiffusion] pending 65,46 claim confirmed on the live map 
[2026-10-06 13:08:11]	[CulturalDiffusion] notify: (64,47) player 0 -> player 2 
[2026-10-06 13:08:11]	[CulturalDiffusion] pending 64,47 claim confirmed on the live map 
[2026-10-06 13:08:11]	[CulturalDiffusion] notify: (64,44) player 0 -> player 2 
[2026-10-06 13:08:11]	[CulturalDiffusion] pending 64,44 claim confirmed on the live map 
[2026-10-06 13:08:11]	[CulturalDiffusion] inject 92,32 civ=0 culture=172.2 vitality=176.8 strength=214.4 stock=321764.45 cap=428809.3 
[2026-10-06 13:08:11]	[CulturalDiffusion] inject 86,20 civ=0 culture=12 vitality=107.29 strength=31.87 stock=8841.83 cap=63735.87 
[2026-10-06 13:08:11]	[CulturalDiffusion] inject 77,21 civ=0 culture=0 vitality=29.13 strength=0 stock=549.17 cap=0 
[2026-10-06 13:08:11]	[CulturalDiffusion] inject 82,23 civ=0 culture=0.7 vitality=20.59 strength=2.83 stock=729.63 cap=5656.73 
[2026-10-06 13:08:11]	[CulturalDiffusion] inject 93,26 civ=0 culture=10.22 vitality=13.58 strength=13.93 stock=1808.8 cap=27851.34 
[2026-10-06 13:08:11]	[CulturalDiffusion] inject 80,31 civ=0 culture=3 vitality=29.7 strength=8.26 stock=1251.06 cap=16512.76 
[2026-10-06 13:08:11]	[CulturalDiffusion] inject 87,32 civ=0 culture=18 vitality=30.52 strength=26.71 stock=11949.09 cap=53425.87 
[2026-10-06 13:08:11]	[CulturalDiffusion] inject 84,35 civ=0 culture=1 vitality=34.95 strength=4.28 stock=2581.26 cap=8559.19 
[2026-10-06 13:08:11]	[CulturalDiffusion] inject 90,37 civ=0 culture=7.75 vitality=23.94 strength=14.19 stock=6464.64 cap=28377.45 
[2026-10-06 13:08:11]	[CulturalDiffusion] inject 77,36 civ=0 culture=0 vitality=26 strength=0 stock=180.96 cap=0 
[2026-10-06 13:08:11]	[CulturalDiffusion] inject 81,18 civ=0 culture=0.39 vitality=20.89 strength=1.95 stock=259.71 cap=3905.09 
[2026-10-06 13:08:11]	[CulturalDiffusion] inject 79,39 civ=0 culture=0 vitality=27.1 strength=0 stock=969.11 cap=0 
[2026-10-06 13:08:11]	[CulturalDiffusion] inject 78,13 civ=0 culture=1.2 vitality=12.42 strength=3.36 stock=966.38 cap=6720.01 
[2026-10-06 13:08:11]	[CulturalDiffusion] inject 75,41 civ=0 culture=0.77 vitality=17.75 strength=2.85 stock=339.5 cap=5695.34 
[2026-10-06 13:08:11]	[CulturalDiffusion] inject 75,14 civ=0 culture=0 vitality=11.45 strength=0 stock=1098.33 cap=0 
[2026-10-06 13:08:11]	[CulturalDiffusion] inject 71,44 civ=0 culture=4.34 vitality=29.51 strength=10.47 stock=1784.28 cap=20933.33 
[2026-10-06 13:08:11]	[CulturalDiffusion] inject 71,39 civ=0 culture=0 vitality=6.65 strength=0 stock=956.59 cap=0 
[2026-10-06 13:08:11]	[CulturalDiffusion] inject 71,15 civ=0 culture=0 vitality=32.75 strength=0 stock=856.21 cap=0 
[2026-10-06 13:08:11]	[CulturalDiffusion] inject 72,10 civ=0 culture=5 vitality=23.95 strength=10.67 stock=1172.54 cap=21345.86 
[2026-10-06 13:08:11]	[CulturalDiffusion] inject 68,19 civ=0 culture=4 vitality=42.41 strength=11.28 stock=1602.36 cap=22551.93 
[2026-10-06 13:08:11]	[CulturalDiffusion] inject 67,41 civ=0 culture=23.69 vitality=211.64 strength=62.89 stock=30373.5 cap=125783.56 
[2026-10-06 13:08:11]	[CulturalDiffusion] inject 67,35 civ=0 culture=2 vitality=41.55 strength=7.13 stock=839.11 cap=14269.06 
[2026-10-06 13:08:11]	[CulturalDiffusion] inject 71,33 civ=0 culture=0 vitality=30.95 strength=0 stock=1 cap=0 
[2026-10-06 13:08:11]	[CulturalDiffusion] inject 68,30 civ=0 culture=0 vitality=25.3 strength=0 stock=1 cap=0 
[2026-10-06 13:08:11]	[CulturalDiffusion] inject 64,19 civ=0 culture=5 vitality=27.69 strength=11.23 stock=1532.95 cap=22456.89 
[2026-10-06 13:08:11]	[CulturalDiffusion] inject 64,45 civ=0 culture=9 vitality=36.72 strength=18.16 stock=3678.85 cap=36323.53 
[2026-10-06 13:08:11]	[CulturalDiffusion] inject 64,26 civ=0 culture=2 vitality=20.3 strength=5.55 stock=645.93 cap=11105.02 
[2026-10-06 13:08:11]	[CulturalDiffusion] inject 62,32 civ=0 culture=1 vitality=24.75 strength=3.79 stock=426.45 cap=7585.38 
[2026-10-06 13:08:11]	[CulturalDiffusion] inject 64,14 civ=0 culture=14 vitality=50.46 strength=27.05 stock=6260.92 cap=54105.35 
[2026-10-06 13:08:11]	[CulturalDiffusion] inject 60,50 civ=2 culture=13.2 vitality=28.88 strength=14.37 stock=3450.5 cap=28732.86 
[2026-10-06 13:08:11]	[CulturalDiffusion] inject 67,50 civ=2 culture=2.2 vitality=6.74 strength=2.69 stock=390.91 cap=5385.91 
[2026-10-06 13:08:11]	[CulturalDiffusion] inject 74,52 civ=2 culture=72.6 vitality=45.91 strength=51.17 stock=46389.23 cap=102345.43 
[2026-10-06 13:08:11]	[CulturalDiffusion] inject 83,44 civ=4 culture=11 vitality=23 strength=15.51 stock=7788.94 cap=31014.2 
[2026-10-06 13:08:11]	[CulturalDiffusion] inject 79,47 civ=4 culture=13.2 vitality=36.63 strength=20.55 stock=8339.13 cap=41091.87 
[2026-10-06 13:08:11]	[CulturalDiffusion] inject 75,48 civ=4 culture=16.5 vitality=41.8 strength=24.88 stock=17330.77 cap=49756.2 
[2026-10-06 13:08:11]	[CulturalDiffusion] frontier city=65536 ring=4 best=15808.8 bar=375 over=23/23 center=321764.45 
[2026-10-06 13:08:11]	[CulturalDiffusion] frontier city=131073 ring=4 best=3608.05 bar=375 over=11/24 center=8841.83 
[2026-10-06 13:08:11]	[CulturalDiffusion] frontier city=196610 ring=4 best=3608.05 bar=375 over=14/24 center=549.17 
[2026-10-06 13:08:11]	[CulturalDiffusion] frontier city=262147 ring=4 best=2454.21 bar=375 over=12/24 center=729.63 
[2026-10-06 13:08:11]	[CulturalDiffusion] frontier city=327684 ring=4 best=38211.37 bar=375 over=13/19 center=1808.8 
[2026-10-06 13:08:11]	[CulturalDiffusion] frontier city=393221 ring=4 best=2735.28 bar=375 over=18/24 center=1251.06 
[2026-10-06 13:08:11]	[CulturalDiffusion] frontier city=458758 ring=4 best=218623.04 bar=375 over=21/24 center=11949.09 
[2026-10-06 13:08:11]	[CulturalDiffusion] frontier city=524295 ring=4 best=11949.09 bar=375 over=17/24 center=2581.26 
[2026-10-06 13:08:11]	[CulturalDiffusion] frontier city=589832 ring=4 best=65505.21 bar=375 over=13/24 center=6464.64 
[2026-10-06 13:08:11]	[CulturalDiffusion] frontier city=655369 ring=4 best=3608.05 bar=375 over=6/24 center=180.96 
[2026-10-06 13:08:11]	[CulturalDiffusion] frontier city=720906 ring=4 best=3608.05 bar=375 over=15/24 center=259.71 
[2026-10-06 13:08:11]	[CulturalDiffusion] frontier city=786443 ring=4 best=3608.05 bar=375 over=7/24 center=969.11 
[2026-10-06 13:08:11]	[CulturalDiffusion] frontier city=851980 ring=4 best=3608.05 bar=375 over=10/24 center=966.38 
[2026-10-06 13:08:11]	[CulturalDiffusion] frontier city=917517 ring=4 best=859.86 bar=375 over=2/24 center=339.5 
[2026-10-06 13:08:11]	[CulturalDiffusion] frontier city=983054 ring=4 best=3608.05 bar=375 over=13/24 center=1098.33 
[2026-10-06 13:08:11]	[CulturalDiffusion] frontier city=1048591 ring=4 best=8308.69 bar=375 over=7/24 center=1784.28 
[2026-10-06 13:08:11]	[CulturalDiffusion] frontier city=1114128 ring=4 best=16617.38 bar=375 over=10/24 center=956.59 
[2026-10-06 13:08:11]	[CulturalDiffusion] frontier city=1179665 ring=4 best=3608.05 bar=375 over=11/24 center=856.21 
[2026-10-06 13:08:11]	[CulturalDiffusion] frontier city=1245202 ring=4 best=684.97 bar=375 over=2/24 center=1172.54 
[2026-10-06 13:08:11]	[CulturalDiffusion] frontier city=1310739 ring=4 best=1532.95 bar=375 over=7/24 center=1602.36 
[2026-10-06 13:08:11]	[CulturalDiffusion] frontier city=1376276 ring=4 best=2538.99 bar=375 over=12/24 center=30373.5 
[2026-10-06 13:08:11]	[CulturalDiffusion] frontier city=1441813 ring=4 best=5278.72 bar=375 over=5/24 center=839.11 
[2026-10-06 13:08:11]	[CulturalDiffusion] frontier city=1507350 ring=4 best=477.21 bar=375 over=2/24 center=1 
[2026-10-06 13:08:11]	[CulturalDiffusion] frontier city=1572887 ring=4 best=593.96 bar=375 over=1/24 center=1 
[2026-10-06 13:08:11]	[CulturalDiffusion] frontier city=1638424 ring=4 best=3447.01 bar=375 over=6/24 center=1532.95 
[2026-10-06 13:08:11]	[CulturalDiffusion] frontier city=1703961 ring=4 best=8308.69 bar=375 over=6/24 center=3678.85 
[2026-10-06 13:08:11]	[CulturalDiffusion] frontier city=1769498 ring=4 best=140.43 bar=375 over=0/24 center=645.93 
[2026-10-06 13:08:11]	[CulturalDiffusion] frontier city=1835035 ring=4 best=189.81 bar=375 over=0/24 center=426.45 
[2026-10-06 13:08:11]	[CulturalDiffusion] frontier city=1900572 ring=4 best=220.55 bar=375 over=0/24 center=6260.92 
[2026-10-06 13:08:11]	[CulturalDiffusion] flip 86,39 -> player 0 via purchasePlot sent; pending confirmation next pass (was owner 4) 
[2026-10-06 13:08:11]	[CulturalDiffusion] skip flip 70,45: would strand a foreign unit 
[2026-10-06 13:08:11]	[CulturalDiffusion] skip flip 67,44: would strand a foreign unit 
[2026-10-06 13:08:11]	[CulturalDiffusion] state bytes=50759 field=1220 claims=216 locked=43 passMs=66 
[2026-10-06 13:08:11]	[CulturalDiffusion] pass: 0 flip(s), 1 pending, 0 ceded (0 pending), 0 AI flip(s) (0 pending), 0 conquest(s) (0 pending), confirmed 3 claim/0 cede (0 dropped), 0 orphan(s) healed, 0 inner tile(s) released to base game, 1220 active field tile(s) 
[2026-10-06 13:08:11]	[CulturalDiffusion] pass (turn 98): flips=0 field tiles=328 
[2026-10-06 13:08:13]	[CDH] JSERR TypeError: Cannot read properties of null (reading 'cityId') @ fs://game/bz-map-trix/ui/lenses/layer/bz-religion-layer.js:50 
[2026-10-06 13:08:19]	[CDH] OBS T32: age=AGE_EXPLORATION turn=98 ownerChanges=1 missionaries=6 moved=6 idleWithMoves=0 gone=0 flipsNearMissionary=0 (district 0) onFlipped=0 jsErrors=253 amAuto=true 
[2026-10-06 13:08:19]	[CDH] UNITS T32: ?@65,37 mv=0 ch=? q ?@66,49 mv=0 ch=? q ?@76,57 mv=0 ch=? q ?@68,33 mv=0 ch=? q ?@78,53 mv=0 ch=2 ?@67,52 mv=0 ch=? q 
[2026-10-06 13:08:19]	[CDH] INV T32: claims=216 stale=1 localInner=62 district=6 center=0 pending=1 bytes=50744 
[2026-10-06 13:08:22]	[CDH] JSERR Error: Expected this.unit to be non-null. @ fs://game/base-standard/ui/unit-flags/unit-flags.js:348 
[2026-10-06 13:08:22]	[CDH] JSERR Error: Expected this.unit to be non-null. @ fs://game/base-standard/ui/unit-flags/unit-flags.js:348 
[2026-10-06 13:08:22]	[CDH] JSERR Error: Expected this.unit to be non-null. @ fs://game/base-standard/ui/unit-flags/unit-flags.js:348 
[2026-10-06 13:08:23]	[CDH] JSERR TypeError: Cannot read properties of null (reading 'cityId') @ fs://game/bz-map-trix/ui/lenses/layer/bz-religion-layer.js:50 
[2026-10-06 13:08:23]	[CDH] JSERR TypeError: Cannot read properties of null (reading 'cityId') @ fs://game/bz-map-trix/ui/lenses/layer/bz-religion-layer.js:50 
[2026-10-06 13:08:23]	[CDH] JSERR TypeError: Cannot read properties of null (reading 'cityId') @ fs://game/bz-map-trix/ui/lenses/layer/bz-religion-layer.js:50 
[2026-10-06 13:08:23]	[CDH] JSERR TypeError: Cannot read properties of null (reading 'cityId') @ fs://game/bz-map-trix/ui/lenses/layer/bz-religion-layer.js:50 
[2026-10-06 13:08:29]	[CDH] JSERR Error: Expected this.unit to be non-null. @ fs://game/base-standard/ui/unit-flags/unit-flags.js:348 
[2026-10-06 13:08:31]	[CDH] TURN k=33 turn=99 age=AGE_EXPLORATION blocker=NEW_POPULATION 
[2026-10-06 13:08:31]	[CulturalDiffusion] notify: (86,39) player 4 -> player 0 
[2026-10-06 13:08:31]	[CulturalDiffusion] pending 86,39 claim confirmed on the live map 
[2026-10-06 13:08:31]	[CulturalDiffusion] inject 92,32 civ=0 culture=172.2 vitality=176.8 strength=218.56 stock=353701.83 cap=437126.07 
[2026-10-06 13:08:31]	[CulturalDiffusion] inject 86,20 civ=0 culture=12 vitality=107.29 strength=32.49 stock=9591.81 cap=64972.03 
[2026-10-06 13:08:31]	[CulturalDiffusion] inject 77,21 civ=0 culture=0 vitality=29.13 strength=0 stock=668.1 cap=0 
[2026-10-06 13:08:31]	[CulturalDiffusion] inject 82,23 civ=0 culture=0.7 vitality=20.59 strength=2.88 stock=740.05 cap=5766.45 
[2026-10-06 13:08:31]	[CulturalDiffusion] inject 93,26 civ=0 culture=10.22 vitality=13.58 strength=14.2 stock=1961.19 cap=28391.52 
[2026-10-06 13:08:31]	[CulturalDiffusion] inject 80,31 civ=0 culture=3 vitality=29.7 strength=8.42 stock=1312.8 cap=16833.03 
[2026-10-06 13:08:31]	[CulturalDiffusion] inject 87,32 civ=0 culture=18 vitality=30.52 strength=27.23 stock=13019.46 cap=54462.07 
[2026-10-06 13:08:31]	[CulturalDiffusion] inject 84,35 civ=0 culture=1 vitality=34.95 strength=4.36 stock=2876.15 cap=8725.2 
[2026-10-06 13:08:31]	[CulturalDiffusion] inject 90,37 civ=0 culture=7.75 vitality=23.94 strength=14.46 stock=7047.41 cap=28927.83 
[2026-10-06 13:08:31]	[CulturalDiffusion] inject 77,36 civ=0 culture=0 vitality=26 strength=0 stock=172.65 cap=0 
[2026-10-06 13:08:31]	[CulturalDiffusion] inject 81,18 civ=0 culture=0.39 vitality=20.89 strength=1.99 stock=268.15 cap=3980.83 
[2026-10-06 13:08:31]	[CulturalDiffusion] inject 79,39 civ=0 culture=0 vitality=27.1 strength=0 stock=936.62 cap=0 
[2026-10-06 13:08:31]	[CulturalDiffusion] inject 78,13 civ=0 culture=1.2 vitality=12.42 strength=3.43 stock=968.3 cap=6850.34 
[2026-10-06 13:08:31]	[CulturalDiffusion] inject 75,41 civ=0 culture=0.77 vitality=17.75 strength=2.9 stock=353.2 cap=5805.8 
[2026-10-06 13:08:31]	[CulturalDiffusion] inject 75,14 civ=0 culture=0 vitality=11.45 strength=0 stock=1312.96 cap=0 
[2026-10-06 13:08:31]	[CulturalDiffusion] inject 71,44 civ=0 culture=4.34 vitality=29.51 strength=10.67 stock=1915.49 cap=21339.33 
[2026-10-06 13:08:31]	[CulturalDiffusion] inject 71,39 civ=0 culture=0 vitality=6.65 strength=0 stock=1205.7 cap=0 
[2026-10-06 13:08:31]	[CulturalDiffusion] inject 71,15 civ=0 culture=0 vitality=32.75 strength=0 stock=855.44 cap=0 
[2026-10-06 13:08:31]	[CulturalDiffusion] inject 72,10 civ=0 culture=5 vitality=23.95 strength=10.88 stock=1267.2 cap=21759.86 
[2026-10-06 13:08:31]	[CulturalDiffusion] inject 68,19 civ=0 culture=4 vitality=42.41 strength=11.49 stock=1709.45 cap=22989.33 
[2026-10-06 13:08:31]	[CulturalDiffusion] inject 67,41 civ=0 culture=23.69 vitality=211.64 strength=64.11 stock=33191.25 cap=128223.13 
[2026-10-06 13:08:31]	[CulturalDiffusion] inject 67,35 civ=0 culture=2 vitality=41.55 strength=7.27 stock=887.75 cap=14545.81 
[2026-10-06 13:08:31]	[CulturalDiffusion] inject 71,33 civ=0 culture=0 vitality=30.95 strength=0 stock=1 cap=0 
[2026-10-06 13:08:31]	[CulturalDiffusion] inject 68,30 civ=0 culture=0 vitality=25.3 strength=0 stock=1 cap=0 
[2026-10-06 13:08:31]	[CulturalDiffusion] inject 64,19 civ=0 culture=5 vitality=27.69 strength=11.45 stock=1638.87 cap=22892.44 
[2026-10-06 13:08:31]	[CulturalDiffusion] inject 64,45 civ=0 culture=9 vitality=36.72 strength=18.51 stock=3980.59 cap=37028.03 
[2026-10-06 13:08:31]	[CulturalDiffusion] inject 64,26 civ=0 culture=2 vitality=20.3 strength=5.66 stock=678.35 cap=11320.4 
[2026-10-06 13:08:31]	[CulturalDiffusion] inject 62,32 civ=0 culture=1 vitality=24.75 strength=3.87 stock=445.05 cap=7732.5 
[2026-10-06 13:08:31]	[CulturalDiffusion] inject 64,14 civ=0 culture=14 vitality=50.46 strength=27.58 stock=6801.99 cap=55154.72 
[2026-10-06 13:08:31]	[CulturalDiffusion] inject 60,50 civ=2 culture=13.2 vitality=28.88 strength=14.48 stock=3616.44 cap=28963.51 
[2026-10-06 13:08:31]	[CulturalDiffusion] inject 67,50 civ=2 culture=2.2 vitality=6.74 strength=2.71 stock=401.15 cap=5429.15 
[2026-10-06 13:08:31]	[CulturalDiffusion] inject 74,52 civ=2 culture=72.6 vitality=45.91 strength=51.58 stock=48381.7 cap=103166.98 
[2026-10-06 13:08:31]	[CulturalDiffusion] inject 83,44 civ=4 culture=11 vitality=25.5 strength=16.24 stock=7963.51 cap=32474.74 
[2026-10-06 13:08:31]	[CulturalDiffusion] inject 79,47 civ=4 culture=13.2 vitality=39.13 strength=21.24 stock=8686.3 cap=42470.92 
[2026-10-06 13:08:31]	[CulturalDiffusion] inject 75,48 civ=4 culture=16.5 vitality=44.3 strength=25.64 stock=17797.57 cap=51283.32 
[2026-10-06 13:08:31]	[CulturalDiffusion] frontier city=65536 ring=4 best=17195.12 bar=375 over=23/23 center=353701.83 
[2026-10-06 13:08:31]	[CulturalDiffusion] frontier city=131073 ring=4 best=3426.65 bar=375 over=11/24 center=9591.81 
[2026-10-06 13:08:31]	[CulturalDiffusion] frontier city=196610 ring=4 best=3426.65 bar=375 over=14/24 center=668.1 
[2026-10-06 13:08:31]	[CulturalDiffusion] frontier city=262147 ring=4 best=2670.23 bar=375 over=12/24 center=740.05 
[2026-10-06 13:08:31]	[CulturalDiffusion] frontier city=327684 ring=4 best=41364.02 bar=375 over=13/19 center=1961.19 
[2026-10-06 13:08:31]	[CulturalDiffusion] frontier city=393221 ring=4 best=2597.8 bar=375 over=18/24 center=1312.8 
[2026-10-06 13:08:31]	[CulturalDiffusion] frontier city=458758 ring=4 best=241323.34 bar=375 over=21/24 center=13019.46 
[2026-10-06 13:08:31]	[CulturalDiffusion] frontier city=524295 ring=4 best=13019.46 bar=375 over=17/24 center=2876.15 
[2026-10-06 13:08:31]	[CulturalDiffusion] frontier city=589832 ring=4 best=70909.75 bar=375 over=13/24 center=7047.41 
[2026-10-06 13:08:31]	[CulturalDiffusion] frontier city=655369 ring=4 best=3426.65 bar=375 over=6/24 center=172.65 
[2026-10-06 13:08:31]	[CulturalDiffusion] frontier city=720906 ring=4 best=3426.65 bar=375 over=15/24 center=268.15 
[2026-10-06 13:08:31]	[CulturalDiffusion] frontier city=786443 ring=4 best=3426.65 bar=375 over=7/24 center=936.62 
[2026-10-06 13:08:31]	[CulturalDiffusion] frontier city=851980 ring=4 best=3426.65 bar=375 over=10/24 center=968.3 
[2026-10-06 13:08:31]	[CulturalDiffusion] frontier city=917517 ring=4 best=931.3 bar=375 over=2/24 center=353.2 
[2026-10-06 13:08:31]	[CulturalDiffusion] frontier city=983054 ring=4 best=3426.65 bar=375 over=13/24 center=1312.96 
[2026-10-06 13:08:31]	[CulturalDiffusion] frontier city=1048591 ring=4 best=9112.05 bar=375 over=7/24 center=1915.49 
[2026-10-06 13:08:31]	[CulturalDiffusion] frontier city=1114128 ring=4 best=18224.1 bar=375 over=10/24 center=1205.7 
[2026-10-06 13:08:31]	[CulturalDiffusion] frontier city=1179665 ring=4 best=3426.65 bar=375 over=11/24 center=855.44 
[2026-10-06 13:08:31]	[CulturalDiffusion] frontier city=1245202 ring=4 best=684.35 bar=375 over=2/24 center=1267.2 
[2026-10-06 13:08:31]	[CulturalDiffusion] frontier city=1310739 ring=4 best=1638.87 bar=375 over=7/24 center=1709.45 
[2026-10-06 13:08:31]	[CulturalDiffusion] frontier city=1376276 ring=4 best=2759.14 bar=375 over=13/24 center=33191.25 
[2026-10-06 13:08:31]	[CulturalDiffusion] frontier city=1441813 ring=4 best=5816.08 bar=375 over=5/24 center=887.75 
[2026-10-06 13:08:31]	[CulturalDiffusion] frontier city=1507350 ring=4 best=515.38 bar=375 over=2/24 center=1 
[2026-10-06 13:08:31]	[CulturalDiffusion] frontier city=1572887 ring=4 best=629.33 bar=375 over=1/24 center=1 
[2026-10-06 13:08:31]	[CulturalDiffusion] frontier city=1638424 ring=4 best=3756.55 bar=375 over=6/24 center=1638.87 
[2026-10-06 13:08:31]	[CulturalDiffusion] frontier city=1703961 ring=4 best=9112.05 bar=375 over=6/24 center=3980.59 
[2026-10-06 13:08:31]	[CulturalDiffusion] frontier city=1769498 ring=4 best=165.59 bar=375 over=0/24 center=678.35 
[2026-10-06 13:08:31]	[CulturalDiffusion] frontier city=1835035 ring=4 best=196.87 bar=375 over=0/24 center=445.05 
[2026-10-06 13:08:31]	[CulturalDiffusion] frontier city=1900572 ring=4 best=252.15 bar=375 over=0/24 center=6801.99 
[2026-10-06 13:08:31]	[CulturalDiffusion] skip flip 70,45: would strand a foreign unit 
[2026-10-06 13:08:31]	[CulturalDiffusion] skip flip 67,44: would strand a foreign unit 
[2026-10-06 13:08:31]	[CulturalDiffusion] state bytes=51901 field=1226 claims=216 locked=41 passMs=64 
[2026-10-06 13:08:31]	[CulturalDiffusion] pass: 0 flip(s), 0 pending, 0 ceded (0 pending), 0 AI flip(s) (0 pending), 0 conquest(s) (0 pending), confirmed 1 claim/0 cede (0 dropped), 0 orphan(s) healed, 0 inner tile(s) released to base game, 1226 active field tile(s) 
[2026-10-06 13:08:31]	[CulturalDiffusion] pass (turn 99): flips=0 field tiles=329 
[2026-10-06 13:08:40]	[CDH] OBS T33: age=AGE_EXPLORATION turn=99 ownerChanges=0 missionaries=6 moved=6 idleWithMoves=0 gone=0 flipsNearMissionary=0 (district 0) onFlipped=0 jsErrors=261 amAuto=true 
[2026-10-06 13:08:40]	[CDH] UNITS T33: ?@66,35 mv=0 ch=? q ?@65,48 mv=0 ch=? q ?@78,57 mv=0 ch=? q ?@66,29 mv=0 ch=? q ?@79,53 mv=0 ch=? q ?@70,51 mv=0 ch=? q 
[2026-10-06 13:08:40]	[CDH] INV T33: claims=216 stale=0 localInner=62 district=6 center=0 pending=0 bytes=51886 
[2026-10-06 13:08:42]	[CDH] JSERR Error: Expected this.unit to be non-null. @ fs://game/base-standard/ui/unit-flags/unit-flags.js:348 
[2026-10-06 13:08:42]	[CDH] JSERR Error: Expected this.unit to be non-null. @ fs://game/base-standard/ui/unit-flags/unit-flags.js:348 
[2026-10-06 13:08:42]	[CDH] JSERR TypeError: Cannot read properties of null (reading 'cityId') @ fs://game/bz-map-trix/ui/lenses/layer/bz-religion-layer.js:50 
[2026-10-06 13:08:42]	[CDH] JSERR TypeError: Cannot read properties of null (reading 'cityId') @ fs://game/bz-map-trix/ui/lenses/layer/bz-religion-layer.js:50 
[2026-10-06 13:08:42]	[CDH] JSERR TypeError: Cannot read properties of null (reading 'cityId') @ fs://game/bz-map-trix/ui/lenses/layer/bz-religion-layer.js:50 
[2026-10-06 13:08:42]	[CDH] JSERR TypeError: Cannot read properties of null (reading 'cityId') @ fs://game/bz-map-trix/ui/lenses/layer/bz-religion-layer.js:50 
[2026-10-06 13:08:42]	[CDH] JSERR TypeError: Cannot read properties of null (reading 'cityId') @ fs://game/bz-map-trix/ui/lenses/layer/bz-religion-layer.js:50 
[2026-10-06 13:08:42]	[CDH] JSERR TypeError: Cannot read properties of null (reading 'cityId') @ fs://game/bz-map-trix/ui/lenses/layer/bz-religion-layer.js:50 
[2026-10-06 13:08:43]	[CDH] JSERR TypeError: Cannot read properties of null (reading 'cityId') @ fs://game/bz-map-trix/ui/lenses/layer/bz-religion-layer.js:50 
[2026-10-06 13:08:43]	[CDH] JSERR TypeError: Cannot read properties of null (reading 'cityId') @ fs://game/bz-map-trix/ui/lenses/layer/bz-religion-layer.js:50 
[2026-10-06 13:08:48]	[CDH] JSERR Error: Expected this.unit to be non-null. @ fs://game/base-standard/ui/unit-flags/unit-flags.js:348 
[2026-10-06 13:08:51]	[CulturalDiffusion] inject 92,32 civ=0 culture=172.2 vitality=176.8 strength=218.56 stock=386368.96 cap=437126.07 
[2026-10-06 13:08:51]	[CulturalDiffusion] inject 86,20 civ=0 culture=12 vitality=107.29 strength=32.49 stock=10353.45 cap=64972.03 
[2026-10-06 13:08:51]	[CulturalDiffusion] inject 77,21 civ=0 culture=0 vitality=29.13 strength=0 stock=641.08 cap=0 
[2026-10-06 13:08:51]	[CulturalDiffusion] inject 82,23 civ=0 culture=0.7 vitality=20.59 strength=2.88 stock=742.43 cap=5766.45 
[2026-10-06 13:08:51]	[CulturalDiffusion] inject 93,26 civ=0 culture=10.22 vitality=13.58 strength=14.2 stock=2115.61 cap=28391.52 
[2026-10-06 13:08:51]	[CulturalDiffusion] inject 80,31 civ=0 culture=3 vitality=29.7 strength=8.42 stock=1374.27 cap=16833.03 
[2026-10-06 13:08:51]	[CulturalDiffusion] inject 87,32 civ=0 culture=18 vitality=30.52 strength=27.23 stock=14109.73 cap=54462.07 
[2026-10-06 13:08:51]	[CulturalDiffusion] inject 84,35 civ=0 culture=1 vitality=34.95 strength=4.36 stock=3176.31 cap=8725.2 
[2026-10-06 13:08:51]	[CulturalDiffusion] inject 90,37 civ=0 culture=7.75 vitality=23.94 strength=14.46 stock=7644.9 cap=28927.83 
[2026-10-06 13:08:51]	[CulturalDiffusion] inject 77,36 civ=0 culture=0 vitality=26 strength=0 stock=164.8 cap=0 
[2026-10-06 13:08:51]	[CulturalDiffusion] inject 81,18 civ=0 culture=0.39 vitality=20.89 strength=1.99 stock=276.37 cap=3980.83 
[2026-10-06 13:08:51]	[CulturalDiffusion] inject 79,39 civ=0 culture=0 vitality=27.1 strength=0 stock=1002.17 cap=0 
[2026-10-06 13:08:51]	[CulturalDiffusion] inject 78,13 civ=0 culture=1.2 vitality=12.42 strength=3.43 stock=970.17 cap=6850.34 
[2026-10-06 13:08:51]	[CulturalDiffusion] inject 75,41 civ=0 culture=0.77 vitality=17.75 strength=2.9 stock=366.58 cap=5805.8 
[2026-10-06 13:08:51]	[CulturalDiffusion] inject 75,14 civ=0 culture=0 vitality=11.45 strength=0 stock=1282.16 cap=0 
[2026-10-06 13:08:51]	[CulturalDiffusion] inject 71,44 civ=0 culture=4.34 vitality=29.51 strength=10.67 stock=2045.89 cap=21339.33 
[2026-10-06 13:08:51]	[CulturalDiffusion] inject 71,39 civ=0 culture=0 vitality=6.65 strength=0 stock=1491.48 cap=0 
[2026-10-06 13:08:51]	[CulturalDiffusion] inject 71,15 civ=0 culture=0 vitality=32.75 strength=0 stock=854.78 cap=0 
[2026-10-06 13:08:51]	[CulturalDiffusion] inject 72,10 civ=0 culture=5 vitality=23.95 strength=10.88 stock=1362.84 cap=21759.86 
[2026-10-06 13:08:51]	[CulturalDiffusion] inject 68,19 civ=0 culture=4 vitality=42.41 strength=11.49 stock=1817.04 cap=22989.33 
[2026-10-06 13:08:51]	[CulturalDiffusion] inject 67,41 civ=0 culture=23.69 vitality=211.64 strength=64.11 stock=36064.39 cap=128223.13 
[2026-10-06 13:08:51]	[CulturalDiffusion] inject 67,35 civ=0 culture=2 vitality=44.25 strength=7.43 stock=938.16 cap=14869.89 
[2026-10-06 13:08:51]	[CulturalDiffusion] inject 71,33 civ=0 culture=0 vitality=30.95 strength=0 stock=1 cap=0 
[2026-10-06 13:08:51]	[CulturalDiffusion] inject 68,30 civ=0 culture=0 vitality=25.3 strength=0 stock=12.68 cap=0 
[2026-10-06 13:08:51]	[CulturalDiffusion] inject 64,19 civ=0 culture=5 vitality=27.69 strength=11.45 stock=1745.39 cap=22892.44 
[2026-10-06 13:08:51]	[CulturalDiffusion] inject 64,45 civ=0 culture=9 vitality=36.72 strength=18.51 stock=4282.13 cap=37028.03 
[2026-10-06 13:08:51]	[CulturalDiffusion] inject 64,26 civ=0 culture=2 vitality=20.3 strength=5.66 stock=710.53 cap=11320.4 
[2026-10-06 13:08:51]	[CulturalDiffusion] inject 62,32 civ=0 culture=1 vitality=24.75 strength=3.87 stock=463.39 cap=7732.5 
[2026-10-06 13:08:51]	[CulturalDiffusion] inject 64,14 civ=0 culture=14 vitality=50.46 strength=27.58 stock=7351.77 cap=55154.72 
[2026-10-06 13:08:51]	[CulturalDiffusion] inject 60,50 civ=2 culture=13.2 vitality=28.88 strength=14.57 stock=3783.88 cap=29132.7 
[2026-10-06 13:08:51]	[CulturalDiffusion] inject 67,50 civ=2 culture=2.2 vitality=6.74 strength=2.73 stock=411.28 cap=5460.86 
[2026-10-06 13:08:51]	[CulturalDiffusion] inject 74,52 civ=2 culture=72.6 vitality=45.75 strength=51.82 stock=50386.09 cap=103638.77 
[2026-10-06 13:08:51]	[CulturalDiffusion] inject 83,44 civ=4 culture=11 vitality=27.94 strength=16.9 stock=8158.53 cap=33806.16 
[2026-10-06 13:08:51]	[CulturalDiffusion] inject 79,47 civ=4 culture=13.2 vitality=39.62 strength=21.5 stock=9041.05 cap=43006.52 
[2026-10-06 13:08:51]	[CulturalDiffusion] inject 75,48 civ=4 culture=16.5 vitality=40.88 strength=25.13 stock=18231.32 cap=50266.52 
[2026-10-06 13:08:51]	[CulturalDiffusion] frontier city=65536 ring=4 best=18613.81 bar=375 over=23/23 center=386368.96 
[2026-10-06 13:08:51]	[CulturalDiffusion] frontier city=131073 ring=4 best=3254.32 bar=375 over=11/24 center=10353.45 
[2026-10-06 13:08:51]	[CulturalDiffusion] frontier city=196610 ring=4 best=3254.32 bar=375 over=14/24 center=641.08 
[2026-10-06 13:08:51]	[CulturalDiffusion] frontier city=262147 ring=4 best=2896.73 bar=375 over=12/24 center=742.43 
[2026-10-06 13:08:51]	[CulturalDiffusion] frontier city=327684 ring=4 best=45910.84 bar=375 over=13/19 center=2115.61 
[2026-10-06 13:08:51]	[CulturalDiffusion] frontier city=393221 ring=4 best=2467.19 bar=375 over=18/24 center=1374.27 
[2026-10-06 13:08:51]	[CulturalDiffusion] frontier city=458758 ring=4 best=265276.37 bar=375 over=22/24 center=14109.73 
[2026-10-06 13:08:51]	[CulturalDiffusion] frontier city=524295 ring=4 best=14109.73 bar=375 over=18/24 center=3176.31 
[2026-10-06 13:08:51]	[CulturalDiffusion] frontier city=589832 ring=4 best=78704.3 bar=375 over=13/24 center=7644.9 
[2026-10-06 13:08:51]	[CulturalDiffusion] frontier city=655369 ring=4 best=3254.32 bar=375 over=6/24 center=164.8 
[2026-10-06 13:08:51]	[CulturalDiffusion] frontier city=720906 ring=4 best=3254.32 bar=375 over=15/24 center=276.37 
[2026-10-06 13:08:51]	[CulturalDiffusion] frontier city=786443 ring=4 best=3254.32 bar=375 over=7/24 center=1002.17 
[2026-10-06 13:08:51]	[CulturalDiffusion] frontier city=851980 ring=4 best=3254.32 bar=375 over=10/24 center=970.17 
[2026-10-06 13:08:51]	[CulturalDiffusion] frontier city=917517 ring=4 best=1003.66 bar=375 over=2/24 center=366.58 
[2026-10-06 13:08:51]	[CulturalDiffusion] frontier city=983054 ring=4 best=3254.32 bar=375 over=13/24 center=1282.16 
[2026-10-06 13:08:51]	[CulturalDiffusion] frontier city=1048591 ring=4 best=9957.37 bar=375 over=7/24 center=2045.89 
[2026-10-06 13:08:51]	[CulturalDiffusion] frontier city=1114128 ring=4 best=19914.75 bar=375 over=10/24 center=1491.48 
[2026-10-06 13:08:51]	[CulturalDiffusion] frontier city=1179665 ring=4 best=3254.32 bar=375 over=11/24 center=854.78 
[2026-10-06 13:08:51]	[CulturalDiffusion] frontier city=1245202 ring=4 best=683.82 bar=375 over=3/24 center=1362.84 
[2026-10-06 13:08:51]	[CulturalDiffusion] frontier city=1310739 ring=4 best=1745.39 bar=375 over=7/24 center=1817.04 
[2026-10-06 13:08:51]	[CulturalDiffusion] frontier city=1376276 ring=4 best=2985.44 bar=375 over=13/24 center=36064.39 
[2026-10-06 13:08:51]	[CulturalDiffusion] frontier city=1441813 ring=4 best=6378.43 bar=375 over=5/24 center=938.16 
[2026-10-06 13:08:51]	[CulturalDiffusion] frontier city=1507350 ring=4 best=554.27 bar=375 over=2/24 center=1 
[2026-10-06 13:08:51]	[CulturalDiffusion] frontier city=1572887 ring=4 best=665.81 bar=375 over=1/24 center=12.68 
[2026-10-06 13:08:51]	[CulturalDiffusion] frontier city=1638424 ring=4 best=4081.19 bar=375 over=6/24 center=1745.39 
[2026-10-06 13:08:51]	[CulturalDiffusion] frontier city=1703961 ring=4 best=9957.37 bar=375 over=6/24 center=4282.13 
[2026-10-06 13:08:51]	[CulturalDiffusion] frontier city=1769498 ring=4 best=184.56 bar=375 over=0/24 center=710.53 
[2026-10-06 13:08:51]	[CulturalDiffusion] frontier city=1835035 ring=4 best=207.34 bar=375 over=0/24 center=463.39 
[2026-10-06 13:08:51]	[CulturalDiffusion] frontier city=1900572 ring=4 best=270.65 bar=375 over=0/24 center=7351.77 
[2026-10-06 13:08:51]	[CulturalDiffusion] skip flip 70,45: would strand a foreign unit 
[2026-10-06 13:08:51]	[CulturalDiffusion] skip flip 67,44: would strand a foreign unit 
[2026-10-06 13:08:51]	[CulturalDiffusion] state bytes=52160 field=1227 claims=216 locked=41 passMs=65 
[2026-10-06 13:08:51]	[CulturalDiffusion] pass: 0 flip(s), 0 pending, 0 ceded (0 pending), 0 AI flip(s) (0 pending), 0 conquest(s) (0 pending), confirmed 0 claim/0 cede (0 dropped), 0 orphan(s) healed, 0 inner tile(s) released to base game, 1227 active field tile(s) 
[2026-10-06 13:08:51]	[CulturalDiffusion] pass (turn 100): flips=0 field tiles=334 
[2026-10-06 13:08:52]	[CDH] TURN k=34 turn=100 age=AGE_EXPLORATION blocker=NEW_POPULATION 
[2026-10-06 13:08:53]	[CDH] JSERR TypeError: Cannot read properties of null (reading 'cityId') @ fs://game/bz-map-trix/ui/lenses/layer/bz-religion-layer.js:50 
[2026-10-06 13:08:53]	[CDH] JSERR TypeError: Cannot read properties of null (reading 'cityId') @ fs://game/bz-map-trix/ui/lenses/layer/bz-religion-layer.js:50 
[2026-10-06 13:09:01]	[CDH] OBS T34: age=AGE_EXPLORATION turn=100 ownerChanges=0 missionaries=6 moved=6 idleWithMoves=0 gone=0 flipsNearMissionary=0 (district 0) onFlipped=0 jsErrors=274 amAuto=true 
[2026-10-06 13:09:01]	[CDH] UNITS T34: ?@67,34 mv=0 ch=? q ?@66,46 mv=0 ch=? q ?@80,57 mv=0 ch=? q ?@65,25 mv=0 ch=? q ?@80,54 mv=0 ch=1 ?@70,49 mv=0 ch=? q 
[2026-10-06 13:09:01]	[CDH] INV T34: claims=216 stale=0 localInner=62 district=6 center=0 pending=0 bytes=52145 
[2026-10-06 13:09:02]	[CDH] JSERR Error: Expected this.unit to be non-null. @ fs://game/base-standard/ui/unit-flags/unit-flags.js:348 
[2026-10-06 13:09:02]	[CDH] JSERR Error: Expected this.unit to be non-null. @ fs://game/base-standard/ui/unit-flags/unit-flags.js:348 
[2026-10-06 13:09:02]	[CDH] JSERR Error: Expected this.unit to be non-null. @ fs://game/base-standard/ui/unit-flags/unit-flags.js:348 
[2026-10-06 13:09:02]	[CDH] JSERR TypeError: Cannot read properties of null (reading 'cityId') @ fs://game/bz-map-trix/ui/lenses/layer/bz-religion-layer.js:50 
[2026-10-06 13:09:07]	[CDH] JSERR Error: Expected this.unit to be non-null. @ fs://game/base-standard/ui/unit-flags/unit-flags.js:348 
[2026-10-06 13:09:07]	[CDH] JSERR Error: Expected this.unit to be non-null. @ fs://game/base-standard/ui/unit-flags/unit-flags.js:348 
[2026-10-06 13:09:08]	[CDH] JSERR Error: Expected this.unit to be non-null. @ fs://game/base-standard/ui/unit-flags/unit-flags.js:348 
[2026-10-06 13:09:11]	[CDH] TURN k=35 turn=101 age=AGE_EXPLORATION blocker=NEW_POPULATION 
[2026-10-06 13:09:11]	[CulturalDiffusion] inject 92,32 civ=0 culture=172.2 vitality=176.8 strength=218.84 stock=418360.3 cap=437679.75 
[2026-10-06 13:09:11]	[CulturalDiffusion] inject 86,20 civ=0 culture=12 vitality=107.29 strength=32.53 stock=11126.62 cap=65054.33 
[2026-10-06 13:09:11]	[CulturalDiffusion] inject 77,21 civ=0 culture=0 vitality=29.13 strength=0 stock=608.86 cap=0 
[2026-10-06 13:09:11]	[CulturalDiffusion] inject 82,23 civ=0 culture=0.7 vitality=20.59 strength=2.89 stock=744.77 cap=5773.75 
[2026-10-06 13:09:11]	[CulturalDiffusion] inject 93,26 civ=0 culture=10.22 vitality=13.58 strength=14.21 stock=2272.04 cap=28427.48 
[2026-10-06 13:09:11]	[CulturalDiffusion] inject 80,31 civ=0 culture=3 vitality=29.7 strength=8.43 stock=1435.55 cap=16854.35 
[2026-10-06 13:09:11]	[CulturalDiffusion] inject 87,32 civ=0 culture=18 vitality=30.52 strength=27.27 stock=15224.71 cap=54531.05 
[2026-10-06 13:09:11]	[CulturalDiffusion] inject 84,35 civ=0 culture=1 vitality=34.95 strength=4.37 stock=3556.7 cap=8736.25 
[2026-10-06 13:09:11]	[CulturalDiffusion] inject 90,37 civ=0 culture=7.75 vitality=23.94 strength=14.48 stock=8256.23 cap=28964.47 
[2026-10-06 13:09:11]	[CulturalDiffusion] inject 77,36 civ=0 culture=0 vitality=26 strength=0 stock=185.11 cap=0 
[2026-10-06 13:09:11]	[CulturalDiffusion] inject 81,18 civ=0 culture=0.39 vitality=20.89 strength=1.99 stock=284.38 cap=3985.87 
[2026-10-06 13:09:11]	[CulturalDiffusion] inject 79,39 civ=0 culture=0 vitality=27.1 strength=0 stock=1036.08 cap=0 
[2026-10-06 13:09:11]	[CulturalDiffusion] inject 78,13 civ=0 culture=1.2 vitality=12.42 strength=3.43 stock=972.03 cap=6859.02 
[2026-10-06 13:09:11]	[CulturalDiffusion] inject 75,41 civ=0 culture=0.77 vitality=17.75 strength=2.91 stock=379.84 cap=5813.15 
[2026-10-06 13:09:11]	[CulturalDiffusion] inject 75,14 civ=0 culture=0 vitality=11.45 strength=0 stock=1217.72 cap=0 
[2026-10-06 13:09:11]	[CulturalDiffusion] inject 71,44 civ=0 culture=4.34 vitality=29.51 strength=10.68 stock=2175.58 cap=21366.36 
[2026-10-06 13:09:11]	[CulturalDiffusion] inject 71,39 civ=0 culture=0 vitality=6.65 strength=0 stock=1814.71 cap=0 
[2026-10-06 13:09:11]	[CulturalDiffusion] inject 71,15 civ=0 culture=0 vitality=32.75 strength=0 stock=923.18 cap=0 
[2026-10-06 13:09:11]	[CulturalDiffusion] inject 72,10 civ=0 culture=5 vitality=23.95 strength=10.89 stock=1459.46 cap=21787.42 
[2026-10-06 13:09:11]	[CulturalDiffusion] inject 68,19 civ=0 culture=4 vitality=42.41 strength=11.51 stock=1925.2 cap=23018.45 
[2026-10-06 13:09:11]	[CulturalDiffusion] inject 67,41 civ=0 culture=23.69 vitality=211.64 strength=64.19 stock=38991.57 cap=128385.55 
[2026-10-06 13:09:11]	[CulturalDiffusion] inject 67,35 civ=0 culture=2 vitality=44.25 strength=7.44 stock=988.56 cap=14888.73 
[2026-10-06 13:09:11]	[CulturalDiffusion] inject 71,33 civ=0 culture=0 vitality=30.95 strength=0 stock=1 cap=0 
[2026-10-06 13:09:11]	[CulturalDiffusion] inject 68,30 civ=0 culture=0 vitality=25.3 strength=0 stock=26.49 cap=0 
[2026-10-06 13:09:11]	[CulturalDiffusion] inject 64,19 civ=0 culture=5 vitality=27.69 strength=11.46 stock=1852.56 cap=22921.43 
[2026-10-06 13:09:11]	[CulturalDiffusion] inject 64,45 civ=0 culture=9 vitality=36.72 strength=18.54 stock=4583.58 cap=37074.93 
[2026-10-06 13:09:11]	[CulturalDiffusion] inject 64,26 civ=0 culture=2 vitality=20.3 strength=5.67 stock=742.51 cap=11334.74 
[2026-10-06 13:09:11]	[CulturalDiffusion] inject 62,32 civ=0 culture=1 vitality=24.75 strength=3.87 stock=481.5 cap=7742.3 
[2026-10-06 13:09:11]	[CulturalDiffusion] inject 64,14 civ=0 culture=14 vitality=50.46 strength=27.61 stock=7910.13 cap=55224.59 
[2026-10-06 13:09:11]	[CulturalDiffusion] inject 60,50 civ=2 culture=13.2 vitality=28.88 strength=14.54 stock=3950.03 cap=29074.83 
[2026-10-06 13:09:11]	[CulturalDiffusion] inject 67,50 civ=2 culture=2.2 vitality=6.74 strength=2.73 stock=421.12 cap=5450.02 
[2026-10-06 13:09:11]	[CulturalDiffusion] inject 74,52 civ=2 culture=72.6 vitality=45.75 strength=51.72 stock=52371.82 cap=103432.91 
[2026-10-06 13:09:11]	[CulturalDiffusion] inject 83,44 civ=4 culture=11 vitality=27.94 strength=16.93 stock=8351.95 cap=33864.82 
[2026-10-06 13:09:11]	[CulturalDiffusion] inject 79,47 civ=4 culture=13.2 vitality=39.62 strength=21.54 stock=9394.93 cap=43081.14 
[2026-10-06 13:09:11]	[CulturalDiffusion] inject 75,48 civ=4 culture=16.5 vitality=39.11 strength=24.79 stock=18640.32 cap=49581.67 
[2026-10-06 13:09:11]	[CulturalDiffusion] frontier city=65536 ring=4 best=20659.88 bar=375 over=23/23 center=418360.3 
[2026-10-06 13:09:11]	[CulturalDiffusion] frontier city=131073 ring=4 best=3090.6 bar=375 over=11/24 center=11126.62 
[2026-10-06 13:09:11]	[CulturalDiffusion] frontier city=196610 ring=4 best=3090.6 bar=375 over=14/24 center=608.86 
[2026-10-06 13:09:11]	[CulturalDiffusion] frontier city=262147 ring=4 best=3126.74 bar=375 over=12/24 center=744.77 
[2026-10-06 13:09:11]	[CulturalDiffusion] frontier city=327684 ring=4 best=50677.9 bar=375 over=13/19 center=2272.04 
[2026-10-06 13:09:11]	[CulturalDiffusion] frontier city=393221 ring=4 best=2343.11 bar=375 over=18/24 center=1435.55 
[2026-10-06 13:09:11]	[CulturalDiffusion] frontier city=458758 ring=4 best=289776.72 bar=375 over=22/24 center=15224.71 
[2026-10-06 13:09:11]	[CulturalDiffusion] frontier city=524295 ring=4 best=15224.71 bar=375 over=19/24 center=3556.7 
[2026-10-06 13:09:11]	[CulturalDiffusion] frontier city=589832 ring=4 best=86876.4 bar=375 over=13/24 center=8256.23 
[2026-10-06 13:09:11]	[CulturalDiffusion] frontier city=655369 ring=4 best=3090.6 bar=375 over=6/24 center=185.11 
[2026-10-06 13:09:11]	[CulturalDiffusion] frontier city=720906 ring=4 best=3090.6 bar=375 over=15/24 center=284.38 
[2026-10-06 13:09:11]	[CulturalDiffusion] frontier city=786443 ring=4 best=3090.6 bar=375 over=7/24 center=1036.08 
[2026-10-06 13:09:11]	[CulturalDiffusion] frontier city=851980 ring=4 best=3090.6 bar=375 over=9/24 center=972.03 
[2026-10-06 13:09:11]	[CulturalDiffusion] frontier city=917517 ring=4 best=1077.46 bar=375 over=3/24 center=379.84 
[2026-10-06 13:09:11]	[CulturalDiffusion] frontier city=983054 ring=4 best=3090.6 bar=375 over=13/24 center=1217.72 
[2026-10-06 13:09:11]	[CulturalDiffusion] frontier city=1048591 ring=4 best=10819.32 bar=375 over=7/24 center=2175.58 
[2026-10-06 13:09:11]	[CulturalDiffusion] frontier city=1114128 ring=4 best=21638.63 bar=375 over=11/24 center=1814.71 
[2026-10-06 13:09:11]	[CulturalDiffusion] frontier city=1179665 ring=4 best=3090.6 bar=375 over=11/24 center=923.18 
[2026-10-06 13:09:11]	[CulturalDiffusion] frontier city=1245202 ring=4 best=738.54 bar=375 over=3/24 center=1459.46 
[2026-10-06 13:09:11]	[CulturalDiffusion] frontier city=1310739 ring=4 best=1852.56 bar=375 over=7/24 center=1925.2 
[2026-10-06 13:09:11]	[CulturalDiffusion] frontier city=1376276 ring=4 best=3271.55 bar=375 over=13/24 center=38991.57 
[2026-10-06 13:09:11]	[CulturalDiffusion] frontier city=1441813 ring=4 best=6970.16 bar=375 over=5/24 center=988.56 
[2026-10-06 13:09:11]	[CulturalDiffusion] frontier city=1507350 ring=4 best=610.69 bar=375 over=3/24 center=1 
[2026-10-06 13:09:11]	[CulturalDiffusion] frontier city=1572887 ring=4 best=703.62 bar=375 over=1/24 center=26.49 
[2026-10-06 13:09:11]	[CulturalDiffusion] frontier city=1638424 ring=4 best=4411.06 bar=375 over=7/24 center=1852.56 
[2026-10-06 13:09:11]	[CulturalDiffusion] frontier city=1703961 ring=4 best=10819.32 bar=375 over=6/24 center=4583.58 
[2026-10-06 13:09:11]	[CulturalDiffusion] frontier city=1769498 ring=4 best=194.38 bar=375 over=0/24 center=742.51 
[2026-10-06 13:09:11]	[CulturalDiffusion] frontier city=1835035 ring=4 best=218 bar=375 over=0/24 center=481.5 
[2026-10-06 13:09:11]	[CulturalDiffusion] frontier city=1900572 ring=4 best=312.3 bar=375 over=0/24 center=7910.13 
[2026-10-06 13:09:11]	[CulturalDiffusion] skip flip 70,45: would strand a foreign unit 
[2026-10-06 13:09:11]	[CulturalDiffusion] skip flip 67,44: would strand a foreign unit 
[2026-10-06 13:09:11]	[CulturalDiffusion] state bytes=53227 field=1231 claims=216 locked=41 passMs=63 
[2026-10-06 13:09:11]	[CulturalDiffusion] pass: 0 flip(s), 0 pending, 0 ceded (0 pending), 0 AI flip(s) (0 pending), 0 conquest(s) (0 pending), confirmed 0 claim/0 cede (0 dropped), 0 orphan(s) healed, 0 inner tile(s) released to base game, 1231 active field tile(s) 
[2026-10-06 13:09:11]	[CulturalDiffusion] pass (turn 101): flips=0 field tiles=340 
[2026-10-06 13:09:20]	[CDH] OBS T35: age=AGE_EXPLORATION turn=101 ownerChanges=0 missionaries=6 moved=6 idleWithMoves=0 gone=0 flipsNearMissionary=0 (district 0) onFlipped=0 jsErrors=281 amAuto=true 
[2026-10-06 13:09:20]	[CDH] UNITS T35: ?@67,31 mv=0 ch=? q ?@68,43 mv=0 ch=? q ?@82,56 mv=0 ch=? q ?@65,22 mv=0 ch=? q ?@81,52 mv=0 ch=? q ?@71,47 mv=0 ch=? q 
[2026-10-06 13:09:20]	[CDH] INV T35: claims=216 stale=0 localInner=62 district=6 center=0 pending=0 bytes=53212 
[2026-10-06 13:09:20]	[CDH] SEED T35: 280 frontier tiles seeded, state bytes=54911 
[2026-10-06 13:09:22]	[CDH] JSERR TypeError: Cannot read properties of null (reading 'cityId') @ fs://game/bz-map-trix/ui/lenses/layer/bz-religion-layer.js:50 
[2026-10-06 13:09:23]	[CDH] JSERR Error: Expected this.unit to be non-null. @ fs://game/base-standard/ui/unit-flags/unit-flags.js:348 
[2026-10-06 13:09:23]	[CDH] JSERR Error: Expected this.unit to be non-null. @ fs://game/base-standard/ui/unit-flags/unit-flags.js:348 
[2026-10-06 13:09:23]	[CDH] JSERR TypeError: Cannot read properties of null (reading 'cityId') @ fs://game/bz-map-trix/ui/lenses/layer/bz-religion-layer.js:50 
[2026-10-06 13:09:23]	[CDH] JSERR TypeError: Cannot read properties of null (reading 'cityId') @ fs://game/bz-map-trix/ui/lenses/layer/bz-religion-layer.js:50 
[2026-10-06 13:09:24]	[CDH] JSERR TypeError: Cannot read properties of null (reading 'cityId') @ fs://game/bz-map-trix/ui/lenses/layer/bz-religion-layer.js:50 
[2026-10-06 13:09:24]	[CDH] JSERR TypeError: Cannot read properties of null (reading 'cityId') @ fs://game/bz-map-trix/ui/lenses/layer/bz-religion-layer.js:50 
[2026-10-06 13:09:24]	[CDH] JSERR TypeError: Cannot read properties of null (reading 'cityId') @ fs://game/bz-map-trix/ui/lenses/layer/bz-religion-layer.js:50 
[2026-10-06 13:09:24]	[CDH] JSERR TypeError: Cannot read properties of null (reading 'cityId') @ fs://game/bz-map-trix/ui/lenses/layer/bz-religion-layer.js:50 
[2026-10-06 13:09:31]	[CDH] TURN k=36 turn=102 age=AGE_EXPLORATION blocker=NEW_POPULATION 
[2026-10-06 13:09:31]	[CulturalDiffusion] inject 92,32 civ=0 culture=172.2 vitality=176.8 strength=218.7 stock=416488.65 cap=437407.66 
[2026-10-06 13:09:31]	[CulturalDiffusion] inject 86,20 civ=0 culture=12 vitality=107.29 strength=32.51 stock=11907.31 cap=65013.89 
[2026-10-06 13:09:31]	[CulturalDiffusion] inject 77,21 civ=0 culture=0 vitality=29.13 strength=0 stock=578.25 cap=0 
[2026-10-06 13:09:31]	[CulturalDiffusion] inject 82,23 civ=0 culture=0.7 vitality=20.59 strength=2.89 stock=747.03 cap=5770.16 
[2026-10-06 13:09:31]	[CulturalDiffusion] inject 93,26 civ=0 culture=10.22 vitality=13.58 strength=14.2 stock=2429.67 cap=28409.81 
[2026-10-06 13:09:31]	[CulturalDiffusion] inject 80,31 civ=0 culture=3 vitality=29.7 strength=8.42 stock=1496.36 cap=16843.87 
[2026-10-06 13:09:31]	[CulturalDiffusion] inject 87,32 civ=0 culture=18 vitality=30.52 strength=27.25 stock=16807.07 cap=54497.15 
[2026-10-06 13:09:31]	[CulturalDiffusion] inject 84,35 civ=0 culture=1 vitality=34.95 strength=4.37 stock=3892.83 cap=8730.82 
[2026-10-06 13:09:31]	[CulturalDiffusion] inject 90,37 civ=0 culture=7.75 vitality=23.94 strength=14.47 stock=9127.74 cap=28946.47 
[2026-10-06 13:09:31]	[CulturalDiffusion] inject 77,36 civ=0 culture=0 vitality=26 strength=0 stock=190.57 cap=0 
[2026-10-06 13:09:31]	[CulturalDiffusion] inject 81,18 civ=0 culture=0.39 vitality=20.89 strength=1.99 stock=292.17 cap=3983.39 
[2026-10-06 13:09:31]	[CulturalDiffusion] inject 79,39 civ=0 culture=0 vitality=27.1 strength=0 stock=1002.27 cap=0 
[2026-10-06 13:09:31]	[CulturalDiffusion] inject 78,13 civ=0 culture=1.2 vitality=12.42 strength=3.43 stock=973.81 cap=6854.75 
[2026-10-06 13:09:31]	[CulturalDiffusion] inject 75,41 civ=0 culture=0.77 vitality=17.75 strength=2.9 stock=392.95 cap=5809.54 
[2026-10-06 13:09:31]	[CulturalDiffusion] inject 75,14 civ=0 culture=0 vitality=11.45 strength=0 stock=1156.49 cap=0 
[2026-10-06 13:09:31]	[CulturalDiffusion] inject 71,44 civ=0 culture=4.34 vitality=29.51 strength=10.68 stock=2304.07 cap=21353.08 
[2026-10-06 13:09:31]	[CulturalDiffusion] inject 71,39 civ=0 culture=0 vitality=6.65 strength=0 stock=2176.12 cap=0 
[2026-10-06 13:09:31]	[CulturalDiffusion] inject 71,15 civ=0 culture=0 vitality=32.75 strength=0 stock=901.52 cap=0 
[2026-10-06 13:09:31]	[CulturalDiffusion] inject 72,10 civ=0 culture=5 vitality=23.95 strength=10.89 stock=1556.57 cap=21773.88 
[2026-10-06 13:09:31]	[CulturalDiffusion] inject 68,19 civ=0 culture=4 vitality=42.41 strength=11.5 stock=2033.4 cap=23004.14 
[2026-10-06 13:09:31]	[CulturalDiffusion] inject 67,41 civ=0 culture=23.69 vitality=211.64 strength=64.15 stock=41957.21 cap=128305.73 
[2026-10-06 13:09:31]	[CulturalDiffusion] inject 67,35 civ=0 culture=2 vitality=44.25 strength=7.44 stock=1038.73 cap=14879.47 
[2026-10-06 13:09:31]	[CulturalDiffusion] inject 71,33 civ=0 culture=0 vitality=30.95 strength=0 stock=1 cap=0 
[2026-10-06 13:09:31]	[CulturalDiffusion] inject 68,30 civ=0 culture=0 vitality=25.3 strength=0 stock=42.47 cap=0 
[2026-10-06 13:09:31]	[CulturalDiffusion] inject 64,19 civ=0 culture=5 vitality=27.69 strength=11.45 stock=1959.86 cap=22907.18 
[2026-10-06 13:09:31]	[CulturalDiffusion] inject 64,45 civ=0 culture=9 vitality=36.72 strength=18.53 stock=4896.65 cap=37051.88 
[2026-10-06 13:09:31]	[CulturalDiffusion] inject 64,26 civ=0 culture=2 vitality=20.3 strength=5.66 stock=774.16 cap=11327.69 
[2026-10-06 13:09:31]	[CulturalDiffusion] inject 62,32 civ=0 culture=1 vitality=24.75 strength=3.87 stock=499.3 cap=7737.48 
[2026-10-06 13:09:31]	[CulturalDiffusion] inject 64,14 civ=0 culture=14 vitality=50.46 strength=27.6 stock=8474.16 cap=55190.25 
[2026-10-06 13:09:31]	[CulturalDiffusion] inject 60,50 civ=2 culture=13.2 vitality=28.88 strength=14.27 stock=4108.81 cap=28534.12 
[2026-10-06 13:09:31]	[CulturalDiffusion] inject 67,50 civ=2 culture=2.2 vitality=6.74 strength=2.67 stock=430.32 cap=5348.66 
[2026-10-06 13:09:31]	[CulturalDiffusion] inject 74,52 civ=2 culture=74.8 vitality=44.19 strength=51.12 stock=54293.53 cap=102248.86 
[2026-10-06 13:09:31]	[CulturalDiffusion] inject 83,44 civ=4 culture=11 vitality=27.94 strength=17.02 stock=8545.67 cap=34034.54 
[2026-10-06 13:09:31]	[CulturalDiffusion] inject 79,47 civ=4 culture=13.2 vitality=42.73 strength=22.23 stock=9773.63 cap=44456.83 
[2026-10-06 13:09:31]	[CulturalDiffusion] inject 75,48 civ=4 culture=16.5 vitality=39.11 strength=24.92 stock=19053.75 cap=49830.15 
[2026-10-06 13:09:31]	[CulturalDiffusion] frontier city=65536 ring=4 best=22805.06 bar=375 over=23/23 center=416488.65 
[2026-10-06 13:09:31]	[CulturalDiffusion] frontier city=131073 ring=4 best=3799 bar=375 over=11/24 center=11907.31 
[2026-10-06 13:09:31]	[CulturalDiffusion] frontier city=196610 ring=4 best=3799 bar=375 over=14/24 center=578.25 
[2026-10-06 13:09:31]	[CulturalDiffusion] frontier city=262147 ring=4 best=3360.24 bar=375 over=13/24 center=747.03 
[2026-10-06 13:09:31]	[CulturalDiffusion] frontier city=327684 ring=4 best=55708.04 bar=375 over=13/19 center=2429.67 
[2026-10-06 13:09:31]	[CulturalDiffusion] frontier city=393221 ring=4 best=2807.95 bar=375 over=19/24 center=1496.36 
[2026-10-06 13:09:31]	[CulturalDiffusion] frontier city=458758 ring=4 best=313770.23 bar=375 over=23/24 center=16807.07 
[2026-10-06 13:09:31]	[CulturalDiffusion] frontier city=524295 ring=4 best=16807.07 bar=375 over=19/24 center=3892.83 
[2026-10-06 13:09:31]	[CulturalDiffusion] frontier city=589832 ring=4 best=95499.49 bar=375 over=12/24 center=9127.74 
[2026-10-06 13:09:31]	[CulturalDiffusion] frontier city=655369 ring=4 best=3799 bar=375 over=6/24 center=190.57 
[2026-10-06 13:09:31]	[CulturalDiffusion] frontier city=720906 ring=4 best=3799 bar=375 over=15/24 center=292.17 
[2026-10-06 13:09:31]	[CulturalDiffusion] frontier city=786443 ring=4 best=3799 bar=375 over=7/24 center=1002.27 
[2026-10-06 13:09:31]	[CulturalDiffusion] frontier city=851980 ring=4 best=3799 bar=375 over=9/24 center=973.81 
[2026-10-06 13:09:31]	[CulturalDiffusion] frontier city=917517 ring=4 best=1150.81 bar=375 over=4/24 center=392.95 
[2026-10-06 13:09:31]	[CulturalDiffusion] frontier city=983054 ring=4 best=3799 bar=375 over=13/24 center=1156.49 
[2026-10-06 13:09:31]	[CulturalDiffusion] frontier city=1048591 ring=4 best=11697.47 bar=375 over=8/24 center=2304.07 
[2026-10-06 13:09:31]	[CulturalDiffusion] frontier city=1114128 ring=4 best=23394.94 bar=375 over=11/24 center=2176.12 
[2026-10-06 13:09:31]	[CulturalDiffusion] frontier city=1179665 ring=4 best=3799 bar=375 over=11/24 center=901.52 
[2026-10-06 13:09:31]	[CulturalDiffusion] frontier city=1245202 ring=4 best=721.22 bar=375 over=2/24 center=1556.57 
[2026-10-06 13:09:31]	[CulturalDiffusion] frontier city=1310739 ring=4 best=1959.86 bar=375 over=7/24 center=2033.4 
[2026-10-06 13:09:31]	[CulturalDiffusion] frontier city=1376276 ring=4 best=3587.87 bar=375 over=13/24 center=41957.21 
[2026-10-06 13:09:31]	[CulturalDiffusion] frontier city=1441813 ring=4 best=7573.52 bar=375 over=6/24 center=1038.73 
[2026-10-06 13:09:31]	[CulturalDiffusion] frontier city=1507350 ring=4 best=669.74 bar=375 over=4/24 center=1 
[2026-10-06 13:09:31]	[CulturalDiffusion] frontier city=1572887 ring=4 best=741.42 bar=375 over=1/24 center=42.47 
[2026-10-06 13:09:31]	[CulturalDiffusion] frontier city=1638424 ring=4 best=4746.08 bar=375 over=7/24 center=1959.86 
[2026-10-06 13:09:31]	[CulturalDiffusion] frontier city=1703961 ring=4 best=11697.47 bar=375 over=6/24 center=4896.65 
[2026-10-06 13:09:31]	[CulturalDiffusion] frontier city=1769498 ring=4 best=204.38 bar=375 over=0/24 center=774.16 
[2026-10-06 13:09:31]	[CulturalDiffusion] frontier city=1835035 ring=4 best=228.94 bar=375 over=0/24 center=499.3 
[2026-10-06 13:09:31]	[CulturalDiffusion] frontier city=1900572 ring=4 best=340.34 bar=375 over=0/24 center=8474.16 
[2026-10-06 13:09:31]	[CulturalDiffusion] flip 85,39 -> player 0 via purchasePlot sent; pending confirmation next pass (was owner 4) 
[2026-10-06 13:09:31]	[CulturalDiffusion] skip flip 70,45: would strand a foreign unit 
[2026-10-06 13:09:31]	[CulturalDiffusion] skip flip 67,44: would strand a foreign unit 
[2026-10-06 13:09:31]	[CulturalDiffusion] state bytes=51742 field=1233 claims=216 locked=41 passMs=66 
[2026-10-06 13:09:31]	[CulturalDiffusion] pass: 0 flip(s), 1 pending, 0 ceded (0 pending), 0 AI flip(s) (0 pending), 0 conquest(s) (0 pending), confirmed 0 claim/0 cede (0 dropped), 0 orphan(s) healed, 0 inner tile(s) released to base game, 1233 active field tile(s) 
[2026-10-06 13:09:31]	[CulturalDiffusion] pass (turn 102): flips=0 field tiles=335 
[2026-10-06 13:09:33]	[CDH] JSERR TypeError: Cannot read properties of null (reading 'cityId') @ fs://game/bz-map-trix/ui/lenses/layer/bz-religion-layer.js:50 
[2026-10-06 13:09:40]	[CDH] OBS T36: age=AGE_EXPLORATION turn=102 ownerChanges=1 missionaries=6 moved=6 idleWithMoves=0 gone=0 flipsNearMissionary=0 (district 0) onFlipped=0 jsErrors=291 amAuto=true 
[2026-10-06 13:09:40]	[CDH] UNITS T36: ?@65,27 mv=0 ch=? q ?@68,39 mv=0 ch=? q ?@82,56 mv=0 ch=2 ?@63,22 mv=0 ch=3 ?@82,50 mv=0 ch=? q ?@73,44 mv=2 ch=2 q 
[2026-10-06 13:09:40]	[CDH] INV T36: claims=216 stale=1 localInner=62 district=6 center=0 pending=1 bytes=51727 
[2026-10-06 13:09:42]	[CDH] JSERR TypeError: Cannot read properties of null (reading 'cityId') @ fs://game/bz-map-trix/ui/lenses/layer/bz-religion-layer.js:50 
[2026-10-06 13:09:42]	[CDH] JSERR TypeError: Cannot read properties of null (reading 'cityId') @ fs://game/bz-map-trix/ui/lenses/layer/bz-religion-layer.js:50 
[2026-10-06 13:09:42]	[CDH] JSERR Error: Expected this.unit to be non-null. @ fs://game/base-standard/ui/unit-flags/unit-flags.js:348 
[2026-10-06 13:09:42]	[CDH] JSERR Error: Expected this.unit to be non-null. @ fs://game/base-standard/ui/unit-flags/unit-flags.js:348 
[2026-10-06 13:09:42]	[CDH] JSERR Error: Expected this.unit to be non-null. @ fs://game/base-standard/ui/unit-flags/unit-flags.js:348 
[2026-10-06 13:09:42]	[CDH] JSERR Error: Expected this.unit to be non-null. @ fs://game/base-standard/ui/unit-flags/unit-flags.js:348 
[2026-10-06 13:09:48]	[CDH] JSERR Error: Expected this.unit to be non-null. @ fs://game/base-standard/ui/unit-flags/unit-flags.js:348 
[2026-10-06 13:09:48]	[CDH] JSERR Error: Expected this.unit to be non-null. @ fs://game/base-standard/ui/unit-flags/unit-flags.js:348 
[2026-10-06 13:09:51]	[CulturalDiffusion] notify: (85,39) player 4 -> player 0 
[2026-10-06 13:09:51]	[CulturalDiffusion] pending 85,39 claim confirmed on the live map 
[2026-10-06 13:09:51]	[CulturalDiffusion] inject 92,32 civ=0 culture=172.2 vitality=176.1 strength=170.46 stock=395663.22 cap=340916.79 
[2026-10-06 13:09:51]	[CulturalDiffusion] inject 86,20 civ=0 culture=12 vitality=106.59 strength=25.31 stock=12390.73 cap=50626.29 
[2026-10-06 13:09:51]	[CulturalDiffusion] inject 77,21 civ=0 culture=0 vitality=29.13 strength=0 stock=549.17 cap=0 
[2026-10-06 13:09:51]	[CulturalDiffusion] inject 82,23 civ=0 culture=0.7 vitality=19.08 strength=2.19 stock=741.88 cap=4385.42 
[2026-10-06 13:09:51]	[CulturalDiffusion] inject 93,26 civ=0 culture=10.22 vitality=13.58 strength=11.09 stock=2528.84 cap=22173.45 
[2026-10-06 13:09:51]	[CulturalDiffusion] inject 80,31 civ=0 culture=3 vitality=29.7 strength=6.57 stock=1529.02 cap=13146.4 
[2026-10-06 13:09:51]	[CulturalDiffusion] inject 87,32 civ=0 culture=18 vitality=30.52 strength=21.27 stock=18181.62 cap=42534.26 
[2026-10-06 13:09:51]	[CulturalDiffusion] inject 84,35 civ=0 culture=1 vitality=34.95 strength=3.41 stock=4212.94 cap=6814.28 
[2026-10-06 13:09:51]	[CulturalDiffusion] inject 90,37 civ=0 culture=7.75 vitality=23.94 strength=11.3 stock=9930.29 cap=22592.31 
[2026-10-06 13:09:51]	[CulturalDiffusion] inject 77,36 civ=0 culture=0 vitality=26 strength=0 stock=182.03 cap=0 
[2026-10-06 13:09:51]	[CulturalDiffusion] inject 81,18 civ=0 culture=0.39 vitality=20.89 strength=1.55 stock=296.85 cap=3108.98 
[2026-10-06 13:09:51]	[CulturalDiffusion] inject 79,39 civ=0 culture=0 vitality=27.1 strength=0 stock=969.11 cap=0 
[2026-10-06 13:09:51]	[CulturalDiffusion] inject 78,13 civ=0 culture=1.2 vitality=12.42 strength=2.68 stock=966.45 cap=5350.04 
[2026-10-06 13:09:51]	[CulturalDiffusion] inject 75,41 civ=0 culture=0.72 vitality=15.82 strength=2.08 stock=399.59 cap=4165.66 
[2026-10-06 13:09:51]	[CulturalDiffusion] inject 75,14 civ=0 culture=0 vitality=11.45 strength=0 stock=1098.33 cap=0 
[2026-10-06 13:09:51]	[CulturalDiffusion] inject 71,44 civ=0 culture=4.34 vitality=29.51 strength=8.33 stock=2387.81 cap=16665.77 
[2026-10-06 13:09:51]	[CulturalDiffusion] inject 71,39 civ=0 culture=0 vitality=6.65 strength=0 stock=2563.98 cap=0 
[2026-10-06 13:09:51]	[CulturalDiffusion] inject 71,15 civ=0 culture=0 vitality=32.75 strength=0 stock=856.21 cap=0 
[2026-10-06 13:09:51]	[CulturalDiffusion] inject 72,10 civ=0 culture=5 vitality=23.95 strength=8.5 stock=1617.58 cap=16994.2 
[2026-10-06 13:09:51]	[CulturalDiffusion] inject 68,19 civ=0 culture=4 vitality=42.41 strength=8.98 stock=2097.51 cap=17954.4 
[2026-10-06 13:09:51]	[CulturalDiffusion] inject 67,41 civ=0 culture=22.89 vitality=204.94 strength=48.42 stock=43709.67 cap=96841.44 
[2026-10-06 13:09:51]	[CulturalDiffusion] inject 67,35 civ=0 culture=2 vitality=44.25 strength=5.81 stock=1068.27 cap=11613.22 
[2026-10-06 13:09:51]	[CulturalDiffusion] inject 71,33 civ=0 culture=0 vitality=30.95 strength=0 stock=1 cap=0 
[2026-10-06 13:09:51]	[CulturalDiffusion] inject 68,30 civ=0 culture=0 vitality=25.3 strength=0 stock=60.62 cap=0 
[2026-10-06 13:09:51]	[CulturalDiffusion] inject 64,19 civ=0 culture=5 vitality=27.69 strength=8.94 stock=2024.14 cap=17878.73 
[2026-10-06 13:09:51]	[CulturalDiffusion] inject 64,45 civ=0 culture=9 vitality=36.72 strength=14.46 stock=5097.22 cap=28918.47 
[2026-10-06 13:09:51]	[CulturalDiffusion] inject 64,26 civ=0 culture=2 vitality=20.3 strength=4.42 stock=792.09 cap=8841.1 
[2026-10-06 13:09:51]	[CulturalDiffusion] inject 62,32 civ=0 culture=1 vitality=24.75 strength=3.02 stock=509.47 cap=6039 
[2026-10-06 13:09:51]	[CulturalDiffusion] inject 64,14 civ=0 culture=14 vitality=49.96 strength=21.46 stock=8824.65 cap=42925.34 
[2026-10-06 13:09:51]	[CulturalDiffusion] inject 60,50 civ=2 culture=13.2 vitality=28.88 strength=14.58 stock=4274.27 cap=29155.32 
[2026-10-06 13:09:51]	[CulturalDiffusion] inject 67,50 civ=2 culture=2.2 vitality=6.74 strength=2.73 stock=439.75 cap=5465.1 
[2026-10-06 13:09:51]	[CulturalDiffusion] inject 74,52 civ=2 culture=74.8 vitality=44.19 strength=52.24 stock=56301.98 cap=104474.84 
[2026-10-06 13:09:51]	[CulturalDiffusion] inject 83,44 civ=4 culture=11 vitality=27.94 strength=17.13 stock=8740.64 cap=34256.85 
[2026-10-06 13:09:51]	[CulturalDiffusion] inject 79,47 civ=4 culture=13.2 vitality=42.73 strength=22.37 stock=10156.73 cap=44747.22 
[2026-10-06 13:09:51]	[CulturalDiffusion] inject 75,48 civ=4 culture=16.5 vitality=39.11 strength=25.08 stock=19468.7 cap=50155.64 
[2026-10-06 13:09:51]	[CulturalDiffusion] frontier city=65536 ring=4 best=25068.62 bar=375 over=23/23 center=395663.22 
[2026-10-06 13:09:51]	[CulturalDiffusion] frontier city=131073 ring=4 best=3608.05 bar=375 over=11/24 center=12390.73 
[2026-10-06 13:09:51]	[CulturalDiffusion] frontier city=196610 ring=4 best=3608.05 bar=375 over=14/24 center=549.17 
[2026-10-06 13:09:51]	[CulturalDiffusion] frontier city=262147 ring=4 best=3596.01 bar=375 over=13/24 center=741.88 
[2026-10-06 13:09:51]	[CulturalDiffusion] frontier city=327684 ring=4 best=60853.11 bar=375 over=13/19 center=2528.84 
[2026-10-06 13:09:51]	[CulturalDiffusion] frontier city=393221 ring=4 best=2735.28 bar=375 over=19/24 center=1529.02 
[2026-10-06 13:09:51]	[CulturalDiffusion] frontier city=458758 ring=4 best=312366.49 bar=375 over=22/24 center=18181.62 
[2026-10-06 13:09:51]	[CulturalDiffusion] frontier city=524295 ring=4 best=18181.62 bar=375 over=19/24 center=4212.94 
[2026-10-06 13:09:51]	[CulturalDiffusion] frontier city=589832 ring=4 best=104319.62 bar=375 over=12/24 center=9930.29 
[2026-10-06 13:09:51]	[CulturalDiffusion] frontier city=655369 ring=4 best=3608.05 bar=375 over=6/24 center=182.03 
[2026-10-06 13:09:51]	[CulturalDiffusion] frontier city=720906 ring=4 best=3608.05 bar=375 over=16/24 center=296.85 
[2026-10-06 13:09:51]	[CulturalDiffusion] frontier city=786443 ring=4 best=3608.05 bar=375 over=7/24 center=969.11 
[2026-10-06 13:09:51]	[CulturalDiffusion] frontier city=851980 ring=4 best=3608.05 bar=375 over=10/24 center=966.45 
[2026-10-06 13:09:51]	[CulturalDiffusion] frontier city=917517 ring=4 best=1223.76 bar=375 over=4/24 center=399.59 
[2026-10-06 13:09:51]	[CulturalDiffusion] frontier city=983054 ring=4 best=3608.05 bar=375 over=13/24 center=1098.33 
[2026-10-06 13:09:51]	[CulturalDiffusion] frontier city=1048591 ring=4 best=12587.16 bar=375 over=8/24 center=2387.81 
[2026-10-06 13:09:51]	[CulturalDiffusion] frontier city=1114128 ring=4 best=25174.33 bar=375 over=11/24 center=2563.98 
[2026-10-06 13:09:51]	[CulturalDiffusion] frontier city=1179665 ring=4 best=3608.05 bar=375 over=11/24 center=856.21 
[2026-10-06 13:09:51]	[CulturalDiffusion] frontier city=1245202 ring=4 best=684.97 bar=375 over=2/24 center=1617.58 
[2026-10-06 13:09:51]	[CulturalDiffusion] frontier city=1310739 ring=4 best=2024.14 bar=375 over=7/24 center=2097.51 
[2026-10-06 13:09:51]	[CulturalDiffusion] frontier city=1376276 ring=4 best=3920.72 bar=375 over=13/24 center=43709.67 
[2026-10-06 13:09:51]	[CulturalDiffusion] frontier city=1441813 ring=4 best=8188.23 bar=375 over=6/24 center=1068.27 
[2026-10-06 13:09:51]	[CulturalDiffusion] frontier city=1507350 ring=4 best=731.87 bar=375 over=5/24 center=1 
[2026-10-06 13:09:51]	[CulturalDiffusion] frontier city=1572887 ring=4 best=779.05 bar=375 over=1/24 center=60.62 
[2026-10-06 13:09:51]	[CulturalDiffusion] frontier city=1638424 ring=4 best=5084.49 bar=375 over=8/24 center=2024.14 
[2026-10-06 13:09:51]	[CulturalDiffusion] frontier city=1703961 ring=4 best=12587.16 bar=375 over=6/24 center=5097.22 
[2026-10-06 13:09:51]	[CulturalDiffusion] frontier city=1769498 ring=4 best=214.63 bar=375 over=0/24 center=792.09 
[2026-10-06 13:09:51]	[CulturalDiffusion] frontier city=1835035 ring=4 best=239.8 bar=375 over=0/24 center=509.47 
[2026-10-06 13:09:51]	[CulturalDiffusion] frontier city=1900572 ring=4 best=369.76 bar=375 over=0/24 center=8824.65 
[2026-10-06 13:09:51]	[CulturalDiffusion] skip flip 70,45: would strand a foreign unit 
[2026-10-06 13:09:51]	[CulturalDiffusion] skip flip 67,44: would strand a foreign unit 
[2026-10-06 13:09:51]	[CulturalDiffusion] state bytes=52059 field=1232 claims=216 locked=41 passMs=66 
[2026-10-06 13:09:51]	[CulturalDiffusion] pass: 0 flip(s), 0 pending, 0 ceded (0 pending), 0 AI flip(s) (0 pending), 0 conquest(s) (0 pending), confirmed 1 claim/0 cede (0 dropped), 0 orphan(s) healed, 0 inner tile(s) released to base game, 1232 active field tile(s) 
[2026-10-06 13:09:51]	[CulturalDiffusion] pass (turn 103): flips=0 field tiles=334 
[2026-10-06 13:09:52]	[CDH] TURN k=37 turn=103 age=AGE_EXPLORATION blocker=NEW_POPULATION 
[2026-10-06 13:09:53]	[CDH] JSERR TypeError: Cannot read properties of null (reading 'cityId') @ fs://game/bz-map-trix/ui/lenses/layer/bz-religion-layer.js:50 
[2026-10-06 13:09:53]	[CDH] JSERR TypeError: Cannot read properties of null (reading 'cityId') @ fs://game/bz-map-trix/ui/lenses/layer/bz-religion-layer.js:50 
[2026-10-06 13:10:01]	[CDH] OBS T37: age=AGE_EXPLORATION turn=103 ownerChanges=0 missionaries=6 moved=6 idleWithMoves=0 gone=0 flipsNearMissionary=0 (district 0) onFlipped=0 jsErrors=301 amAuto=true 
[2026-10-06 13:10:01]	[CDH] UNITS T37: ?@66,23 mv=0 ch=? q ?@68,35 mv=0 ch=? q ?@81,57 mv=0 ch=2 ?@63,22 mv=0 ch=2 ?@83,48 mv=0 ch=? q ?@77,41 mv=0 ch=? q 
[2026-10-06 13:10:01]	[CDH] INV T37: claims=216 stale=0 localInner=62 district=6 center=0 pending=0 bytes=52044 
[2026-10-06 13:10:02]	[CDH] JSERR TypeError: Cannot read properties of null (reading 'cityId') @ fs://game/bz-map-trix/ui/lenses/layer/bz-religion-layer.js:50 
[2026-10-06 13:10:02]	[CDH] JSERR Error: Expected this.unit to be non-null. @ fs://game/base-standard/ui/unit-flags/unit-flags.js:348 
[2026-10-06 13:10:03]	[CDH] JSERR Error: Expected this.unit to be non-null. @ fs://game/base-standard/ui/unit-flags/unit-flags.js:348 
[2026-10-06 13:10:03]	[CDH] JSERR TypeError: Cannot read properties of null (reading 'cityId') @ fs://game/bz-map-trix/ui/lenses/layer/bz-religion-layer.js:50 
[2026-10-06 13:10:03]	[CDH] JSERR TypeError: Cannot read properties of null (reading 'cityId') @ fs://game/bz-map-trix/ui/lenses/layer/bz-religion-layer.js:50 
[2026-10-06 13:10:03]	[CDH] JSERR TypeError: Cannot read properties of null (reading 'cityId') @ fs://game/bz-map-trix/ui/lenses/layer/bz-religion-layer.js:50 
[2026-10-06 13:10:04]	[CDH] JSERR TypeError: Cannot read properties of null (reading 'cityId') @ fs://game/bz-map-trix/ui/lenses/layer/bz-religion-layer.js:50 
[2026-10-06 13:10:04]	[CDH] JSERR TypeError: Cannot read properties of null (reading 'cityId') @ fs://game/bz-map-trix/ui/lenses/layer/bz-religion-layer.js:50 
[2026-10-06 13:10:09]	[CDH] JSERR Error: Expected this.unit to be non-null. @ fs://game/base-standard/ui/unit-flags/unit-flags.js:348 
[2026-10-06 13:10:11]	[CulturalDiffusion] inject 92,32 civ=0 culture=172.2 vitality=172.6 strength=167.88 stock=375879.06 cap=335768.09 
[2026-10-06 13:10:11]	[CulturalDiffusion] inject 86,20 civ=0 culture=12 vitality=103.09 strength=24.81 stock=12850.01 cap=49629.91 
[2026-10-06 13:10:11]	[CulturalDiffusion] inject 77,21 civ=0 culture=0 vitality=29.13 strength=0 stock=668.1 cap=0 
[2026-10-06 13:10:11]	[CulturalDiffusion] inject 82,23 civ=0 culture=0.7 vitality=19.08 strength=2.17 stock=736.73 cap=4349.64 
[2026-10-06 13:10:11]	[CulturalDiffusion] inject 93,26 civ=0 culture=10.22 vitality=13.58 strength=11 stock=2625.56 cap=21992.57 
[2026-10-06 13:10:11]	[CulturalDiffusion] inject 80,31 civ=0 culture=3 vitality=29.7 strength=6.52 stock=1560.3 cap=13039.16 
[2026-10-06 13:10:11]	[CulturalDiffusion] inject 87,32 civ=0 culture=18 vitality=30.52 strength=21.09 stock=19913.04 cap=42187.27 
[2026-10-06 13:10:11]	[CulturalDiffusion] inject 84,35 civ=0 culture=1 vitality=34.95 strength=3.38 stock=4560.64 cap=6758.69 
[2026-10-06 13:10:11]	[CulturalDiffusion] inject 90,37 civ=0 culture=7.75 vitality=23.94 strength=11.2 stock=10887.94 cap=22408 
[2026-10-06 13:10:11]	[CulturalDiffusion] inject 77,36 civ=0 culture=0 vitality=26 strength=0 stock=173.81 cap=0 
[2026-10-06 13:10:11]	[CulturalDiffusion] inject 81,18 civ=0 culture=0.34 vitality=19.42 strength=1.37 stock=300.18 cap=2748.46 
[2026-10-06 13:10:11]	[CulturalDiffusion] inject 79,39 civ=0 culture=0 vitality=27.1 strength=0 stock=936.62 cap=0 
[2026-10-06 13:10:11]	[CulturalDiffusion] inject 78,13 civ=0 culture=1.2 vitality=12.42 strength=2.65 stock=959.08 cap=5306.39 
[2026-10-06 13:10:11]	[CulturalDiffusion] inject 75,41 civ=0 culture=0.72 vitality=15.82 strength=2.07 stock=406.01 cap=4131.68 
[2026-10-06 13:10:11]	[CulturalDiffusion] inject 75,14 civ=0 culture=0 vitality=11.45 strength=0 stock=1312.96 cap=0 
[2026-10-06 13:10:11]	[CulturalDiffusion] inject 71,44 civ=0 culture=4.34 vitality=29.51 strength=8.26 stock=2468.43 cap=16529.82 
[2026-10-06 13:10:11]	[CulturalDiffusion] inject 71,39 civ=0 culture=0 vitality=6.47 strength=0 stock=2940.54 cap=0 
[2026-10-06 13:10:11]	[CulturalDiffusion] inject 71,15 civ=0 culture=0 vitality=32.75 strength=0 stock=890.42 cap=0 
[2026-10-06 13:10:11]	[CulturalDiffusion] inject 72,10 civ=0 culture=5 vitality=23.95 strength=8.43 stock=1676.98 cap=16855.57 
[2026-10-06 13:10:11]	[CulturalDiffusion] inject 68,19 civ=0 culture=4 vitality=42.41 strength=8.9 stock=2159.57 cap=17807.93 
[2026-10-06 13:10:11]	[CulturalDiffusion] inject 67,41 civ=0 culture=22.89 vitality=201.44 strength=47.74 stock=45398.54 cap=95474.07 
[2026-10-06 13:10:11]	[CulturalDiffusion] inject 67,35 civ=0 culture=2 vitality=44.25 strength=5.76 stock=1096.76 cap=11518.48 
[2026-10-06 13:10:11]	[CulturalDiffusion] inject 71,33 civ=0 culture=0 vitality=30.95 strength=0 stock=1 cap=0 
[2026-10-06 13:10:11]	[CulturalDiffusion] inject 68,30 civ=0 culture=0 vitality=25.3 strength=0 stock=79.49 cap=0 
[2026-10-06 13:10:11]	[CulturalDiffusion] inject 64,19 civ=0 culture=5 vitality=27.69 strength=8.87 stock=2086.43 cap=17732.88 
[2026-10-06 13:10:11]	[CulturalDiffusion] inject 64,45 civ=0 culture=9 vitality=36.72 strength=14.34 stock=5289.68 cap=28682.55 
[2026-10-06 13:10:11]	[CulturalDiffusion] inject 64,26 civ=0 culture=2 vitality=20.3 strength=4.38 stock=809.27 cap=8768.98 
[2026-10-06 13:10:11]	[CulturalDiffusion] inject 62,32 civ=0 culture=1 vitality=24.75 strength=2.99 stock=519.17 cap=5989.73 
[2026-10-06 13:10:11]	[CulturalDiffusion] inject 64,14 civ=0 culture=14 vitality=49.96 strength=21.29 stock=9166.92 cap=42575.16 
[2026-10-06 13:10:11]	[CulturalDiffusion] inject 60,50 civ=2 culture=13.2 vitality=28.88 strength=14.5 stock=4436.62 cap=28993.68 
[2026-10-06 13:10:11]	[CulturalDiffusion] inject 67,50 civ=2 culture=2.2 vitality=6.74 strength=2.72 stock=448.84 cap=5434.81 
[2026-10-06 13:10:11]	[CulturalDiffusion] inject 74,52 civ=2 culture=74.8 vitality=44.19 strength=51.95 stock=58269.8 cap=103895.65 
[2026-10-06 13:10:11]	[CulturalDiffusion] inject 83,44 civ=4 culture=11 vitality=27.94 strength=17.1 stock=8931.95 cap=34209.5 
[2026-10-06 13:10:11]	[CulturalDiffusion] inject 79,47 civ=4 culture=13.2 vitality=42.73 strength=22.34 stock=10537.1 cap=44685.38 
[2026-10-06 13:10:11]	[CulturalDiffusion] inject 75,48 civ=4 culture=16.5 vitality=39.11 strength=25.04 stock=19874.55 cap=50086.32 
[2026-10-06 13:10:11]	[CulturalDiffusion] frontier city=65536 ring=4 best=27383.9 bar=375 over=23/23 center=375879.06 
[2026-10-06 13:10:11]	[CulturalDiffusion] frontier city=131073 ring=4 best=3426.65 bar=375 over=11/24 center=12850.01 
[2026-10-06 13:10:11]	[CulturalDiffusion] frontier city=196610 ring=4 best=3426.65 bar=375 over=14/24 center=668.1 
[2026-10-06 13:10:11]	[CulturalDiffusion] frontier city=262147 ring=4 best=3742 bar=375 over=13/24 center=736.73 
[2026-10-06 13:10:11]	[CulturalDiffusion] frontier city=327684 ring=4 best=65891.75 bar=375 over=13/19 center=2625.56 
[2026-10-06 13:10:11]	[CulturalDiffusion] frontier city=393221 ring=4 best=2597.8 bar=375 over=19/24 center=1560.3 
[2026-10-06 13:10:11]	[CulturalDiffusion] frontier city=458758 ring=4 best=296747.41 bar=375 over=22/24 center=19913.04 
[2026-10-06 13:10:11]	[CulturalDiffusion] frontier city=524295 ring=4 best=19913.04 bar=375 over=19/24 center=4560.64 
[2026-10-06 13:10:11]	[CulturalDiffusion] frontier city=589832 ring=4 best=112957.28 bar=375 over=12/24 center=10887.94 
[2026-10-06 13:10:11]	[CulturalDiffusion] frontier city=655369 ring=4 best=3426.65 bar=375 over=6/24 center=173.81 
[2026-10-06 13:10:11]	[CulturalDiffusion] frontier city=720906 ring=4 best=3426.65 bar=375 over=16/24 center=300.18 
[2026-10-06 13:10:11]	[CulturalDiffusion] frontier city=786443 ring=4 best=3426.65 bar=375 over=7/24 center=936.62 
[2026-10-06 13:10:11]	[CulturalDiffusion] frontier city=851980 ring=4 best=3426.65 bar=375 over=10/24 center=959.08 
[2026-10-06 13:10:11]	[CulturalDiffusion] frontier city=917517 ring=4 best=1296.04 bar=375 over=4/24 center=406.01 
[2026-10-06 13:10:11]	[CulturalDiffusion] frontier city=983054 ring=4 best=3426.65 bar=375 over=13/24 center=1312.96 
[2026-10-06 13:10:11]	[CulturalDiffusion] frontier city=1048591 ring=4 best=13112.9 bar=375 over=8/24 center=2468.43 
[2026-10-06 13:10:11]	[CulturalDiffusion] frontier city=1114128 ring=4 best=26225.8 bar=375 over=11/24 center=2940.54 
[2026-10-06 13:10:11]	[CulturalDiffusion] frontier city=1179665 ring=4 best=3426.65 bar=375 over=11/24 center=890.42 
[2026-10-06 13:10:11]	[CulturalDiffusion] frontier city=1245202 ring=4 best=712.34 bar=375 over=2/24 center=1676.98 
[2026-10-06 13:10:11]	[CulturalDiffusion] frontier city=1310739 ring=4 best=2086.43 bar=375 over=7/24 center=2159.57 
[2026-10-06 13:10:11]	[CulturalDiffusion] frontier city=1376276 ring=4 best=4260.11 bar=375 over=13/24 center=45398.54 
[2026-10-06 13:10:11]	[CulturalDiffusion] frontier city=1441813 ring=4 best=8811.01 bar=375 over=7/24 center=1096.76 
[2026-10-06 13:10:11]	[CulturalDiffusion] frontier city=1507350 ring=4 best=795.22 bar=375 over=5/24 center=1 
[2026-10-06 13:10:11]	[CulturalDiffusion] frontier city=1572887 ring=4 best=801.2 bar=375 over=1/24 center=79.49 
[2026-10-06 13:10:11]	[CulturalDiffusion] frontier city=1638424 ring=4 best=5294.79 bar=375 over=9/24 center=2086.43 
[2026-10-06 13:10:11]	[CulturalDiffusion] frontier city=1703961 ring=4 best=13112.9 bar=375 over=6/24 center=5289.68 
[2026-10-06 13:10:11]	[CulturalDiffusion] frontier city=1769498 ring=4 best=224.82 bar=375 over=0/24 center=809.27 
[2026-10-06 13:10:11]	[CulturalDiffusion] frontier city=1835035 ring=4 best=250.6 bar=375 over=0/24 center=519.17 
[2026-10-06 13:10:11]	[CulturalDiffusion] frontier city=1900572 ring=4 best=399.64 bar=375 over=3/24 center=9166.92 
[2026-10-06 13:10:11]	[CulturalDiffusion] flip 60,13 -> player 0 via purchasePlot sent; pending confirmation next pass (was owner -1) 
[2026-10-06 13:10:11]	[CulturalDiffusion] flip 61,12 -> player 0 via purchasePlot sent; pending confirmation next pass (was owner -1) 
[2026-10-06 13:10:11]	[CulturalDiffusion] flip 61,11 -> player 0 via purchasePlot sent; pending confirmation next pass (was owner -1) 
[2026-10-06 13:10:11]	[CulturalDiffusion] skip flip 70,45: would strand a foreign unit 
[2026-10-06 13:10:11]	[CulturalDiffusion] skip flip 67,44: would strand a foreign unit 
[2026-10-06 13:10:11]	[CulturalDiffusion] state bytes=53334 field=1233 claims=216 locked=41 passMs=74 
[2026-10-06 13:10:11]	[CulturalDiffusion] pass: 0 flip(s), 3 pending, 0 ceded (0 pending), 0 AI flip(s) (0 pending), 0 conquest(s) (0 pending), confirmed 0 claim/0 cede (0 dropped), 0 orphan(s) healed, 0 inner tile(s) released to base game, 1233 active field tile(s) 
[2026-10-06 13:10:11]	[CulturalDiffusion] pass (turn 104): flips=0 field tiles=338 
[2026-10-06 13:10:12]	[CDH] TURN k=38 turn=104 age=AGE_EXPLORATION blocker=NEW_POPULATION 
[2026-10-06 13:10:13]	[CDH] JSERR TypeError: Cannot read properties of null (reading 'cityId') @ fs://game/bz-map-trix/ui/lenses/layer/bz-religion-layer.js:50 
[2026-10-06 13:10:13]	[CDH] JSERR TypeError: Cannot read properties of null (reading 'cityId') @ fs://game/bz-map-trix/ui/lenses/layer/bz-religion-layer.js:50 
[2026-10-06 13:10:13]	[CDH] JSERR TypeError: Cannot read properties of null (reading 'cityId') @ fs://game/bz-map-trix/ui/lenses/layer/bz-religion-layer.js:50 
[2026-10-06 13:10:13]	[CDH] JSERR TypeError: Cannot read properties of null (reading 'cityId') @ fs://game/bz-map-trix/ui/lenses/layer/bz-religion-layer.js:50 
[2026-10-06 13:10:21]	[CDH] OBS T38: age=AGE_EXPLORATION turn=104 ownerChanges=3 missionaries=6 moved=6 idleWithMoves=0 gone=0 flipsNearMissionary=0 (district 0) onFlipped=0 jsErrors=314 amAuto=true 
[2026-10-06 13:10:21]	[CDH] UNITS T38: ?@66,20 mv=0 ch=2 ?@68,31 mv=0 ch=? q ?@81,57 mv=0 ch=1 ?@64,24 mv=0 ch=? q ?@83,44 mv=0 ch=? q ?@80,39 mv=0 ch=? q 
[2026-10-06 13:10:21]	[CDH] INV T38: claims=216 stale=0 localInner=62 district=6 center=0 pending=3 bytes=53319 
[2026-10-06 13:10:22]	[CDH] JSERR TypeError: Cannot read properties of null (reading 'cityId') @ fs://game/bz-map-trix/ui/lenses/layer/bz-religion-layer.js:50 
[2026-10-06 13:10:22]	[CDH] JSERR TypeError: Cannot read properties of null (reading 'cityId') @ fs://game/bz-map-trix/ui/lenses/layer/bz-religion-layer.js:50 
[2026-10-06 13:10:23]	[CDH] JSERR TypeError: Cannot read properties of null (reading 'cityId') @ fs://game/bz-map-trix/ui/lenses/layer/bz-religion-layer.js:50 
[2026-10-06 13:10:24]	[CDH] JSERR Error: Expected this.unit to be non-null. @ fs://game/base-standard/ui/unit-flags/unit-flags.js:348 
[2026-10-06 13:10:34]	[CulturalDiffusion] notify: (60,13) unowned -> player 0 
[2026-10-06 13:10:34]	[CulturalDiffusion] pending 60,13 claim confirmed on the live map 
[2026-10-06 13:10:34]	[CulturalDiffusion] notify: (61,12) unowned -> player 0 
[2026-10-06 13:10:34]	[CulturalDiffusion] pending 61,12 claim confirmed on the live map 
[2026-10-06 13:10:34]	[CulturalDiffusion] notify: (61,11) unowned -> player 0 
[2026-10-06 13:10:34]	[CulturalDiffusion] pending 61,11 claim confirmed on the live map 
[2026-10-06 13:10:34]	[CulturalDiffusion] inject 92,32 civ=0 culture=172.2 vitality=172.6 strength=169.22 stock=357084.1 cap=338441.54 
[2026-10-06 13:10:34]	[CulturalDiffusion] inject 86,20 civ=0 culture=12 vitality=103.09 strength=25.01 stock=13314.64 cap=50025.08 
[2026-10-06 13:10:34]	[CulturalDiffusion] inject 77,21 civ=0 culture=0 vitality=29.13 strength=0 stock=641.08 cap=0 
[2026-10-06 13:10:34]	[CulturalDiffusion] inject 82,23 civ=0 culture=0.7 vitality=19.08 strength=2.19 stock=731.94 cap=4384.27 
[2026-10-06 13:10:34]	[CulturalDiffusion] inject 93,26 civ=0 culture=10.22 vitality=13.58 strength=11.08 stock=2723.25 cap=22167.67 
[2026-10-06 13:10:34]	[CulturalDiffusion] inject 80,31 civ=0 culture=3 vitality=29.7 strength=6.57 stock=1591.82 cap=13142.98 
[2026-10-06 13:10:34]	[CulturalDiffusion] inject 87,32 civ=0 culture=18 vitality=30.52 strength=21.26 stock=21709.94 cap=42523.17 
[2026-10-06 13:10:34]	[CulturalDiffusion] inject 84,35 civ=0 culture=1 vitality=34.95 strength=3.41 stock=4917.65 cap=6812.5 
[2026-10-06 13:10:34]	[CulturalDiffusion] inject 90,37 civ=0 culture=7.75 vitality=23.94 strength=11.29 stock=11876.68 cap=22586.42 
[2026-10-06 13:10:34]	[CulturalDiffusion] inject 77,36 civ=0 culture=0 vitality=26 strength=0 stock=165.91 cap=0 
[2026-10-06 13:10:34]	[CulturalDiffusion] inject 81,18 civ=0 culture=0.34 vitality=19.42 strength=1.39 stock=303.47 cap=2770.34 
[2026-10-06 13:10:34]	[CulturalDiffusion] inject 79,39 civ=0 culture=0 vitality=27.1 strength=0 stock=1004.1 cap=0 
[2026-10-06 13:10:34]	[CulturalDiffusion] inject 78,13 civ=0 culture=1.2 vitality=12.42 strength=2.67 stock=952.2 cap=5348.64 
[2026-10-06 13:10:34]	[CulturalDiffusion] inject 75,41 civ=0 culture=0.72 vitality=15.82 strength=2.08 stock=412.4 cap=4164.58 
[2026-10-06 13:10:34]	[CulturalDiffusion] inject 75,14 civ=0 culture=0 vitality=11.45 strength=0 stock=1282.16 cap=0 
[2026-10-06 13:10:34]	[CulturalDiffusion] inject 71,44 civ=0 culture=3.84 vitality=25.76 strength=7.33 stock=2528.95 cap=14669.61 
[2026-10-06 13:10:34]	[CulturalDiffusion] inject 71,39 civ=0 culture=0 vitality=6.47 strength=0 stock=3195.08 cap=0 
[2026-10-06 13:10:34]	[CulturalDiffusion] inject 71,15 civ=0 culture=0 vitality=32.75 strength=0 stock=854.78 cap=0 
[2026-10-06 13:10:34]	[CulturalDiffusion] inject 72,10 civ=0 culture=5 vitality=23.95 strength=8.49 stock=1736.86 cap=16989.77 
[2026-10-06 13:10:34]	[CulturalDiffusion] inject 68,19 civ=0 culture=4 vitality=42.41 strength=8.97 stock=2222.12 cap=17949.73 
[2026-10-06 13:10:34]	[CulturalDiffusion] inject 67,41 civ=0 culture=22.89 vitality=201.44 strength=48.12 stock=47108.31 cap=96234.26 
[2026-10-06 13:10:34]	[CulturalDiffusion] inject 67,35 civ=0 culture=2 vitality=45.65 strength=5.87 stock=1126.2 cap=11737.45 
[2026-10-06 13:10:34]	[CulturalDiffusion] inject 71,33 civ=0 culture=0 vitality=30.95 strength=0 stock=1 cap=0 
[2026-10-06 13:10:34]	[CulturalDiffusion] inject 68,30 civ=0 culture=0 vitality=25.3 strength=0 stock=98.77 cap=0 
[2026-10-06 13:10:34]	[CulturalDiffusion] inject 64,19 civ=0 culture=5 vitality=27.69 strength=8.94 stock=2149.21 cap=17874.07 
[2026-10-06 13:10:34]	[CulturalDiffusion] inject 64,45 civ=0 culture=9 vitality=36.72 strength=14.46 stock=5480.56 cap=28910.93 
[2026-10-06 13:10:34]	[CulturalDiffusion] inject 64,26 civ=0 culture=2 vitality=20.3 strength=4.42 stock=826.5 cap=8838.8 
[2026-10-06 13:10:34]	[CulturalDiffusion] inject 62,32 civ=0 culture=1 vitality=24.75 strength=3.02 stock=528.85 cap=6037.42 
[2026-10-06 13:10:34]	[CulturalDiffusion] inject 64,14 civ=0 culture=14 vitality=49.96 strength=21.46 stock=9513.24 cap=42914.15 
[2026-10-06 13:10:34]	[CulturalDiffusion] inject 60,50 civ=2 culture=13.2 vitality=28.88 strength=14.51 stock=4598.1 cap=29018.82 
[2026-10-06 13:10:34]	[CulturalDiffusion] inject 67,50 civ=2 culture=2.2 vitality=6.74 strength=2.72 stock=457.71 cap=5439.52 
[2026-10-06 13:10:34]	[CulturalDiffusion] inject 74,52 civ=2 culture=74.8 vitality=44.19 strength=51.99 stock=60226.15 cap=103985.72 
[2026-10-06 13:10:34]	[CulturalDiffusion] inject 83,44 civ=4 culture=11 vitality=27.94 strength=17.12 stock=9120.9 cap=34234.73 
[2026-10-06 13:10:34]	[CulturalDiffusion] inject 79,47 civ=4 culture=13.2 vitality=42.73 strength=22.36 stock=10916.15 cap=44718.33 
[2026-10-06 13:10:34]	[CulturalDiffusion] inject 75,48 civ=4 culture=16.5 vitality=39.11 strength=25.06 stock=20274.22 cap=50123.26 
[2026-10-06 13:10:34]	[CulturalDiffusion] frontier city=65536 ring=4 best=29651.29 bar=375 over=23/23 center=357084.1 
[2026-10-06 13:10:34]	[CulturalDiffusion] frontier city=131073 ring=4 best=3254.32 bar=375 over=11/24 center=13314.64 
[2026-10-06 13:10:34]	[CulturalDiffusion] frontier city=196610 ring=4 best=3254.32 bar=375 over=14/24 center=641.08 
[2026-10-06 13:10:34]	[CulturalDiffusion] frontier city=262147 ring=4 best=3880.7 bar=375 over=13/24 center=731.94 
[2026-10-06 13:10:34]	[CulturalDiffusion] frontier city=327684 ring=4 best=65596.96 bar=375 over=14/19 center=2723.25 
[2026-10-06 13:10:34]	[CulturalDiffusion] frontier city=393221 ring=4 best=2467.19 bar=375 over=18/24 center=1591.82 
[2026-10-06 13:10:34]	[CulturalDiffusion] frontier city=458758 ring=4 best=281909.29 bar=375 over=23/24 center=21709.94 
[2026-10-06 13:10:34]	[CulturalDiffusion] frontier city=524295 ring=4 best=21709.94 bar=375 over=20/24 center=4917.65 
[2026-10-06 13:10:34]	[CulturalDiffusion] frontier city=589832 ring=4 best=112451.94 bar=375 over=12/24 center=11876.68 
[2026-10-06 13:10:34]	[CulturalDiffusion] frontier city=655369 ring=4 best=3254.32 bar=375 over=6/24 center=165.91 
[2026-10-06 13:10:34]	[CulturalDiffusion] frontier city=720906 ring=4 best=3254.32 bar=375 over=16/24 center=303.47 
[2026-10-06 13:10:34]	[CulturalDiffusion] frontier city=786443 ring=4 best=3254.32 bar=375 over=7/24 center=1004.1 
[2026-10-06 13:10:34]	[CulturalDiffusion] frontier city=851980 ring=4 best=3254.32 bar=375 over=10/24 center=952.2 
[2026-10-06 13:10:34]	[CulturalDiffusion] frontier city=917517 ring=4 best=1343.14 bar=375 over=5/24 center=412.4 
[2026-10-06 13:10:34]	[CulturalDiffusion] frontier city=983054 ring=4 best=3254.32 bar=375 over=13/24 center=1282.16 
[2026-10-06 13:10:34]	[CulturalDiffusion] frontier city=1048591 ring=4 best=13619.56 bar=375 over=9/24 center=2528.95 
[2026-10-06 13:10:34]	[CulturalDiffusion] frontier city=1114128 ring=4 best=27239.13 bar=375 over=12/24 center=3195.08 
[2026-10-06 13:10:34]	[CulturalDiffusion] frontier city=1179665 ring=4 best=3254.32 bar=375 over=11/24 center=854.78 
[2026-10-06 13:10:34]	[CulturalDiffusion] frontier city=1245202 ring=4 best=683.82 bar=375 over=3/24 center=1736.86 
[2026-10-06 13:10:34]	[CulturalDiffusion] frontier city=1310739 ring=4 best=2149.21 bar=375 over=7/24 center=2222.12 
[2026-10-06 13:10:34]	[CulturalDiffusion] frontier city=1376276 ring=4 best=4605.88 bar=375 over=13/24 center=47108.31 
[2026-10-06 13:10:34]	[CulturalDiffusion] frontier city=1441813 ring=4 best=9179.03 bar=375 over=7/24 center=1126.2 
[2026-10-06 13:10:34]	[CulturalDiffusion] frontier city=1507350 ring=4 best=859.76 bar=375 over=6/24 center=1 
[2026-10-06 13:10:34]	[CulturalDiffusion] frontier city=1572887 ring=4 best=822.57 bar=375 over=1/24 center=98.77 
[2026-10-06 13:10:34]	[CulturalDiffusion] frontier city=1638424 ring=4 best=5500.15 bar=375 over=9/24 center=2149.21 
[2026-10-06 13:10:34]	[CulturalDiffusion] frontier city=1703961 ring=4 best=13619.56 bar=375 over=7/24 center=5480.56 
[2026-10-06 13:10:34]	[CulturalDiffusion] frontier city=1769498 ring=4 best=234.93 bar=375 over=0/24 center=826.5 
[2026-10-06 13:10:34]	[CulturalDiffusion] frontier city=1835035 ring=4 best=261.28 bar=375 over=0/24 center=528.85 
[2026-10-06 13:10:34]	[CulturalDiffusion] frontier city=1900572 ring=4 best=429.99 bar=375 over=3/24 center=9513.24 
[2026-10-06 13:10:34]	[CulturalDiffusion] flip 95,29 -> player 0 via purchasePlot sent; pending confirmation next pass (was owner -1) 
[2026-10-06 13:10:34]	[CulturalDiffusion] skip flip 70,45: would strand a foreign unit 
[2026-10-06 13:10:34]	[CulturalDiffusion] skip flip 67,44: would strand a foreign unit 
[2026-10-06 13:10:34]	[CulturalDiffusion] state bytes=53723 field=1243 claims=219 locked=44 passMs=71 
[2026-10-06 13:10:34]	[CulturalDiffusion] pass: 0 flip(s), 1 pending, 0 ceded (0 pending), 0 AI flip(s) (0 pending), 0 conquest(s) (0 pending), confirmed 3 claim/0 cede (0 dropped), 0 orphan(s) healed, 0 inner tile(s) released to base game, 1243 active field tile(s) 
[2026-10-06 13:10:34]	[CulturalDiffusion] pass (turn 105): flips=0 field tiles=348 
[2026-10-06 13:10:34]	[CDH] TURN k=39 turn=105 age=AGE_EXPLORATION blocker=NEW_POPULATION 
[2026-10-06 13:10:43]	[CDH] OBS T39: age=AGE_EXPLORATION turn=105 ownerChanges=1 missionaries=6 moved=6 idleWithMoves=0 gone=0 flipsNearMissionary=0 (district 0) onFlipped=0 jsErrors=318 amAuto=true 
[2026-10-06 13:10:43]	[CDH] UNITS T39: ?@65,16 mv=0 ch=? q ?@69,28 mv=0 ch=? q ?@82,56 mv=0 ch=? q ?@66,28 mv=0 ch=? q ?@80,41 mv=0 ch=? q ?@84,38 mv=0 ch=? q 
[2026-10-06 13:10:43]	[CDH] INV T39: claims=219 stale=0 localInner=62 district=6 center=0 pending=1 bytes=53708 
[2026-10-06 13:10:52]	[CDH] JSERR Error: Expected this.unit to be non-null. @ fs://game/base-standard/ui/unit-flags/unit-flags.js:348 
[2026-10-06 13:10:59]	[CDH] JSERR Error: Expected this.unit to be non-null. @ fs://game/base-standard/ui/unit-flags/unit-flags.js:348 
[2026-10-06 13:10:59]	[CDH] JSERR Error: Expected this.unit to be non-null. @ fs://game/base-standard/ui/unit-flags/unit-flags.js:348 
[2026-10-06 13:11:05]	[CDH] TURN k=40 turn=106 age=AGE_EXPLORATION blocker=NEW_POPULATION 
[2026-10-06 13:11:06]	[CulturalDiffusion] notify: (95,29) unowned -> player 0 
[2026-10-06 13:11:06]	[CulturalDiffusion] pending 95,29 claim confirmed on the live map 
[2026-10-06 13:11:06]	[CulturalDiffusion] inject 92,32 civ=0 culture=172.2 vitality=172.6 strength=169.26 stock=339228.9 cap=338526.01 
[2026-10-06 13:11:06]	[CulturalDiffusion] inject 86,20 civ=0 culture=12 vitality=103.09 strength=25.02 stock=13776 cap=50037.56 
[2026-10-06 13:11:06]	[CulturalDiffusion] inject 77,21 civ=0 culture=0 vitality=29.13 strength=0 stock=608.86 cap=0 
[2026-10-06 13:11:06]	[CulturalDiffusion] inject 82,23 civ=0 culture=0.7 vitality=19.08 strength=2.19 stock=727.32 cap=4385.37 
[2026-10-06 13:11:06]	[CulturalDiffusion] inject 93,26 civ=0 culture=10.22 vitality=13.58 strength=11.09 stock=2820.16 cap=22173.21 
[2026-10-06 13:11:06]	[CulturalDiffusion] inject 80,31 civ=0 culture=3 vitality=29.7 strength=6.57 stock=1622.8 cap=13146.26 
[2026-10-06 13:11:06]	[CulturalDiffusion] inject 87,32 civ=0 culture=18 vitality=30.52 strength=21.27 stock=23462.07 cap=42533.78 
[2026-10-06 13:11:06]	[CulturalDiffusion] inject 84,35 civ=0 culture=1 vitality=34.95 strength=3.41 stock=5421.7 cap=6814.2 
[2026-10-06 13:11:06]	[CulturalDiffusion] inject 90,37 civ=0 culture=7.75 vitality=23.94 strength=11.3 stock=12841.88 cap=22592.06 
[2026-10-06 13:11:06]	[CulturalDiffusion] inject 77,36 civ=0 culture=0 vitality=26 strength=0 stock=185.49 cap=0 
[2026-10-06 13:11:06]	[CulturalDiffusion] inject 81,18 civ=0 culture=0.34 vitality=19.42 strength=1.39 stock=306.64 cap=2771.04 
[2026-10-06 13:11:06]	[CulturalDiffusion] inject 79,39 civ=0 culture=0 vitality=27.1 strength=0 stock=1036.08 cap=0 
[2026-10-06 13:11:06]	[CulturalDiffusion] inject 78,13 civ=0 culture=1.2 vitality=12.42 strength=2.67 stock=945.56 cap=5349.98 
[2026-10-06 13:11:06]	[CulturalDiffusion] inject 75,41 civ=0 culture=0.67 vitality=13 strength=1.85 stock=416.84 cap=3708.64 
[2026-10-06 13:11:06]	[CulturalDiffusion] inject 75,14 civ=0 culture=0 vitality=11.45 strength=0 stock=1217.72 cap=0 
[2026-10-06 13:11:06]	[CulturalDiffusion] inject 71,44 civ=0 culture=3.84 vitality=26.11 strength=7.37 stock=2588.11 cap=14742.76 
[2026-10-06 13:11:06]	[CulturalDiffusion] inject 71,39 civ=0 culture=0 vitality=6.47 strength=0 stock=3454.41 cap=0 
[2026-10-06 13:11:06]	[CulturalDiffusion] inject 71,15 civ=0 culture=0 vitality=32.75 strength=0 stock=923.18 cap=0 
[2026-10-06 13:11:06]	[CulturalDiffusion] inject 72,10 civ=0 culture=5 vitality=23.95 strength=8.5 stock=1796.16 cap=16994.01 
[2026-10-06 13:11:06]	[CulturalDiffusion] inject 68,19 civ=0 culture=4 vitality=42.41 strength=8.98 stock=2283.91 cap=17954.2 
[2026-10-06 13:11:06]	[CulturalDiffusion] inject 67,41 civ=0 culture=22.89 vitality=199.69 strength=47.98 stock=48795.34 cap=95964.76 
[2026-10-06 13:11:06]	[CulturalDiffusion] inject 67,35 civ=0 culture=2 vitality=45.65 strength=5.87 stock=1155.18 cap=11740.38 
[2026-10-06 13:11:06]	[CulturalDiffusion] inject 71,33 civ=0 culture=0 vitality=30.95 strength=0 stock=1 cap=0 
[2026-10-06 13:11:06]	[CulturalDiffusion] inject 68,30 civ=0 culture=0 vitality=25.3 strength=0 stock=118.44 cap=0 
[2026-10-06 13:11:06]	[CulturalDiffusion] inject 64,19 civ=0 culture=5 vitality=27.69 strength=8.94 stock=2211.25 cap=17878.53 
[2026-10-06 13:11:06]	[CulturalDiffusion] inject 64,45 civ=0 culture=9 vitality=36.72 strength=14.46 stock=5666.83 cap=28918.15 
[2026-10-06 13:11:06]	[CulturalDiffusion] inject 64,26 civ=0 culture=2 vitality=20.3 strength=4.42 stock=843.4 cap=8841.01 
[2026-10-06 13:11:06]	[CulturalDiffusion] inject 62,32 civ=0 culture=1 vitality=24.75 strength=3.02 stock=538.3 cap=6038.93 
[2026-10-06 13:11:06]	[CulturalDiffusion] inject 64,14 civ=0 culture=14 vitality=49.96 strength=21.46 stock=9857.33 cap=42924.86 
[2026-10-06 13:11:06]	[CulturalDiffusion] inject 60,50 civ=2 culture=13.2 vitality=28.88 strength=14.52 stock=4758.4 cap=29030.61 
[2026-10-06 13:11:06]	[CulturalDiffusion] inject 67,50 civ=2 culture=2.2 vitality=6.74 strength=2.72 stock=466.37 cap=5441.73 
[2026-10-06 13:11:06]	[CulturalDiffusion] inject 74,52 civ=2 culture=74.8 vitality=44.19 strength=52.01 stock=62167.61 cap=104027.98 
[2026-10-06 13:11:06]	[CulturalDiffusion] inject 83,44 civ=4 culture=11 vitality=27.94 strength=17.11 stock=9306.59 cap=34212.41 
[2026-10-06 13:11:06]	[CulturalDiffusion] inject 79,47 civ=4 culture=13.2 vitality=42.73 strength=22.34 stock=11291.33 cap=44689.18 
[2026-10-06 13:11:06]	[CulturalDiffusion] inject 75,48 civ=4 culture=16.5 vitality=39.11 strength=25.05 stock=20665.82 cap=50090.58 
[2026-10-06 13:11:06]	[CulturalDiffusion] frontier city=65536 ring=4 best=29651.29 bar=375 over=23/23 center=339228.9 
[2026-10-06 13:11:06]	[CulturalDiffusion] frontier city=131073 ring=4 best=3090.6 bar=375 over=11/24 center=13776 
[2026-10-06 13:11:06]	[CulturalDiffusion] frontier city=196610 ring=4 best=3090.6 bar=375 over=14/24 center=608.86 
[2026-10-06 13:11:06]	[CulturalDiffusion] frontier city=262147 ring=4 best=4021.02 bar=375 over=13/24 center=727.32 
[2026-10-06 13:11:06]	[CulturalDiffusion] frontier city=327684 ring=4 best=62316.96 bar=375 over=14/19 center=2820.16 
[2026-10-06 13:11:06]	[CulturalDiffusion] frontier city=393221 ring=4 best=2343.11 bar=375 over=18/24 center=1622.8 
[2026-10-06 13:11:06]	[CulturalDiffusion] frontier city=458758 ring=4 best=267813.08 bar=375 over=23/24 center=23462.07 
[2026-10-06 13:11:06]	[CulturalDiffusion] frontier city=524295 ring=4 best=23462.07 bar=375 over=20/24 center=5421.7 
[2026-10-06 13:11:06]	[CulturalDiffusion] frontier city=589832 ring=4 best=106829.07 bar=375 over=12/24 center=12841.88 
[2026-10-06 13:11:06]	[CulturalDiffusion] frontier city=655369 ring=4 best=3090.6 bar=375 over=6/24 center=185.49 
[2026-10-06 13:11:06]	[CulturalDiffusion] frontier city=720906 ring=4 best=3090.6 bar=375 over=16/24 center=306.64 
[2026-10-06 13:11:06]	[CulturalDiffusion] frontier city=786443 ring=4 best=3090.6 bar=375 over=7/24 center=1036.08 
[2026-10-06 13:11:06]	[CulturalDiffusion] frontier city=851980 ring=4 best=3090.6 bar=375 over=9/24 center=945.56 
[2026-10-06 13:11:06]	[CulturalDiffusion] frontier city=917517 ring=4 best=1388.49 bar=375 over=5/24 center=416.84 
[2026-10-06 13:11:06]	[CulturalDiffusion] frontier city=983054 ring=4 best=3090.6 bar=375 over=13/24 center=1217.72 
[2026-10-06 13:11:06]	[CulturalDiffusion] frontier city=1048591 ring=4 best=14132.49 bar=375 over=11/24 center=2588.11 
[2026-10-06 13:11:06]	[CulturalDiffusion] frontier city=1114128 ring=4 best=28264.99 bar=375 over=12/24 center=3454.41 
[2026-10-06 13:11:06]	[CulturalDiffusion] frontier city=1179665 ring=4 best=3090.6 bar=375 over=11/24 center=923.18 
[2026-10-06 13:11:06]	[CulturalDiffusion] frontier city=1245202 ring=4 best=738.54 bar=375 over=3/24 center=1796.16 
[2026-10-06 13:11:06]	[CulturalDiffusion] frontier city=1310739 ring=4 best=2211.25 bar=375 over=7/24 center=2283.91 
[2026-10-06 13:11:06]	[CulturalDiffusion] frontier city=1376276 ring=4 best=4956.2 bar=375 over=14/24 center=48795.34 
[2026-10-06 13:11:06]	[CulturalDiffusion] frontier city=1441813 ring=4 best=9533.69 bar=375 over=8/24 center=1155.18 
[2026-10-06 13:11:06]	[CulturalDiffusion] frontier city=1507350 ring=4 best=971.17 bar=375 over=6/24 center=1 
[2026-10-06 13:11:06]	[CulturalDiffusion] frontier city=1572887 ring=4 best=844.65 bar=375 over=1/24 center=118.44 
[2026-10-06 13:11:06]	[CulturalDiffusion] frontier city=1638424 ring=4 best=5707.94 bar=375 over=9/24 center=2211.25 
[2026-10-06 13:11:06]	[CulturalDiffusion] frontier city=1703961 ring=4 best=14132.49 bar=375 over=7/24 center=5666.83 
[2026-10-06 13:11:06]	[CulturalDiffusion] frontier city=1769498 ring=4 best=244.95 bar=375 over=0/24 center=843.4 
[2026-10-06 13:11:06]	[CulturalDiffusion] frontier city=1835035 ring=4 best=267.33 bar=375 over=0/24 center=538.3 
[2026-10-06 13:11:06]	[CulturalDiffusion] frontier city=1900572 ring=4 best=460.66 bar=375 over=3/24 center=9857.33 
[2026-10-06 13:11:06]	[CulturalDiffusion] skip flip 70,45: would strand a foreign unit 
[2026-10-06 13:11:06]	[CulturalDiffusion] skip flip 67,44: would strand a foreign unit 
[2026-10-06 13:11:06]	[CulturalDiffusion] state bytes=54604 field=1249 claims=220 locked=37 passMs=69 
[2026-10-06 13:11:06]	[CulturalDiffusion] pass: 0 flip(s), 0 pending, 0 ceded (0 pending), 0 AI flip(s) (0 pending), 0 conquest(s) (0 pending), confirmed 1 claim/0 cede (0 dropped), 0 orphan(s) healed, 0 inner tile(s) released to base game, 1249 active field tile(s) 
[2026-10-06 13:11:06]	[CulturalDiffusion] pass (turn 106): flips=0 field tiles=351 
[2026-10-06 13:11:07]	[CDH] JSERR TypeError: Cannot read properties of null (reading 'cityId') @ fs://game/bz-map-trix/ui/lenses/layer/bz-religion-layer.js:50 
[2026-10-06 13:11:14]	[CDH] OBS T40: age=AGE_EXPLORATION turn=106 ownerChanges=0 missionaries=6 moved=5 idleWithMoves=0 gone=0 flipsNearMissionary=0 (district 0) onFlipped=0 jsErrors=322 amAuto=true 
[2026-10-06 13:11:14]	[CDH] UNITS T40: ?@65,16 mv=0 ch=1 ?@70,26 mv=0 ch=? q ?@83,53 mv=0 ch=? q ?@68,31 mv=0 ch=? q ?@80,37 mv=0 ch=? q ?@86,35 mv=0 ch=? q 
[2026-10-06 13:11:14]	[CDH] INV T40: claims=220 stale=0 localInner=62 district=6 center=0 pending=0 bytes=54589 
[2026-10-06 13:11:14]	[CDH] DONE harness am-soak finished turns=40 age=AGE_EXPLORATION totals={"flipsNearMissionary":7,"onFlipped":0,"districtFlipsNearMissionary":1,"idleWithMoves":10,"gone":0} jsErrors=322 
