[2026-10-06 16:19:39]	[CDH] shell attached 
[2026-10-06 16:19:40]	[CDH] shell query complete 
[2026-10-06 16:19:40]	[CDH] shell found AugustusAnt136.Civ7Save turn 136 age AGE_ANTIQUITY missingMods=0 unowned=0 
[2026-10-06 16:19:40]	[CDH] shell handleLoadSave returned true 
[2026-10-06 16:19:58]	[CDH] attached am-soak 
[2026-10-06 16:19:58]	[CulturalDiffusion] boot (turnInterval 1, verb purchasePlot, enabled true) 
[2026-10-06 16:20:03]	[CDH] LOAD GameStarted 
[2026-10-06 16:20:13]	[CDH] AMSOAK start turn=136 age=AGE_ANTIQUITY startAge=AGE_ANTIQUITY local=0 amPresent=false amSet=absent religion=null missionaries=0 cdConfig={"claimOnlyUnowned":false,"aiCultureFlips":true,"flipMaxDistance":6,"maxFlipsPerTurn":8} 
[2026-10-06 16:20:13]	[CDH] INV T0-pre: claims=0 stale=0 localInner=0 district=0 center=0 pending=0 bytes=78 
[2026-10-06 16:20:13]	[CDH] SEED T0: 400 frontier tiles seeded, state bytes=5552 
[2026-10-06 16:20:13]	[CulturalDiffusion] inject 92,32 civ=0 culture=38.5 vitality=55.06 strength=82.5 stock=10 cap=164993.15 
[2026-10-06 16:20:13]	[CulturalDiffusion] inject 87,32 civ=0 culture=13 vitality=32.25 strength=33.78 stock=10 cap=67555.32 
[2026-10-06 16:20:13]	[CulturalDiffusion] inject 90,37 civ=0 culture=1 vitality=19.9 strength=5.38 stock=10 cap=10769.85 
[2026-10-06 16:20:13]	[CulturalDiffusion] inject 84,35 civ=0 culture=1 vitality=23.4 strength=5.7 stock=10 cap=11398.21 
[2026-10-06 16:20:13]	[CulturalDiffusion] inject 93,26 civ=0 culture=9 vitality=24.65 strength=24.21 stock=10 cap=48417.74 
[2026-10-06 16:20:13]	[CulturalDiffusion] inject 86,20 civ=0 culture=1 vitality=10.03 strength=4.24 stock=10 cap=8473.01 
[2026-10-06 16:20:13]	[CulturalDiffusion] inject 82,23 civ=3 culture=5 vitality=21.5 strength=10.31 stock=10 cap=20616.29 
[2026-10-06 16:20:13]	[CulturalDiffusion] inject 81,18 civ=3 culture=8 vitality=33.35 strength=16.32 stock=10 cap=32630.11 
[2026-10-06 16:20:13]	[CulturalDiffusion] inject 80,31 civ=3 culture=3 vitality=15.85 strength=6.65 stock=10 cap=13294.3 
[2026-10-06 16:20:13]	[CulturalDiffusion] frontier city=65536 ring=4 best=3799 bar=300 over=3/23 center=10 
[2026-10-06 16:20:13]	[CulturalDiffusion] frontier city=196609 ring=4 best=3799 bar=300 over=10/24 center=10 
[2026-10-06 16:20:13]	[CulturalDiffusion] frontier city=262146 ring=4 best=3799 bar=300 over=7/24 center=10 
[2026-10-06 16:20:13]	[CulturalDiffusion] frontier city=327683 ring=4 best=3799 bar=300 over=7/24 center=10 
[2026-10-06 16:20:13]	[CulturalDiffusion] frontier city=393220 ring=4 best=3799 bar=300 over=4/19 center=10 
[2026-10-06 16:20:13]	[CulturalDiffusion] frontier city=458757 ring=4 best=0 bar=300 over=0/24 center=10 
[2026-10-06 16:20:13]	[CulturalDiffusion] flip 89,29 -> player 0 via purchasePlot sent; pending confirmation next pass (was owner -1) 
[2026-10-06 16:20:13]	[CulturalDiffusion] flip 90,28 -> player 0 via purchasePlot sent; pending confirmation next pass (was owner -1) 
[2026-10-06 16:20:13]	[CulturalDiffusion] flip 89,27 -> player 0 via purchasePlot sent; pending confirmation next pass (was owner -1) 
[2026-10-06 16:20:13]	[CulturalDiffusion] flip 88,28 -> player 0 via purchasePlot sent; pending confirmation next pass (was owner -1) 
[2026-10-06 16:20:13]	[CulturalDiffusion] flip 89,26 -> player 0 via purchasePlot sent; pending confirmation next pass (was owner -1) 
[2026-10-06 16:20:13]	[CulturalDiffusion] flip 87,28 -> player 0 via purchasePlot sent; pending confirmation next pass (was owner -1) 
[2026-10-06 16:20:13]	[CulturalDiffusion] flip 88,40 -> player 0 via purchasePlot sent; pending confirmation next pass (was owner -1) 
[2026-10-06 16:20:13]	[CulturalDiffusion] flip 87,39 -> player 0 via purchasePlot sent; pending confirmation next pass (was owner -1) 
[2026-10-06 16:20:13]	[CulturalDiffusion] flip 83,29 -> player 3 via purchasePlot sent; pending confirmation next pass (was owner -1) 
[2026-10-06 16:20:13]	[CulturalDiffusion] flip 83,27 -> player 3 via purchasePlot sent; pending confirmation next pass (was owner -1) 
[2026-10-06 16:20:13]	[CulturalDiffusion] flip 82,27 -> player 3 via purchasePlot sent; pending confirmation next pass (was owner -1) 
[2026-10-06 16:20:13]	[CulturalDiffusion] flip 82,14 -> player 3 via purchasePlot sent; pending confirmation next pass (was owner -1) 
[2026-10-06 16:20:13]	[CulturalDiffusion] flip 78,20 -> player 3 via purchasePlot sent; pending confirmation next pass (was owner -1) 
[2026-10-06 16:20:13]	[CulturalDiffusion] flip 81,14 -> player 3 via purchasePlot sent; pending confirmation next pass (was owner -1) 
[2026-10-06 16:20:13]	[CulturalDiffusion] flip 79,22 -> player 3 via purchasePlot sent; pending confirmation next pass (was owner -1) 
[2026-10-06 16:20:13]	[CulturalDiffusion] flip 78,21 -> player 3 via purchasePlot sent; pending confirmation next pass (was owner -1) 
[2026-10-06 16:20:13]	[CulturalDiffusion] state bytes=9270 field=369 claims=0 locked=0 passMs=44 
[2026-10-06 16:20:13]	[CulturalDiffusion] pass: 0 flip(s), 8 pending, 0 ceded (0 pending), 0 AI flip(s) (8 pending), 0 conquest(s) (0 pending), confirmed 0 claim/0 cede (0 dropped), 0 orphan(s) healed, 0 inner tile(s) released to base game, 369 active field tile(s) 
[2026-10-06 16:20:13]	[CulturalDiffusion] pass (manual): flips=0 field tiles=12 
[2026-10-06 16:20:13]	[CDH] T0 runNow={"flips":0,"pending":8,"tiles":12,"healed":0,"released":0,"ceded":0,"cedePending":0,"aiFlips":0,"aiPending":8,"conquests":0,"conquestPending":0,"occupied":0,"confirmed":0,"confirmedCede":0} 
[2026-10-06 16:20:21]	[CDH] INV T0-post: claims=0 stale=0 localInner=0 district=0 center=0 pending=16 bytes=9255 
[2026-10-06 16:20:21]	[CDH] JSERR Error: Expected this.unit to be non-null. @ fs://game/base-standard/ui/unit-flags/unit-flags.js:348 
[2026-10-06 16:20:25]	[CDH] JSERR Error: Expected this.unit to be non-null. @ fs://game/base-standard/ui/unit-flags/unit-flags.js:348 
[2026-10-06 16:20:27]	[CDH] JSERR Error: Expected this.unit to be non-null. @ fs://game/base-standard/ui/unit-flags/unit-flags.js:348 
[2026-10-06 16:20:27]	[CDH] JSERR Error: Expected this.unit to be non-null. @ fs://game/base-standard/ui/unit-flags/unit-flags.js:348 
[2026-10-06 16:20:29]	[CulturalDiffusion] notify: (89,29) unowned -> player 0 
[2026-10-06 16:20:29]	[CulturalDiffusion] pending 89,29 claim confirmed on the live map 
[2026-10-06 16:20:29]	[CulturalDiffusion] notify: (90,28) unowned -> player 0 
[2026-10-06 16:20:29]	[CulturalDiffusion] pending 90,28 claim confirmed on the live map 
[2026-10-06 16:20:29]	[CulturalDiffusion] notify: (89,27) unowned -> player 0 
[2026-10-06 16:20:29]	[CulturalDiffusion] pending 89,27 claim confirmed on the live map 
[2026-10-06 16:20:29]	[CulturalDiffusion] notify: (88,28) unowned -> player 0 
[2026-10-06 16:20:29]	[CulturalDiffusion] pending 88,28 claim confirmed on the live map 
[2026-10-06 16:20:29]	[CulturalDiffusion] notify: (89,26) unowned -> player 0 
[2026-10-06 16:20:29]	[CulturalDiffusion] pending 89,26 claim confirmed on the live map 
[2026-10-06 16:20:29]	[CulturalDiffusion] notify: (87,28) unowned -> player 0 
[2026-10-06 16:20:29]	[CulturalDiffusion] pending 87,28 claim confirmed on the live map 
[2026-10-06 16:20:29]	[CulturalDiffusion] notify: (88,40) unowned -> player 0 
[2026-10-06 16:20:29]	[CulturalDiffusion] pending 88,40 claim confirmed on the live map 
[2026-10-06 16:20:29]	[CulturalDiffusion] notify: (87,39) unowned -> player 0 
[2026-10-06 16:20:29]	[CulturalDiffusion] pending 87,39 claim confirmed on the live map 
[2026-10-06 16:20:29]	[CulturalDiffusion] notify: (83,29) unowned -> player 3 
[2026-10-06 16:20:29]	[CulturalDiffusion] pending 83,29 claim confirmed on the live map 
[2026-10-06 16:20:29]	[CulturalDiffusion] notify: (83,27) unowned -> player 3 
[2026-10-06 16:20:29]	[CulturalDiffusion] pending 83,27 claim confirmed on the live map 
[2026-10-06 16:20:29]	[CulturalDiffusion] notify: (82,27) unowned -> player 3 
[2026-10-06 16:20:29]	[CulturalDiffusion] pending 82,27 claim confirmed on the live map 
[2026-10-06 16:20:29]	[CulturalDiffusion] notify: (82,14) unowned -> player 3 
[2026-10-06 16:20:29]	[CulturalDiffusion] pending 82,14 claim confirmed on the live map 
[2026-10-06 16:20:29]	[CulturalDiffusion] notify: (78,20) unowned -> player 3 
[2026-10-06 16:20:29]	[CulturalDiffusion] pending 78,20 claim confirmed on the live map 
[2026-10-06 16:20:29]	[CulturalDiffusion] notify: (81,14) unowned -> player 3 
[2026-10-06 16:20:29]	[CulturalDiffusion] pending 81,14 claim confirmed on the live map 
[2026-10-06 16:20:29]	[CulturalDiffusion] notify: (79,22) unowned -> player 3 
[2026-10-06 16:20:29]	[CulturalDiffusion] pending 79,22 claim confirmed on the live map 
[2026-10-06 16:20:29]	[CulturalDiffusion] notify: (78,21) unowned -> player 3 
[2026-10-06 16:20:29]	[CulturalDiffusion] pending 78,21 claim confirmed on the live map 
[2026-10-06 16:20:29]	[CulturalDiffusion] inject 92,32 civ=0 culture=38.5 vitality=55.06 strength=83 stock=120.15 cap=165990.45 
[2026-10-06 16:20:29]	[CulturalDiffusion] inject 87,32 civ=0 culture=13 vitality=32.25 strength=33.98 stock=60.12 cap=67963.65 
[2026-10-06 16:20:29]	[CulturalDiffusion] inject 90,37 civ=0 culture=1 vitality=19.9 strength=5.42 stock=25.14 cap=10834.94 
[2026-10-06 16:20:29]	[CulturalDiffusion] inject 84,35 civ=0 culture=1 vitality=23.4 strength=5.73 stock=25.52 cap=11467.1 
[2026-10-06 16:20:29]	[CulturalDiffusion] inject 93,26 civ=0 culture=9 vitality=23.75 strength=24.04 stock=47.94 cap=48080.39 
[2026-10-06 16:20:29]	[CulturalDiffusion] inject 86,20 civ=0 culture=1 vitality=10.03 strength=4.26 stock=23.78 cap=8524.23 
[2026-10-06 16:20:29]	[CulturalDiffusion] inject 82,23 civ=3 culture=5 vitality=16.35 strength=9.36 stock=135.3 cap=18711.88 
[2026-10-06 16:20:29]	[CulturalDiffusion] inject 81,18 civ=3 culture=8 vitality=27.45 strength=15.22 stock=37.15 cap=30447.67 
[2026-10-06 16:20:29]	[CulturalDiffusion] inject 80,31 civ=3 culture=3 vitality=13.85 strength=6.33 stock=26.49 cap=12667.53 
[2026-10-06 16:20:29]	[CulturalDiffusion] frontier city=65536 ring=4 best=3608.05 bar=300 over=4/23 center=120.15 
[2026-10-06 16:20:29]	[CulturalDiffusion] frontier city=196609 ring=4 best=3608.05 bar=300 over=12/24 center=60.12 
[2026-10-06 16:20:29]	[CulturalDiffusion] frontier city=262146 ring=4 best=3608.05 bar=300 over=9/24 center=25.14 
[2026-10-06 16:20:29]	[CulturalDiffusion] frontier city=327683 ring=4 best=3608.05 bar=300 over=9/24 center=25.52 
[2026-10-06 16:20:29]	[CulturalDiffusion] frontier city=393220 ring=4 best=3608.05 bar=300 over=5/19 center=47.94 
[2026-10-06 16:20:29]	[CulturalDiffusion] frontier city=458757 ring=4 best=10.52 bar=300 over=0/24 center=23.78 
[2026-10-06 16:20:29]	[CulturalDiffusion] flip 89,28 -> player 0 via purchasePlot sent; pending confirmation next pass (was owner -1) 
[2026-10-06 16:20:29]	[CulturalDiffusion] flip 89,25 -> player 0 via purchasePlot sent; pending confirmation next pass (was owner -1) 
[2026-10-06 16:20:29]	[CulturalDiffusion] flip 87,38 -> player 0 via purchasePlot sent; pending confirmation next pass (was owner -1) 
[2026-10-06 16:20:29]	[CulturalDiffusion] flip 84,30 -> player 0 via purchasePlot sent; pending confirmation next pass (was owner 18) 
[2026-10-06 16:20:29]	[CulturalDiffusion] flip 84,29 -> player 0 via purchasePlot sent; pending confirmation next pass (was owner 18) 
[2026-10-06 16:20:29]	[CulturalDiffusion] flip 81,33 -> player 0 via purchasePlot sent; pending confirmation next pass (was owner -1) 
[2026-10-06 16:20:29]	[CulturalDiffusion] flip 92,41 -> player 0 via purchasePlot sent; pending confirmation next pass (was owner -1) 
[2026-10-06 16:20:29]	[CulturalDiffusion] flip 91,41 -> player 0 via purchasePlot sent; pending confirmation next pass (was owner -1) 
[2026-10-06 16:20:29]	[CulturalDiffusion] flip 84,19 -> player 3 via purchasePlot sent; pending confirmation next pass (was owner -1) 
[2026-10-06 16:20:29]	[CulturalDiffusion] flip 83,14 -> player 3 via purchasePlot sent; pending confirmation next pass (was owner -1) 
[2026-10-06 16:20:29]	[CulturalDiffusion] flip 81,13 -> player 3 via purchasePlot sent; pending confirmation next pass (was owner -1) 
[2026-10-06 16:20:29]	[CulturalDiffusion] state bytes=11320 field=383 claims=16 locked=16 passMs=33 
[2026-10-06 16:20:29]	[CulturalDiffusion] pass: 0 flip(s), 8 pending, 0 ceded (0 pending), 0 AI flip(s) (3 pending), 0 conquest(s) (0 pending), confirmed 16 claim/0 cede (0 dropped), 0 orphan(s) healed, 0 inner tile(s) released to base game, 383 active field tile(s) 
[2026-10-06 16:20:29]	[CulturalDiffusion] pass (turn 137): flips=0 field tiles=35 
[2026-10-06 16:20:31]	[CDH] TURN k=1 turn=137 age=AGE_ANTIQUITY blocker=NEW_POPULATION 
[2026-10-06 16:20:39]	[CulturalDiffusion] flip 84,30 with teardown: torn=2 cleared=true buy=purchasePlot landed=false rebuilt=false improvement=IMPROVEMENT_CAMP 
[2026-10-06 16:20:39]	[CulturalDiffusion] flip 84,29 with teardown: torn=2 cleared=true buy=purchasePlot landed=false rebuilt=false improvement=IMPROVEMENT_WOODCUTTER 
[2026-10-06 16:20:40]	[CDH] OBS T1: age=AGE_ANTIQUITY turn=137 ownerChanges=9 missionaries=0 moved=0 idleWithMoves=0 gone=0 flipsNearMissionary=0 (district 0) onFlipped=0 jsErrors=4 amAuto=absent 
[2026-10-06 16:20:40]	[CDH] INV T1: claims=16 stale=0 localInner=0 district=0 center=0 pending=11 bytes=11305 
[2026-10-06 16:20:42]	[CDH] JSERR Error: Expected this.unit to be non-null. @ fs://game/base-standard/ui/unit-flags/unit-flags.js:348 
[2026-10-06 16:20:42]	[CDH] JSERR Error: Expected this.unit to be non-null. @ fs://game/base-standard/ui/unit-flags/unit-flags.js:348 
[2026-10-06 16:20:44]	[CDH] JSERR Error: Expected this.unit to be non-null. @ fs://game/base-standard/ui/unit-flags/unit-flags.js:348 
[2026-10-06 16:20:45]	[CDH] JSERR Error: Expected this.unit to be non-null. @ fs://game/base-standard/ui/unit-flags/unit-flags.js:348 
[2026-10-06 16:20:46]	[CDH] JSERR Error: Expected this.unit to be non-null. @ fs://game/base-standard/ui/unit-flags/unit-flags.js:348 
[2026-10-06 16:20:46]	[CDH] JSERR Error: Expected this.unit to be non-null. @ fs://game/base-standard/ui/unit-flags/unit-flags.js:348 
[2026-10-06 16:20:47]	[CDH] JSERR Error: Expected this.unit to be non-null. @ fs://game/base-standard/ui/unit-flags/unit-flags.js:348 
[2026-10-06 16:20:47]	[CDH] JSERR Error: Expected this.unit to be non-null. @ fs://game/base-standard/ui/unit-flags/unit-flags.js:348 
[2026-10-06 16:20:49]	[CDH] TURN k=2 turn=138 age=AGE_ANTIQUITY blocker=NEW_POPULATION 
[2026-10-06 16:20:49]	[CulturalDiffusion] notify: (89,28) unowned -> player 0 
[2026-10-06 16:20:49]	[CulturalDiffusion] pending 89,28 claim confirmed on the live map 
[2026-10-06 16:20:49]	[CulturalDiffusion] notify: (89,25) unowned -> player 0 
[2026-10-06 16:20:49]	[CulturalDiffusion] pending 89,25 claim confirmed on the live map 
[2026-10-06 16:20:49]	[CulturalDiffusion] notify: (87,38) unowned -> player 0 
[2026-10-06 16:20:49]	[CulturalDiffusion] pending 87,38 claim confirmed on the live map 
[2026-10-06 16:20:49]	[CulturalDiffusion] pending 84,30 claim NOT APPLIED on the live map - dropped 
[2026-10-06 16:20:49]	[CulturalDiffusion] pending 84,29 claim NOT APPLIED on the live map - dropped 
[2026-10-06 16:20:49]	[CulturalDiffusion] notify: (81,33) unowned -> player 0 
[2026-10-06 16:20:49]	[CulturalDiffusion] pending 81,33 claim confirmed on the live map 
[2026-10-06 16:20:49]	[CulturalDiffusion] notify: (92,41) unowned -> player 0 
[2026-10-06 16:20:49]	[CulturalDiffusion] pending 92,41 claim confirmed on the live map 
[2026-10-06 16:20:49]	[CulturalDiffusion] notify: (91,41) unowned -> player 0 
[2026-10-06 16:20:49]	[CulturalDiffusion] pending 91,41 claim confirmed on the live map 
[2026-10-06 16:20:49]	[CulturalDiffusion] notify: (84,19) unowned -> player 3 
[2026-10-06 16:20:49]	[CulturalDiffusion] pending 84,19 claim confirmed on the live map 
[2026-10-06 16:20:49]	[CulturalDiffusion] notify: (83,14) unowned -> player 3 
[2026-10-06 16:20:49]	[CulturalDiffusion] pending 83,14 claim confirmed on the live map 
[2026-10-06 16:20:49]	[CulturalDiffusion] notify: (81,13) unowned -> player 3 
[2026-10-06 16:20:49]	[CulturalDiffusion] pending 81,13 claim confirmed on the live map 
[2026-10-06 16:20:49]	[CulturalDiffusion] inject 92,32 civ=0 culture=38.5 vitality=55.06 strength=64.49 stock=396.9 cap=128973.58 
[2026-10-06 16:20:49]	[CulturalDiffusion] inject 87,32 civ=0 culture=13 vitality=32.25 strength=26.4 stock=145.4 cap=52807.35 
[2026-10-06 16:20:49]	[CulturalDiffusion] inject 90,37 civ=0 culture=1 vitality=19.9 strength=4.21 stock=41.05 cap=8418.69 
[2026-10-06 16:20:49]	[CulturalDiffusion] inject 84,35 civ=0 culture=1 vitality=23.4 strength=4.45 stock=41.96 cap=8909.87 
[2026-10-06 16:20:49]	[CulturalDiffusion] inject 93,26 civ=0 culture=5 vitality=23.75 strength=12.75 stock=88.73 cap=25495.21 
[2026-10-06 16:20:49]	[CulturalDiffusion] inject 86,20 civ=0 culture=1.2 vitality=12.19 strength=4 stock=39.56 cap=7996.7 
[2026-10-06 16:20:49]	[CulturalDiffusion] inject 82,23 civ=3 culture=5 vitality=17.85 strength=9.55 stock=398.45 cap=19090.34 
[2026-10-06 16:20:49]	[CulturalDiffusion] inject 81,18 civ=3 culture=8 vitality=28.95 strength=15.34 stock=80.51 cap=30689.89 
[2026-10-06 16:20:49]	[CulturalDiffusion] inject 80,31 civ=3 culture=3 vitality=13.85 strength=6.27 stock=73.85 cap=12532.74 
[2026-10-06 16:20:49]	[CulturalDiffusion] frontier city=65536 ring=4 best=3426.65 bar=300 over=4/23 center=396.9 
[2026-10-06 16:20:49]	[CulturalDiffusion] frontier city=196609 ring=4 best=3426.65 bar=300 over=13/24 center=145.4 
[2026-10-06 16:20:49]	[CulturalDiffusion] frontier city=262146 ring=4 best=3426.65 bar=300 over=10/24 center=41.05 
[2026-10-06 16:20:49]	[CulturalDiffusion] frontier city=327683 ring=4 best=3426.65 bar=300 over=9/24 center=41.96 
[2026-10-06 16:20:49]	[CulturalDiffusion] frontier city=393220 ring=4 best=3426.65 bar=300 over=5/19 center=88.73 
[2026-10-06 16:20:49]	[CulturalDiffusion] frontier city=458757 ring=4 best=31.6 bar=300 over=0/24 center=39.56 
[2026-10-06 16:20:49]	[CulturalDiffusion] flip 93,40 -> player 0 via purchasePlot sent; pending confirmation next pass (was owner -1) 
[2026-10-06 16:20:49]	[CulturalDiffusion] flip 84,30 -> player 0 via purchasePlot sent; pending confirmation next pass (was owner 18) 
[2026-10-06 16:20:49]	[CulturalDiffusion] flip 84,29 -> player 0 via purchasePlot sent; pending confirmation next pass (was owner 18) 
[2026-10-06 16:20:49]	[CulturalDiffusion] flip 90,41 -> player 0 via purchasePlot sent; pending confirmation next pass (was owner -1) 
[2026-10-06 16:20:49]	[CulturalDiffusion] flip 88,27 -> player 0 via purchasePlot sent; pending confirmation next pass (was owner -1) 
[2026-10-06 16:20:49]	[CulturalDiffusion] flip 87,27 -> player 0 via purchasePlot sent; pending confirmation next pass (was owner -1) 
[2026-10-06 16:20:49]	[CulturalDiffusion] flip 88,25 -> player 0 via purchasePlot sent; pending confirmation next pass (was owner -1) 
[2026-10-06 16:20:49]	[CulturalDiffusion] flip 80,33 -> player 0 via purchasePlot sent; pending confirmation next pass (was owner -1) 
[2026-10-06 16:20:49]	[CulturalDiffusion] flip 86,43 -> player 4 via purchasePlot sent; pending confirmation next pass (was owner -1) 
[2026-10-06 16:20:49]	[CulturalDiffusion] flip 83,15 -> player 3 via purchasePlot sent; pending confirmation next pass (was owner -1) 
[2026-10-06 16:20:49]	[CulturalDiffusion] flip 82,13 -> player 3 via purchasePlot sent; pending confirmation next pass (was owner -1) 
[2026-10-06 16:20:49]	[CulturalDiffusion] state bytes=12971 field=390 claims=25 locked=25 passMs=37 
[2026-10-06 16:20:49]	[CulturalDiffusion] pass: 0 flip(s), 8 pending, 0 ceded (0 pending), 0 AI flip(s) (3 pending), 0 conquest(s) (0 pending), confirmed 9 claim/0 cede (2 dropped), 0 orphan(s) healed, 0 inner tile(s) released to base game, 390 active field tile(s) 
[2026-10-06 16:20:49]	[CulturalDiffusion] pass (turn 138): flips=0 field tiles=68 
[2026-10-06 16:20:55]	[CDH] JSERR Error: Expected this.unit to be non-null. @ fs://game/base-standard/ui/unit-flags/unit-flags.js:348 
[2026-10-06 16:20:55]	[CDH] JSERR Error: Expected this.unit to be non-null. @ fs://game/base-standard/ui/unit-flags/unit-flags.js:348 
[2026-10-06 16:20:55]	[CDH] JSERR Error: Expected this.unit to be non-null. @ fs://game/base-standard/ui/unit-flags/unit-flags.js:348 
[2026-10-06 16:20:55]	[CDH] JSERR Error: Expected this.unit to be non-null. @ fs://game/base-standard/ui/unit-flags/unit-flags.js:348 
[2026-10-06 16:20:56]	[CDH] JSERR Error: Expected this.unit to be non-null. @ fs://game/base-standard/ui/unit-flags/unit-flags.js:348 
[2026-10-06 16:20:56]	[CDH] JSERR Error: Expected this.unit to be non-null. @ fs://game/base-standard/ui/unit-flags/unit-flags.js:348 
[2026-10-06 16:20:58]	[CDH] OBS T2: age=AGE_ANTIQUITY turn=138 ownerChanges=15 missionaries=0 moved=0 idleWithMoves=0 gone=0 flipsNearMissionary=0 (district 0) onFlipped=0 jsErrors=18 amAuto=absent 
[2026-10-06 16:20:58]	[CDH] INV T2: claims=25 stale=0 localInner=1 district=0 center=0 pending=11 bytes=12956 
[2026-10-06 16:20:58]	[CDH] JSERR Error: Expected this.unit to be non-null. @ fs://game/base-standard/ui/unit-flags/unit-flags.js:348 
[2026-10-06 16:20:59]	[CDH] JSERR Error: Expected this.unit to be non-null. @ fs://game/base-standard/ui/unit-flags/unit-flags.js:348 
[2026-10-06 16:20:59]	[CDH] JSERR Error: Expected this.unit to be non-null. @ fs://game/base-standard/ui/unit-flags/unit-flags.js:348 
[2026-10-06 16:20:59]	[CDH] JSERR Error: Expected this.unit to be non-null. @ fs://game/base-standard/ui/unit-flags/unit-flags.js:348 
[2026-10-06 16:21:01]	[CulturalDiffusion] notify: (93,40) unowned -> player 0 
[2026-10-06 16:21:01]	[CulturalDiffusion] pending 93,40 claim confirmed on the live map 
[2026-10-06 16:21:01]	[CulturalDiffusion] notify: (84,30) player 18 -> player 0 
[2026-10-06 16:21:01]	[CulturalDiffusion] pending 84,30 claim confirmed on the live map 
[2026-10-06 16:21:01]	[CulturalDiffusion] notify: (84,29) player 18 -> player 0 
[2026-10-06 16:21:01]	[CulturalDiffusion] pending 84,29 claim confirmed on the live map 
[2026-10-06 16:21:01]	[CulturalDiffusion] notify: (90,41) unowned -> player 0 
[2026-10-06 16:21:01]	[CulturalDiffusion] pending 90,41 claim confirmed on the live map 
[2026-10-06 16:21:01]	[CulturalDiffusion] notify: (88,27) unowned -> player 0 
[2026-10-06 16:21:01]	[CulturalDiffusion] pending 88,27 claim confirmed on the live map 
[2026-10-06 16:21:01]	[CulturalDiffusion] notify: (87,27) unowned -> player 0 
[2026-10-06 16:21:01]	[CulturalDiffusion] pending 87,27 claim confirmed on the live map 
[2026-10-06 16:21:01]	[CulturalDiffusion] notify: (88,25) unowned -> player 0 
[2026-10-06 16:21:01]	[CulturalDiffusion] pending 88,25 claim confirmed on the live map 
[2026-10-06 16:21:01]	[CulturalDiffusion] notify: (80,33) unowned -> player 0 
[2026-10-06 16:21:01]	[CulturalDiffusion] pending 80,33 claim confirmed on the live map 
[2026-10-06 16:21:01]	[CulturalDiffusion] notify: (86,43) unowned -> player 4 
[2026-10-06 16:21:01]	[CulturalDiffusion] pending 86,43 claim confirmed on the live map 
[2026-10-06 16:21:01]	[CulturalDiffusion] notify: (83,15) unowned -> player 3 
[2026-10-06 16:21:01]	[CulturalDiffusion] pending 83,15 claim confirmed on the live map 
[2026-10-06 16:21:01]	[CulturalDiffusion] notify: (82,13) unowned -> player 3 
[2026-10-06 16:21:01]	[CulturalDiffusion] pending 82,13 claim confirmed on the live map 
[2026-10-06 16:21:01]	[CulturalDiffusion] inject 92,32 civ=0 culture=38.5 vitality=55.06 strength=64.29 stock=882.08 cap=128571.29 
[2026-10-06 16:21:01]	[CulturalDiffusion] inject 87,32 civ=0 culture=13 vitality=32.25 strength=26.32 stock=270.06 cap=52642.63 
[2026-10-06 16:21:01]	[CulturalDiffusion] inject 90,37 civ=0 culture=1 vitality=19.9 strength=4.2 stock=75.94 cap=8392.43 
[2026-10-06 16:21:01]	[CulturalDiffusion] inject 84,35 civ=0 culture=1 vitality=23.4 strength=4.44 stock=60.01 cap=8882.08 
[2026-10-06 16:21:01]	[CulturalDiffusion] inject 93,26 civ=0 culture=5 vitality=23.75 strength=12.71 stock=139.66 cap=25415.68 
[2026-10-06 16:21:01]	[CulturalDiffusion] inject 86,20 civ=0 culture=1.2 vitality=12.19 strength=3.99 stock=57.32 cap=7971.75 
[2026-10-06 16:21:01]	[CulturalDiffusion] inject 82,23 civ=3 culture=5 vitality=17.85 strength=7.19 stock=727.61 cap=14371.23 
[2026-10-06 16:21:01]	[CulturalDiffusion] inject 81,18 civ=3 culture=8 vitality=28.95 strength=11.55 stock=125.63 cap=23103.38 
[2026-10-06 16:21:01]	[CulturalDiffusion] inject 80,31 civ=3 culture=3 vitality=13.85 strength=4.72 stock=148.08 cap=9434.66 
[2026-10-06 16:21:01]	[CulturalDiffusion] frontier city=65536 ring=4 best=3254.32 bar=300 over=4/23 center=882.08 
[2026-10-06 16:21:01]	[CulturalDiffusion] frontier city=196609 ring=4 best=3254.32 bar=300 over=13/24 center=270.06 
[2026-10-06 16:21:01]	[CulturalDiffusion] frontier city=262146 ring=4 best=3254.32 bar=300 over=10/24 center=75.94 
[2026-10-06 16:21:01]	[CulturalDiffusion] frontier city=327683 ring=4 best=3254.32 bar=300 over=9/24 center=60.01 
[2026-10-06 16:21:01]	[CulturalDiffusion] frontier city=393220 ring=4 best=3254.32 bar=300 over=5/19 center=139.66 
[2026-10-06 16:21:01]	[CulturalDiffusion] frontier city=458757 ring=4 best=78.1 bar=300 over=0/24 center=57.32 
[2026-10-06 16:21:01]	[CulturalDiffusion] flip 93,42 -> player 0 via purchasePlot sent; pending confirmation next pass (was owner -1) 
[2026-10-06 16:21:01]	[CulturalDiffusion] flip 92,42 -> player 0 via purchasePlot sent; pending confirmation next pass (was owner -1) 
[2026-10-06 16:21:01]	[CulturalDiffusion] flip 91,42 -> player 0 via purchasePlot sent; pending confirmation next pass (was owner -1) 
[2026-10-06 16:21:01]	[CulturalDiffusion] flip 93,41 -> player 0 via purchasePlot sent; pending confirmation next pass (was owner -1) 
[2026-10-06 16:21:01]	[CulturalDiffusion] flip 87,41 -> player 0 via purchasePlot sent; pending confirmation next pass (was owner -1) 
[2026-10-06 16:21:01]	[CulturalDiffusion] flip 84,16 -> player 3 via purchasePlot sent; pending confirmation next pass (was owner -1) 
[2026-10-06 16:21:01]	[CulturalDiffusion] state bytes=13401 field=397 claims=36 locked=36 passMs=30 
[2026-10-06 16:21:01]	[CulturalDiffusion] pass: 0 flip(s), 5 pending, 0 ceded (0 pending), 0 AI flip(s) (1 pending), 0 conquest(s) (0 pending), confirmed 11 claim/0 cede (0 dropped), 0 orphan(s) healed, 0 inner tile(s) released to base game, 397 active field tile(s) 
[2026-10-06 16:21:01]	[CulturalDiffusion] pass (turn 139): flips=0 field tiles=139 
[2026-10-06 16:21:03]	[CDH] TURN k=3 turn=139 age=AGE_ANTIQUITY blocker=NEW_POPULATION 
[2026-10-06 16:21:12]	[CDH] OBS T3: age=AGE_ANTIQUITY turn=139 ownerChanges=6 missionaries=0 moved=0 idleWithMoves=0 gone=0 flipsNearMissionary=0 (district 0) onFlipped=0 jsErrors=22 amAuto=absent 
[2026-10-06 16:21:12]	[CDH] INV T3: claims=36 stale=0 localInner=1 district=0 center=0 pending=6 bytes=13386 
[2026-10-06 16:21:13]	[CDH] JSERR Error: Expected this.unit to be non-null. @ fs://game/base-standard/ui/unit-flags/unit-flags.js:348 
[2026-10-06 16:21:15]	[CDH] JSERR Error: Expected this.unit to be non-null. @ fs://game/base-standard/ui/unit-flags/unit-flags.js:348 
[2026-10-06 16:21:16]	[CDH] JSERR Error: Expected this.unit to be non-null. @ fs://game/base-standard/ui/unit-flags/unit-flags.js:348 
[2026-10-06 16:21:16]	[CDH] JSERR Error: Expected this.unit to be non-null. @ fs://game/base-standard/ui/unit-flags/unit-flags.js:348 
[2026-10-06 16:21:17]	[CDH] JSERR Error: Expected this.unit to be non-null. @ fs://game/base-standard/ui/unit-flags/unit-flags.js:348 
[2026-10-06 16:21:18]	[CDH] JSERR Error: Expected this.unit to be non-null. @ fs://game/base-standard/ui/unit-flags/unit-flags.js:348 
[2026-10-06 16:21:22]	[CDH] TURN k=4 turn=140 age=AGE_ANTIQUITY blocker=NEW_POPULATION 
[2026-10-06 16:21:22]	[CulturalDiffusion] notify: (93,42) unowned -> player 0 
[2026-10-06 16:21:22]	[CulturalDiffusion] pending 93,42 claim confirmed on the live map 
[2026-10-06 16:21:22]	[CulturalDiffusion] notify: (92,42) unowned -> player 0 
[2026-10-06 16:21:22]	[CulturalDiffusion] pending 92,42 claim confirmed on the live map 
[2026-10-06 16:21:22]	[CulturalDiffusion] notify: (91,42) unowned -> player 0 
[2026-10-06 16:21:22]	[CulturalDiffusion] pending 91,42 claim confirmed on the live map 
[2026-10-06 16:21:22]	[CulturalDiffusion] notify: (93,41) unowned -> player 0 
[2026-10-06 16:21:22]	[CulturalDiffusion] pending 93,41 claim confirmed on the live map 
[2026-10-06 16:21:22]	[CulturalDiffusion] notify: (87,41) unowned -> player 0 
[2026-10-06 16:21:22]	[CulturalDiffusion] pending 87,41 claim confirmed on the live map 
[2026-10-06 16:21:22]	[CulturalDiffusion] notify: (84,16) unowned -> player 3 
[2026-10-06 16:21:22]	[CulturalDiffusion] pending 84,16 claim confirmed on the live map 
[2026-10-06 16:21:22]	[CulturalDiffusion] inject 92,32 civ=0 culture=38.5 vitality=55.41 strength=64.08 stock=1584.1 cap=128165.49 
[2026-10-06 16:21:22]	[CulturalDiffusion] inject 87,32 civ=0 culture=13 vitality=32.25 strength=26.18 stock=432.18 cap=52360.24 
[2026-10-06 16:21:22]	[CulturalDiffusion] inject 90,37 civ=0 culture=1 vitality=19.9 strength=4.17 stock=138.58 cap=8347.41 
[2026-10-06 16:21:22]	[CulturalDiffusion] inject 84,35 civ=0 culture=1 vitality=23.4 strength=4.42 stock=79.26 cap=8834.43 
[2026-10-06 16:21:22]	[CulturalDiffusion] inject 93,26 civ=0 culture=5 vitality=23.75 strength=12.64 stock=199.52 cap=25279.34 
[2026-10-06 16:21:22]	[CulturalDiffusion] inject 86,20 civ=0 culture=0 vitality=12.1 strength=0 stock=54.61 cap=0 
[2026-10-06 16:21:22]	[CulturalDiffusion] inject 82,23 civ=3 culture=5 vitality=20.65 strength=7.64 stock=1123.97 cap=15284.8 
[2026-10-06 16:21:22]	[CulturalDiffusion] inject 81,18 civ=3 culture=8 vitality=31.75 strength=12.06 stock=180.69 cap=24117.15 
[2026-10-06 16:21:22]	[CulturalDiffusion] inject 80,31 civ=3 culture=4 vitality=14.85 strength=5.89 stock=225.22 cap=11780.14 
[2026-10-06 16:21:22]	[CulturalDiffusion] frontier city=65536 ring=4 best=3090.6 bar=300 over=5/23 center=1584.1 
[2026-10-06 16:21:22]	[CulturalDiffusion] frontier city=196609 ring=4 best=3090.6 bar=300 over=14/24 center=432.18 
[2026-10-06 16:21:22]	[CulturalDiffusion] frontier city=262146 ring=4 best=3090.6 bar=300 over=10/24 center=138.58 
[2026-10-06 16:21:22]	[CulturalDiffusion] frontier city=327683 ring=4 best=3090.6 bar=300 over=10/24 center=79.26 
[2026-10-06 16:21:22]	[CulturalDiffusion] frontier city=393220 ring=4 best=3090.6 bar=300 over=5/19 center=199.52 
[2026-10-06 16:21:22]	[CulturalDiffusion] frontier city=458757 ring=4 best=147.87 bar=300 over=0/24 center=54.61 
[2026-10-06 16:21:22]	[CulturalDiffusion] state bytes=14436 field=400 claims=42 locked=42 passMs=28 
[2026-10-06 16:21:22]	[CulturalDiffusion] pass: 0 flip(s), 0 pending, 0 ceded (0 pending), 0 AI flip(s) (0 pending), 0 conquest(s) (0 pending), confirmed 6 claim/0 cede (0 dropped), 0 orphan(s) healed, 0 inner tile(s) released to base game, 400 active field tile(s) 
[2026-10-06 16:21:22]	[CulturalDiffusion] pass (turn 140): flips=0 field tiles=144 
[2026-10-06 16:21:31]	[CDH] OBS T4: age=AGE_ANTIQUITY turn=140 ownerChanges=0 missionaries=0 moved=0 idleWithMoves=0 gone=0 flipsNearMissionary=0 (district 0) onFlipped=0 jsErrors=28 amAuto=absent 
[2026-10-06 16:21:31]	[CDH] INV T4: claims=42 stale=0 localInner=1 district=0 center=0 pending=0 bytes=14421 
[2026-10-06 16:21:35]	[CDH] JSERR Error: Expected this.unit to be non-null. @ fs://game/base-standard/ui/unit-flags/unit-flags.js:348 
[2026-10-06 16:21:35]	[CDH] JSERR Error: Expected this.unit to be non-null. @ fs://game/base-standard/ui/unit-flags/unit-flags.js:348 
[2026-10-06 16:21:36]	[CDH] JSERR Error: Expected this.unit to be non-null. @ fs://game/base-standard/ui/unit-flags/unit-flags.js:348 
[2026-10-06 16:21:36]	[CDH] JSERR Error: Expected this.unit to be non-null. @ fs://game/base-standard/ui/unit-flags/unit-flags.js:348 
[2026-10-06 16:21:37]	[CDH] JSERR Error: Expected this.unit to be non-null. @ fs://game/base-standard/ui/unit-flags/unit-flags.js:348 
[2026-10-06 16:21:37]	[CDH] JSERR Error: Expected this.unit to be non-null. @ fs://game/base-standard/ui/unit-flags/unit-flags.js:348 
[2026-10-06 16:21:39]	[CDH] JSERR Error: Expected this.unit to be non-null. @ fs://game/base-standard/ui/unit-flags/unit-flags.js:348 
[2026-10-06 16:21:39]	[CDH] JSERR Error: Expected this.unit to be non-null. @ fs://game/base-standard/ui/unit-flags/unit-flags.js:348 
[2026-10-06 16:21:40]	[CDH] JSERR Error: Expected this.unit to be non-null. @ fs://game/base-standard/ui/unit-flags/unit-flags.js:348 
[2026-10-06 16:21:43]	[CulturalDiffusion] inject 92,32 civ=0 culture=38.5 vitality=55.41 strength=63.4 stock=2491.23 cap=126804.47 
[2026-10-06 16:21:43]	[CulturalDiffusion] inject 87,32 civ=0 culture=13 vitality=32.25 strength=25.9 stock=628.12 cap=51804.21 
[2026-10-06 16:21:43]	[CulturalDiffusion] inject 90,37 civ=0 culture=1 vitality=19.9 strength=4.13 stock=220.98 cap=8258.76 
[2026-10-06 16:21:43]	[CulturalDiffusion] inject 84,35 civ=0 culture=1 vitality=23.4 strength=4.37 stock=99.36 cap=8740.62 
[2026-10-06 16:21:43]	[CulturalDiffusion] inject 93,26 civ=0 culture=5 vitality=22.35 strength=12.24 stock=265.52 cap=24484.66 
[2026-10-06 16:21:43]	[CulturalDiffusion] inject 86,20 civ=0 culture=0 vitality=9.52 strength=0 stock=51.97 cap=0 
[2026-10-06 16:21:43]	[CulturalDiffusion] inject 82,23 civ=3 culture=5 vitality=20.65 strength=5.64 stock=1500.16 cap=11274.61 
[2026-10-06 16:21:43]	[CulturalDiffusion] inject 81,18 civ=3 culture=8 vitality=31.75 strength=8.89 stock=226.96 cap=17789.67 
[2026-10-06 16:21:43]	[CulturalDiffusion] inject 80,31 civ=3 culture=4 vitality=16.3 strength=4.49 stock=326.15 cap=8977.46 
[2026-10-06 16:21:43]	[CulturalDiffusion] frontier city=65536 ring=4 best=2935.07 bar=300 over=5/23 center=2491.23 
[2026-10-06 16:21:43]	[CulturalDiffusion] frontier city=196609 ring=4 best=2935.07 bar=300 over=15/24 center=628.12 
[2026-10-06 16:21:43]	[CulturalDiffusion] frontier city=262146 ring=4 best=2935.07 bar=300 over=10/24 center=220.98 
[2026-10-06 16:21:43]	[CulturalDiffusion] frontier city=327683 ring=4 best=2935.07 bar=300 over=11/24 center=99.36 
[2026-10-06 16:21:43]	[CulturalDiffusion] frontier city=393220 ring=4 best=2935.07 bar=300 over=7/19 center=265.52 
[2026-10-06 16:21:43]	[CulturalDiffusion] frontier city=458757 ring=4 best=230.43 bar=300 over=0/24 center=51.97 
[2026-10-06 16:21:43]	[CulturalDiffusion] flip 90,24 -> player 0 via purchasePlot sent; pending confirmation next pass (was owner -1) 
[2026-10-06 16:21:43]	[CulturalDiffusion] state bytes=14543 field=403 claims=42 locked=42 passMs=26 
[2026-10-06 16:21:43]	[CulturalDiffusion] pass: 0 flip(s), 1 pending, 0 ceded (0 pending), 0 AI flip(s) (0 pending), 0 conquest(s) (0 pending), confirmed 0 claim/0 cede (0 dropped), 0 orphan(s) healed, 0 inner tile(s) released to base game, 403 active field tile(s) 
[2026-10-06 16:21:43]	[CulturalDiffusion] pass (turn 141): flips=0 field tiles=146 
[2026-10-06 16:21:44]	[CDH] TURN k=5 turn=141 age=AGE_ANTIQUITY blocker=NEW_POPULATION 
[2026-10-06 16:21:53]	[CDH] OBS T5: age=AGE_ANTIQUITY turn=141 ownerChanges=1 missionaries=0 moved=0 idleWithMoves=0 gone=0 flipsNearMissionary=0 (district 0) onFlipped=0 jsErrors=37 amAuto=absent 
[2026-10-06 16:21:53]	[CDH] INV T5: claims=42 stale=0 localInner=1 district=0 center=0 pending=1 bytes=14528 
[2026-10-06 16:21:53]	[CDH] SEED T5: 400 frontier tiles seeded, state bytes=18096 
[2026-10-06 16:21:55]	[CDH] JSERR Error: Expected this.unit to be non-null. @ fs://game/base-standard/ui/unit-flags/unit-flags.js:348 
[2026-10-06 16:21:56]	[CDH] JSERR Error: Expected this.unit to be non-null. @ fs://game/base-standard/ui/unit-flags/unit-flags.js:348 
[2026-10-06 16:21:56]	[CDH] JSERR Error: Expected this.unit to be non-null. @ fs://game/base-standard/ui/unit-flags/unit-flags.js:348 
[2026-10-06 16:21:56]	[CDH] JSERR Error: Expected this.unit to be non-null. @ fs://game/base-standard/ui/unit-flags/unit-flags.js:348 
[2026-10-06 16:21:56]	[CDH] JSERR Error: Expected this.unit to be non-null. @ fs://game/base-standard/ui/unit-flags/unit-flags.js:348 
[2026-10-06 16:21:56]	[CDH] JSERR Error: Expected this.unit to be non-null. @ fs://game/base-standard/ui/unit-flags/unit-flags.js:348 
[2026-10-06 16:21:56]	[CulturalDiffusion] capture: city 589832 now player 5's (from 39); culture transferred on 6 of 12 tile(s) 
[2026-10-06 16:21:57]	[CDH] JSERR Error: Expected this.unit to be non-null. @ fs://game/base-standard/ui/unit-flags/unit-flags.js:348 
[2026-10-06 16:21:58]	[CDH] JSERR Error: Expected this.unit to be non-null. @ fs://game/base-standard/ui/unit-flags/unit-flags.js:348 
[2026-10-06 16:21:58]	[CDH] JSERR Error: Expected this.unit to be non-null. @ fs://game/base-standard/ui/unit-flags/unit-flags.js:348 
[2026-10-06 16:21:58]	[CDH] JSERR Error: Expected this.unit to be non-null. @ fs://game/base-standard/ui/unit-flags/unit-flags.js:348 
[2026-10-06 16:22:03]	[CulturalDiffusion] notify: (90,24) unowned -> player 0 
[2026-10-06 16:22:03]	[CulturalDiffusion] pending 90,24 claim confirmed on the live map 
[2026-10-06 16:22:03]	[CulturalDiffusion] inject 92,32 civ=0 culture=38.5 vitality=55.41 strength=63.67 stock=3606.43 cap=127336.02 
[2026-10-06 16:22:03]	[CulturalDiffusion] inject 87,32 civ=0 culture=13 vitality=32.25 strength=26.01 stock=858.19 cap=52021.37 
[2026-10-06 16:22:03]	[CulturalDiffusion] inject 90,37 civ=0 culture=1 vitality=19.9 strength=4.15 stock=324.69 cap=8293.38 
[2026-10-06 16:22:03]	[CulturalDiffusion] inject 84,35 civ=0 culture=1 vitality=23.4 strength=4.39 stock=120.34 cap=8777.26 
[2026-10-06 16:22:03]	[CulturalDiffusion] inject 93,26 civ=0 culture=5 vitality=22.35 strength=12.29 stock=338.83 cap=24587.3 
[2026-10-06 16:22:03]	[CulturalDiffusion] inject 86,20 civ=0 culture=0 vitality=8 strength=0 stock=53.91 cap=0 
[2026-10-06 16:22:03]	[CulturalDiffusion] inject 82,23 civ=3 culture=5 vitality=20.65 strength=5.65 stock=1518.9 cap=11299 
[2026-10-06 16:22:03]	[CulturalDiffusion] inject 81,18 civ=3 culture=8 vitality=32.75 strength=9.01 stock=277.2 cap=18022.71 
[2026-10-06 16:22:03]	[CulturalDiffusion] inject 80,31 civ=3 culture=5 vitality=17.75 strength=5.36 stock=458.67 cap=10716.12 
[2026-10-06 16:22:03]	[CulturalDiffusion] frontier city=65536 ring=4 best=2787.32 bar=300 over=6/23 center=3606.43 
[2026-10-06 16:22:03]	[CulturalDiffusion] frontier city=196609 ring=4 best=3799 bar=300 over=16/24 center=858.19 
[2026-10-06 16:22:03]	[CulturalDiffusion] frontier city=262146 ring=4 best=3799 bar=300 over=11/24 center=324.69 
[2026-10-06 16:22:03]	[CulturalDiffusion] frontier city=327683 ring=4 best=3799 bar=300 over=14/24 center=120.34 
[2026-10-06 16:22:03]	[CulturalDiffusion] frontier city=393220 ring=4 best=2787.32 bar=300 over=7/19 center=338.83 
[2026-10-06 16:22:03]	[CulturalDiffusion] frontier city=458757 ring=4 best=296.7 bar=300 over=0/24 center=53.91 
[2026-10-06 16:22:03]	[CulturalDiffusion] flip 86,39 -> player 0 via purchasePlot sent; pending confirmation next pass (was owner -1) 
[2026-10-06 16:22:03]	[CulturalDiffusion] flip 88,26 -> player 0 via purchasePlot sent; pending confirmation next pass (was owner -1) 
[2026-10-06 16:22:03]	[CulturalDiffusion] flip 87,25 -> player 0 via purchasePlot sent; pending confirmation next pass (was owner -1) 
[2026-10-06 16:22:03]	[CulturalDiffusion] flip 84,28 -> player 0 via purchasePlot sent; pending confirmation next pass (was owner -1) 
[2026-10-06 16:22:03]	[CulturalDiffusion] flip 87,40 -> player 0 via purchasePlot sent; pending confirmation next pass (was owner -1) 
[2026-10-06 16:22:03]	[CulturalDiffusion] flip 87,26 -> player 0 via purchasePlot sent; pending confirmation next pass (was owner -1) 
[2026-10-06 16:22:03]	[CulturalDiffusion] flip 91,43 -> player 0 via purchasePlot sent; pending confirmation next pass (was owner -1) 
[2026-10-06 16:22:03]	[CulturalDiffusion] flip 90,43 -> player 0 via purchasePlot sent; pending confirmation next pass (was owner 33) 
[2026-10-06 16:22:03]	[CulturalDiffusion] flip 86,42 -> player 4 via purchasePlot sent; pending confirmation next pass (was owner -1) 
[2026-10-06 16:22:03]	[CulturalDiffusion] state bytes=14532 field=416 claims=43 locked=43 passMs=32 
[2026-10-06 16:22:03]	[CulturalDiffusion] pass: 0 flip(s), 8 pending, 0 ceded (0 pending), 0 AI flip(s) (1 pending), 0 conquest(s) (0 pending), confirmed 1 claim/0 cede (0 dropped), 0 orphan(s) healed, 0 inner tile(s) released to base game, 416 active field tile(s) 
[2026-10-06 16:22:03]	[CulturalDiffusion] pass (turn 142): flips=0 field tiles=124 
[2026-10-06 16:22:04]	[CDH] TURN k=6 turn=142 age=AGE_ANTIQUITY blocker=NEW_POPULATION 
[2026-10-06 16:22:05]	[CulturalDiffusion] flip 90,43 with teardown: torn=2 cleared=true buy=purchasePlot landed=true rebuilt=true improvement=IMPROVEMENT_CAMP 
[2026-10-06 16:22:13]	[CDH] OBS T6: age=AGE_ANTIQUITY turn=142 ownerChanges=9 missionaries=0 moved=0 idleWithMoves=0 gone=0 flipsNearMissionary=0 (district 0) onFlipped=0 jsErrors=47 amAuto=absent 
[2026-10-06 16:22:13]	[CDH] INV T6: claims=43 stale=0 localInner=1 district=0 center=0 pending=9 bytes=14517 
[2026-10-06 16:22:19]	[CDH] JSERR Error: Expected this.unit to be non-null. @ fs://game/base-standard/ui/unit-flags/unit-flags.js:348 
[2026-10-06 16:22:19]	[CDH] JSERR Error: Expected this.unit to be non-null. @ fs://game/base-standard/ui/unit-flags/unit-flags.js:348 
[2026-10-06 16:22:21]	[CDH] JSERR Error: Expected this.unit to be non-null. @ fs://game/base-standard/ui/unit-flags/unit-flags.js:348 
[2026-10-06 16:22:21]	[CDH] JSERR Error: Expected this.unit to be non-null. @ fs://game/base-standard/ui/unit-flags/unit-flags.js:348 
[2026-10-06 16:22:25]	[CDH] TURN k=7 turn=143 age=AGE_ANTIQUITY blocker=NEW_POPULATION 
[2026-10-06 16:22:25]	[CulturalDiffusion] notify: (86,39) unowned -> player 0 
[2026-10-06 16:22:25]	[CulturalDiffusion] pending 86,39 claim confirmed on the live map 
[2026-10-06 16:22:25]	[CulturalDiffusion] notify: (88,26) unowned -> player 0 
[2026-10-06 16:22:25]	[CulturalDiffusion] pending 88,26 claim confirmed on the live map 
[2026-10-06 16:22:25]	[CulturalDiffusion] notify: (87,25) unowned -> player 0 
[2026-10-06 16:22:25]	[CulturalDiffusion] pending 87,25 claim confirmed on the live map 
[2026-10-06 16:22:25]	[CulturalDiffusion] notify: (84,28) unowned -> player 0 
[2026-10-06 16:22:25]	[CulturalDiffusion] pending 84,28 claim confirmed on the live map 
[2026-10-06 16:22:25]	[CulturalDiffusion] notify: (87,40) unowned -> player 0 
[2026-10-06 16:22:25]	[CulturalDiffusion] pending 87,40 claim confirmed on the live map 
[2026-10-06 16:22:25]	[CulturalDiffusion] notify: (87,26) unowned -> player 0 
[2026-10-06 16:22:25]	[CulturalDiffusion] pending 87,26 claim confirmed on the live map 
[2026-10-06 16:22:25]	[CulturalDiffusion] notify: (91,43) unowned -> player 0 
[2026-10-06 16:22:25]	[CulturalDiffusion] pending 91,43 claim confirmed on the live map 
[2026-10-06 16:22:25]	[CulturalDiffusion] notify: (90,43) player 33 -> player 0 
[2026-10-06 16:22:25]	[CulturalDiffusion] pending 90,43 claim confirmed on the live map 
[2026-10-06 16:22:25]	[CulturalDiffusion] notify: (86,42) unowned -> player 4 
[2026-10-06 16:22:25]	[CulturalDiffusion] pending 86,42 claim confirmed on the live map 
[2026-10-06 16:22:25]	[CulturalDiffusion] inject 92,32 civ=0 culture=38.5 vitality=55.41 strength=62.38 stock=4885.92 cap=124755.06 
[2026-10-06 16:22:25]	[CulturalDiffusion] inject 87,32 civ=0 culture=13 vitality=34.15 strength=26 stock=1119.27 cap=51998.41 
[2026-10-06 16:22:25]	[CulturalDiffusion] inject 90,37 civ=0 culture=1 vitality=21.6 strength=4.18 stock=410.05 cap=8361.78 
[2026-10-06 16:22:25]	[CulturalDiffusion] inject 84,35 civ=0 culture=1 vitality=23.4 strength=4.3 stock=141.59 cap=8599.35 
[2026-10-06 16:22:25]	[CulturalDiffusion] inject 93,26 civ=0 culture=5 vitality=22.35 strength=12.04 stock=416.76 cap=24088.94 
[2026-10-06 16:22:25]	[CulturalDiffusion] inject 86,20 civ=0 culture=0 vitality=7.24 strength=0 stock=59.33 cap=0 
[2026-10-06 16:22:25]	[CulturalDiffusion] inject 82,23 civ=3 culture=5 vitality=20.65 strength=5.64 stock=1537.04 cap=11273.42 
[2026-10-06 16:22:25]	[CulturalDiffusion] inject 81,18 civ=3 culture=8 vitality=32.75 strength=8.99 stock=330.31 cap=17981.91 
[2026-10-06 16:22:25]	[CulturalDiffusion] inject 80,31 civ=3 culture=5 vitality=18.75 strength=5.45 stock=495.74 cap=10898.94 
[2026-10-06 16:22:25]	[CulturalDiffusion] frontier city=65536 ring=4 best=2646.95 bar=300 over=7/23 center=4885.92 
[2026-10-06 16:22:25]	[CulturalDiffusion] frontier city=196609 ring=4 best=3608.05 bar=300 over=17/24 center=1119.27 
[2026-10-06 16:22:25]	[CulturalDiffusion] frontier city=262146 ring=4 best=3608.05 bar=300 over=11/24 center=410.05 
[2026-10-06 16:22:25]	[CulturalDiffusion] frontier city=327683 ring=4 best=3608.05 bar=300 over=17/24 center=141.59 
[2026-10-06 16:22:25]	[CulturalDiffusion] frontier city=393220 ring=4 best=2646.95 bar=300 over=7/19 center=416.76 
[2026-10-06 16:22:25]	[CulturalDiffusion] frontier city=458757 ring=4 best=384 bar=300 over=1/24 center=59.33 
[2026-10-06 16:22:25]	[CulturalDiffusion] flip 88,24 -> player 0 via purchasePlot sent; pending confirmation next pass (was owner -1) 
[2026-10-06 16:22:25]	[CulturalDiffusion] flip 85,39 -> player 0 via purchasePlot sent; pending confirmation next pass (was owner -1) 
[2026-10-06 16:22:25]	[CulturalDiffusion] flip 81,36 -> player 0 via purchasePlot sent; pending confirmation next pass (was owner -1) 
[2026-10-06 16:22:25]	[CulturalDiffusion] flip 86,25 -> player 0 via purchasePlot sent; pending confirmation next pass (was owner -1) 
[2026-10-06 16:22:25]	[CulturalDiffusion] flip 87,42 -> player 0 via purchasePlot sent; pending confirmation next pass (was owner -1) 
[2026-10-06 16:22:25]	[CulturalDiffusion] flip 86,41 -> player 0 via purchasePlot sent; pending confirmation next pass (was owner -1) 
[2026-10-06 16:22:25]	[CulturalDiffusion] flip 85,41 -> player 4 via purchasePlot sent; pending confirmation next pass (was owner -1) 
[2026-10-06 16:22:25]	[CulturalDiffusion] flip 85,16 -> player 3 via purchasePlot sent; pending confirmation next pass (was owner -1) 
[2026-10-06 16:22:25]	[CulturalDiffusion] state bytes=16318 field=426 claims=52 locked=52 passMs=36 
[2026-10-06 16:22:25]	[CulturalDiffusion] pass: 0 flip(s), 6 pending, 0 ceded (0 pending), 0 AI flip(s) (2 pending), 0 conquest(s) (0 pending), confirmed 9 claim/0 cede (0 dropped), 0 orphan(s) healed, 0 inner tile(s) released to base game, 426 active field tile(s) 
[2026-10-06 16:22:25]	[CulturalDiffusion] pass (turn 143): flips=0 field tiles=155 
[2026-10-06 16:22:34]	[CDH] OBS T7: age=AGE_ANTIQUITY turn=143 ownerChanges=8 missionaries=0 moved=0 idleWithMoves=0 gone=0 flipsNearMissionary=0 (district 0) onFlipped=0 jsErrors=51 amAuto=absent 
[2026-10-06 16:22:34]	[CDH] INV T7: claims=52 stale=0 localInner=1 district=0 center=0 pending=8 bytes=16303 
[2026-10-06 16:22:35]	[CDH] JSERR Error: Expected this.unit to be non-null. @ fs://game/base-standard/ui/unit-flags/unit-flags.js:348 
[2026-10-06 16:22:35]	[CDH] JSERR Error: Expected this.unit to be non-null. @ fs://game/base-standard/ui/unit-flags/unit-flags.js:348 
[2026-10-06 16:22:36]	[CDH] JSERR Error: Expected this.unit to be non-null. @ fs://game/base-standard/ui/unit-flags/unit-flags.js:348 
[2026-10-06 16:22:38]	[CDH] JSERR Error: Expected this.unit to be non-null. @ fs://game/base-standard/ui/unit-flags/unit-flags.js:348 
[2026-10-06 16:22:38]	[CDH] JSERR Error: Expected this.unit to be non-null. @ fs://game/base-standard/ui/unit-flags/unit-flags.js:348 
[2026-10-06 16:22:38]	[CDH] JSERR Error: Expected this.unit to be non-null. @ fs://game/base-standard/ui/unit-flags/unit-flags.js:348 
[2026-10-06 16:22:42]	[CulturalDiffusion] notify: (88,24) unowned -> player 0 
[2026-10-06 16:22:42]	[CulturalDiffusion] pending 88,24 claim confirmed on the live map 
[2026-10-06 16:22:42]	[CulturalDiffusion] notify: (85,39) unowned -> player 0 
[2026-10-06 16:22:42]	[CulturalDiffusion] pending 85,39 claim confirmed on the live map 
[2026-10-06 16:22:42]	[CulturalDiffusion] notify: (81,36) unowned -> player 0 
[2026-10-06 16:22:42]	[CulturalDiffusion] pending 81,36 claim confirmed on the live map 
[2026-10-06 16:22:42]	[CulturalDiffusion] notify: (86,25) unowned -> player 0 
[2026-10-06 16:22:42]	[CulturalDiffusion] pending 86,25 claim confirmed on the live map 
[2026-10-06 16:22:42]	[CulturalDiffusion] notify: (87,42) unowned -> player 0 
[2026-10-06 16:22:42]	[CulturalDiffusion] pending 87,42 claim confirmed on the live map 
[2026-10-06 16:22:42]	[CulturalDiffusion] notify: (86,41) unowned -> player 0 
[2026-10-06 16:22:42]	[CulturalDiffusion] pending 86,41 claim confirmed on the live map 
[2026-10-06 16:22:42]	[CulturalDiffusion] notify: (85,41) unowned -> player 4 
[2026-10-06 16:22:42]	[CulturalDiffusion] pending 85,41 claim confirmed on the live map 
[2026-10-06 16:22:42]	[CulturalDiffusion] notify: (85,16) unowned -> player 3 
[2026-10-06 16:22:42]	[CulturalDiffusion] pending 85,16 claim confirmed on the live map 
[2026-10-06 16:22:42]	[CulturalDiffusion] inject 92,32 civ=0 culture=38.5 vitality=55.41 strength=62.39 stock=6339.55 cap=124773.1 
[2026-10-06 16:22:42]	[CulturalDiffusion] inject 87,32 civ=0 culture=13 vitality=34.15 strength=26 stock=1409.23 cap=52005.92 
[2026-10-06 16:22:42]	[CulturalDiffusion] inject 90,37 civ=0 culture=1 vitality=21.6 strength=4.18 stock=522.79 cap=8362.99 
[2026-10-06 16:22:42]	[CulturalDiffusion] inject 84,35 civ=0 culture=1 vitality=23.4 strength=4.3 stock=163.33 cap=8600.59 
[2026-10-06 16:22:42]	[CulturalDiffusion] inject 93,26 civ=0 culture=5 vitality=22.35 strength=12.05 stock=500.16 cap=24092.43 
[2026-10-06 16:22:42]	[CulturalDiffusion] inject 86,20 civ=0 culture=0 vitality=6.83 strength=0 stock=64.02 cap=0 
[2026-10-06 16:22:42]	[CulturalDiffusion] inject 82,23 civ=3 culture=5 vitality=20.65 strength=5.64 stock=1554.87 cap=11285.43 
[2026-10-06 16:22:42]	[CulturalDiffusion] inject 81,18 civ=3 culture=8 vitality=32.75 strength=9 stock=386.15 cap=18001.06 
[2026-10-06 16:22:42]	[CulturalDiffusion] inject 80,31 civ=3 culture=5 vitality=20.55 strength=5.63 stock=555.62 cap=11266.27 
[2026-10-06 16:22:42]	[CulturalDiffusion] inject 79,39 civ=5 culture=0.95 vitality=2.67 strength=1.44 stock=10 cap=2878.64 
[2026-10-06 16:22:42]	[CulturalDiffusion] frontier city=65536 ring=4 best=2513.6 bar=300 over=7/23 center=6339.55 
[2026-10-06 16:22:42]	[CulturalDiffusion] frontier city=196609 ring=4 best=3426.65 bar=300 over=16/24 center=1409.23 
[2026-10-06 16:22:42]	[CulturalDiffusion] frontier city=262146 ring=4 best=3426.65 bar=300 over=12/24 center=522.79 
[2026-10-06 16:22:42]	[CulturalDiffusion] frontier city=327683 ring=4 best=3426.65 bar=300 over=16/24 center=163.33 
[2026-10-06 16:22:42]	[CulturalDiffusion] frontier city=393220 ring=4 best=2513.6 bar=300 over=6/19 center=500.16 
[2026-10-06 16:22:42]	[CulturalDiffusion] frontier city=458757 ring=4 best=364.7 bar=300 over=1/24 center=64.02 
[2026-10-06 16:22:42]	[CulturalDiffusion] flip 81,37 -> player 0 via purchasePlot sent; pending confirmation next pass (was owner -1) 
[2026-10-06 16:22:42]	[CulturalDiffusion] flip 85,40 -> player 4 via purchasePlot sent; pending confirmation next pass (was owner -1) 
[2026-10-06 16:22:42]	[CulturalDiffusion] state bytes=17545 field=434 claims=60 locked=60 passMs=29 
[2026-10-06 16:22:42]	[CulturalDiffusion] pass: 0 flip(s), 1 pending, 0 ceded (0 pending), 0 AI flip(s) (1 pending), 0 conquest(s) (0 pending), confirmed 8 claim/0 cede (0 dropped), 0 orphan(s) healed, 0 inner tile(s) released to base game, 434 active field tile(s) 
[2026-10-06 16:22:42]	[CulturalDiffusion] pass (turn 144): flips=0 field tiles=156 
[2026-10-06 16:22:43]	[CDH] TURN k=8 turn=144 age=AGE_ANTIQUITY blocker=NEW_POPULATION 
[2026-10-06 16:22:47]	[CDH] JSERR Error: Expected this.unit to be non-null. @ fs://game/base-standard/ui/unit-flags/unit-flags.js:348 
[2026-10-06 16:22:47]	[CDH] JSERR Error: Expected this.unit to be non-null. @ fs://game/base-standard/ui/unit-flags/unit-flags.js:348 
[2026-10-06 16:22:48]	[CDH] JSERR Error: Expected this.unit to be non-null. @ fs://game/base-standard/ui/unit-flags/unit-flags.js:348 
[2026-10-06 16:22:50]	[CDH] JSERR Error: Expected this.unit to be non-null. @ fs://game/base-standard/ui/unit-flags/unit-flags.js:348 
[2026-10-06 16:22:50]	[CDH] JSERR Error: Expected this.unit to be non-null. @ fs://game/base-standard/ui/unit-flags/unit-flags.js:348 
[2026-10-06 16:22:51]	[CDH] JSERR Error: Expected this.unit to be non-null. @ fs://game/base-standard/ui/unit-flags/unit-flags.js:348 
[2026-10-06 16:22:52]	[CDH] JSERR Error: Expected this.unit to be non-null. @ fs://game/base-standard/ui/unit-flags/unit-flags.js:348 
[2026-10-06 16:22:52]	[CDH] JSERR Error: Expected this.unit to be non-null. @ fs://game/base-standard/ui/unit-flags/unit-flags.js:348 
[2026-10-06 16:22:52]	[CDH] JSERR Error: Expected this.unit to be non-null. @ fs://game/base-standard/ui/unit-flags/unit-flags.js:348 
[2026-10-06 16:22:52]	[CDH] OBS T8: age=AGE_ANTIQUITY turn=144 ownerChanges=13 missionaries=0 moved=0 idleWithMoves=0 gone=0 flipsNearMissionary=0 (district 0) onFlipped=0 jsErrors=66 amAuto=absent 
[2026-10-06 16:22:52]	[CDH] INV T8: claims=60 stale=0 localInner=1 district=0 center=0 pending=2 bytes=17530 
[2026-10-06 16:22:53]	[CDH] JSERR Error: Expected this.unit to be non-null. @ fs://game/base-standard/ui/unit-flags/unit-flags.js:348 
[2026-10-06 16:22:53]	[CDH] JSERR Error: Expected this.unit to be non-null. @ fs://game/base-standard/ui/unit-flags/unit-flags.js:348 
[2026-10-06 16:22:54]	[CDH] JSERR Error: Expected this.unit to be non-null. @ fs://game/base-standard/ui/unit-flags/unit-flags.js:348 
[2026-10-06 16:22:54]	[CDH] JSERR Error: Expected this.unit to be non-null. @ fs://game/base-standard/ui/unit-flags/unit-flags.js:348 
[2026-10-06 16:22:54]	[CDH] JSERR Error: Expected this.unit to be non-null. @ fs://game/base-standard/ui/unit-flags/unit-flags.js:348 
[2026-10-06 16:22:54]	[CDH] JSERR Error: Expected this.unit to be non-null. @ fs://game/base-standard/ui/unit-flags/unit-flags.js:348 
[2026-10-06 16:22:55]	[CDH] JSERR Error: Expected this.unit to be non-null. @ fs://game/base-standard/ui/unit-flags/unit-flags.js:348 
[2026-10-06 16:22:55]	[CDH] JSERR Error: Expected this.unit to be non-null. @ fs://game/base-standard/ui/unit-flags/unit-flags.js:348 
[2026-10-06 16:22:55]	[CDH] JSERR Error: Expected this.unit to be non-null. @ fs://game/base-standard/ui/unit-flags/unit-flags.js:348 
[2026-10-06 16:22:55]	[CDH] JSERR Error: Expected this.unit to be non-null. @ fs://game/base-standard/ui/unit-flags/unit-flags.js:348 
[2026-10-06 16:22:55]	[CDH] JSERR Error: Expected this.unit to be non-null. @ fs://game/base-standard/ui/unit-flags/unit-flags.js:348 
[2026-10-06 16:22:55]	[CDH] JSERR Error: Expected this.unit to be non-null. @ fs://game/base-standard/ui/unit-flags/unit-flags.js:348 
[2026-10-06 16:22:55]	[CDH] JSERR Error: Expected this.unit to be non-null. @ fs://game/base-standard/ui/unit-flags/unit-flags.js:348 
[2026-10-06 16:22:55]	[CDH] JSERR Error: Expected this.unit to be non-null. @ fs://game/base-standard/ui/unit-flags/unit-flags.js:348 
[2026-10-06 16:22:57]	[CDH] TURN k=9 turn=145 age=AGE_ANTIQUITY blocker=NEW_POPULATION 
[2026-10-06 16:22:57]	[CulturalDiffusion] notify: (81,37) unowned -> player 0 
[2026-10-06 16:22:57]	[CulturalDiffusion] pending 81,37 claim confirmed on the live map 
[2026-10-06 16:22:57]	[CulturalDiffusion] notify: (85,40) unowned -> player 4 
[2026-10-06 16:22:57]	[CulturalDiffusion] pending 85,40 claim confirmed on the live map 
[2026-10-06 16:22:57]	[CulturalDiffusion] inject 92,32 civ=0 culture=38.5 vitality=54.8 strength=61.36 stock=7923.8 cap=122723.92 
[2026-10-06 16:22:57]	[CulturalDiffusion] inject 87,32 civ=0 culture=13 vitality=34.15 strength=25.68 stock=1721.07 cap=51351.9 
[2026-10-06 16:22:57]	[CulturalDiffusion] inject 90,37 civ=0 culture=1 vitality=21.6 strength=4.13 stock=542.22 cap=8257.82 
[2026-10-06 16:22:57]	[CulturalDiffusion] inject 84,35 civ=0 culture=1 vitality=23.4 strength=4.25 stock=185.18 cap=8492.43 
[2026-10-06 16:22:57]	[CulturalDiffusion] inject 93,26 civ=0 culture=5 vitality=22.35 strength=11.89 stock=587.18 cap=23789.44 
[2026-10-06 16:22:57]	[CulturalDiffusion] inject 86,20 civ=0 culture=0 vitality=6.48 strength=0 stock=68.04 cap=0 
[2026-10-06 16:22:57]	[CulturalDiffusion] inject 82,23 civ=3 culture=5 vitality=20.65 strength=5.62 stock=1571.93 cap=11236.82 
[2026-10-06 16:22:57]	[CulturalDiffusion] inject 81,18 civ=3 culture=8 vitality=32.75 strength=8.96 stock=444.05 cap=17923.52 
[2026-10-06 16:22:57]	[CulturalDiffusion] inject 80,31 civ=3 culture=5 vitality=20.55 strength=5.61 stock=595.69 cap=11217.74 
[2026-10-06 16:22:57]	[CulturalDiffusion] inject 79,39 civ=5 culture=2 vitality=6.65 strength=3.13 stock=22.33 cap=6255.36 
[2026-10-06 16:22:57]	[CulturalDiffusion] frontier city=65536 ring=4 best=2386.92 bar=300 over=7/23 center=7923.8 
[2026-10-06 16:22:57]	[CulturalDiffusion] frontier city=196609 ring=4 best=3254.32 bar=300 over=17/24 center=1721.07 
[2026-10-06 16:22:57]	[CulturalDiffusion] frontier city=262146 ring=4 best=3254.32 bar=300 over=13/24 center=542.22 
[2026-10-06 16:22:57]	[CulturalDiffusion] frontier city=327683 ring=4 best=3254.32 bar=300 over=16/24 center=185.18 
[2026-10-06 16:22:57]	[CulturalDiffusion] frontier city=393220 ring=4 best=2386.92 bar=300 over=6/19 center=587.18 
[2026-10-06 16:22:57]	[CulturalDiffusion] frontier city=458757 ring=4 best=346.37 bar=300 over=1/24 center=68.04 
[2026-10-06 16:22:57]	[CulturalDiffusion] flip 84,40 -> player 4 via purchasePlot sent; pending confirmation next pass (was owner -1) 
[2026-10-06 16:22:57]	[CulturalDiffusion] state bytes=17476 field=435 claims=62 locked=62 passMs=28 
[2026-10-06 16:22:57]	[CulturalDiffusion] pass: 0 flip(s), 0 pending, 0 ceded (0 pending), 0 AI flip(s) (1 pending), 0 conquest(s) (0 pending), confirmed 2 claim/0 cede (0 dropped), 0 orphan(s) healed, 0 inner tile(s) released to base game, 435 active field tile(s) 
[2026-10-06 16:22:57]	[CulturalDiffusion] pass (turn 145): flips=0 field tiles=158 
[2026-10-06 16:23:06]	[CDH] OBS T9: age=AGE_ANTIQUITY turn=145 ownerChanges=1 missionaries=0 moved=0 idleWithMoves=0 gone=0 flipsNearMissionary=0 (district 0) onFlipped=0 jsErrors=80 amAuto=absent 
[2026-10-06 16:23:06]	[CDH] INV T9: claims=62 stale=0 localInner=1 district=0 center=0 pending=1 bytes=17461 
[2026-10-06 16:23:08]	[CDH] JSERR Error: Expected this.unit to be non-null. @ fs://game/base-standard/ui/unit-flags/unit-flags.js:348 
[2026-10-06 16:23:08]	[CDH] JSERR Error: Expected this.unit to be non-null. @ fs://game/base-standard/ui/unit-flags/unit-flags.js:348 
[2026-10-06 16:23:09]	[CDH] JSERR Error: Expected this.unit to be non-null. @ fs://game/base-standard/ui/unit-flags/unit-flags.js:348 
[2026-10-06 16:23:09]	[CDH] JSERR Error: Expected this.unit to be non-null. @ fs://game/base-standard/ui/unit-flags/unit-flags.js:348 
[2026-10-06 16:23:11]	[CDH] JSERR Error: Expected this.unit to be non-null. @ fs://game/base-standard/ui/unit-flags/unit-flags.js:348 
[2026-10-06 16:23:12]	[CDH] JSERR Error: Expected this.unit to be non-null. @ fs://game/base-standard/ui/unit-flags/unit-flags.js:348 
[2026-10-06 16:23:13]	[CDH] JSERR Error: Expected this.unit to be non-null. @ fs://game/base-standard/ui/unit-flags/unit-flags.js:348 
[2026-10-06 16:23:13]	[CDH] JSERR Error: Expected this.unit to be non-null. @ fs://game/base-standard/ui/unit-flags/unit-flags.js:348 
[2026-10-06 16:23:13]	[CDH] JSERR Error: Expected this.unit to be non-null. @ fs://game/base-standard/ui/unit-flags/unit-flags.js:348 
[2026-10-06 16:23:15]	[CulturalDiffusion] notify: (84,40) unowned -> player 4 
[2026-10-06 16:23:15]	[CulturalDiffusion] pending 84,40 claim confirmed on the live map 
[2026-10-06 16:23:15]	[CulturalDiffusion] inject 92,32 civ=0 culture=38.5 vitality=53.3 strength=61.48 stock=9656.11 cap=122956.04 
[2026-10-06 16:23:15]	[CulturalDiffusion] inject 87,32 civ=0 culture=13 vitality=34.15 strength=25.98 stock=2061.38 cap=51951.23 
[2026-10-06 16:23:15]	[CulturalDiffusion] inject 90,37 civ=0 culture=1 vitality=21.6 strength=4.18 stock=561.78 cap=8354.2 
[2026-10-06 16:23:15]	[CulturalDiffusion] inject 84,35 civ=0 culture=1 vitality=23.4 strength=4.3 stock=207.56 cap=8591.55 
[2026-10-06 16:23:15]	[CulturalDiffusion] inject 93,26 civ=0 culture=5 vitality=22.35 strength=12.03 stock=679.76 cap=24067.09 
[2026-10-06 16:23:15]	[CulturalDiffusion] inject 86,20 civ=0 culture=0 vitality=11.99 strength=0 stock=71.45 cap=0 
[2026-10-06 16:23:15]	[CulturalDiffusion] inject 82,23 civ=3 culture=5 vitality=20.65 strength=5.63 stock=1588.73 cap=11253.56 
[2026-10-06 16:23:15]	[CulturalDiffusion] inject 81,18 civ=3 culture=8 vitality=32.75 strength=8.98 stock=504.09 cap=17950.22 
[2026-10-06 16:23:15]	[CulturalDiffusion] inject 80,31 civ=3 culture=5 vitality=20.55 strength=5.62 stock=635.41 cap=11234.45 
[2026-10-06 16:23:15]	[CulturalDiffusion] inject 79,39 civ=5 culture=0.85 vitality=5.89 strength=1.53 stock=33.02 cap=3067.95 
[2026-10-06 16:23:15]	[CulturalDiffusion] frontier city=65536 ring=4 best=2266.58 bar=300 over=7/23 center=9656.11 
[2026-10-06 16:23:15]	[CulturalDiffusion] frontier city=196609 ring=4 best=4171.65 bar=300 over=17/24 center=2061.38 
[2026-10-06 16:23:15]	[CulturalDiffusion] frontier city=262146 ring=4 best=3090.6 bar=300 over=12/24 center=561.78 
[2026-10-06 16:23:15]	[CulturalDiffusion] frontier city=327683 ring=4 best=3090.6 bar=300 over=16/24 center=207.56 
[2026-10-06 16:23:15]	[CulturalDiffusion] frontier city=393220 ring=4 best=2266.58 bar=300 over=7/19 center=679.76 
[2026-10-06 16:23:15]	[CulturalDiffusion] frontier city=458757 ring=4 best=328.96 bar=300 over=1/24 center=71.45 
[2026-10-06 16:23:15]	[CulturalDiffusion] flip 80,34 -> player 0 via purchasePlot sent; pending confirmation next pass (was owner -1) 
[2026-10-06 16:23:15]	[CulturalDiffusion] flip 83,40 -> player 4 via purchasePlot sent; pending confirmation next pass (was owner -1) 
[2026-10-06 16:23:15]	[CulturalDiffusion] state bytes=18401 field=435 claims=63 locked=63 passMs=29 
[2026-10-06 16:23:15]	[CulturalDiffusion] pass: 0 flip(s), 1 pending, 0 ceded (0 pending), 0 AI flip(s) (1 pending), 0 conquest(s) (0 pending), confirmed 1 claim/0 cede (0 dropped), 0 orphan(s) healed, 0 inner tile(s) released to base game, 435 active field tile(s) 
[2026-10-06 16:23:15]	[CulturalDiffusion] pass (turn 146): flips=0 field tiles=158 
[2026-10-06 16:23:17]	[CDH] TURN k=10 turn=146 age=AGE_ANTIQUITY blocker=NEW_POPULATION 
[2026-10-06 16:23:26]	[CDH] OBS T10: age=AGE_ANTIQUITY turn=146 ownerChanges=2 missionaries=0 moved=0 idleWithMoves=0 gone=0 flipsNearMissionary=0 (district 0) onFlipped=0 jsErrors=89 amAuto=absent 
[2026-10-06 16:23:26]	[CDH] INV T10: claims=63 stale=0 localInner=1 district=0 center=0 pending=2 bytes=18386 
[2026-10-06 16:23:26]	[CDH] SEED T10: 400 frontier tiles seeded, state bytes=21945 
[2026-10-06 16:23:27]	[CDH] JSERR Error: Expected this.unit to be non-null. @ fs://game/base-standard/ui/unit-flags/unit-flags.js:348 
[2026-10-06 16:23:30]	[CDH] JSERR Error: Expected this.unit to be non-null. @ fs://game/base-standard/ui/unit-flags/unit-flags.js:348 
[2026-10-06 16:23:31]	[CDH] JSERR Error: Expected this.unit to be non-null. @ fs://game/base-standard/ui/unit-flags/unit-flags.js:348 
[2026-10-06 16:23:33]	[CDH] JSERR Error: Expected this.unit to be non-null. @ fs://game/base-standard/ui/unit-flags/unit-flags.js:348 
[2026-10-06 16:23:33]	[CDH] JSERR Error: Expected this.unit to be non-null. @ fs://game/base-standard/ui/unit-flags/unit-flags.js:348 
[2026-10-06 16:23:33]	[CDH] JSERR Error: Expected this.unit to be non-null. @ fs://game/base-standard/ui/unit-flags/unit-flags.js:348 
[2026-10-06 16:23:33]	[CDH] JSERR Error: Expected this.unit to be non-null. @ fs://game/base-standard/ui/unit-flags/unit-flags.js:348 
[2026-10-06 16:23:34]	[CDH] JSERR Error: Expected this.unit to be non-null. @ fs://game/base-standard/ui/unit-flags/unit-flags.js:348 
[2026-10-06 16:23:34]	[CDH] JSERR Error: Expected this.unit to be non-null. @ fs://game/base-standard/ui/unit-flags/unit-flags.js:348 
[2026-10-06 16:23:34]	[CDH] JSERR Error: Expected this.unit to be non-null. @ fs://game/base-standard/ui/unit-flags/unit-flags.js:348 
[2026-10-06 16:23:34]	[CDH] JSERR Error: Expected this.unit to be non-null. @ fs://game/base-standard/ui/unit-flags/unit-flags.js:348 
[2026-10-06 16:23:34]	[CDH] JSERR Error: Expected this.unit to be non-null. @ fs://game/base-standard/ui/unit-flags/unit-flags.js:348 
[2026-10-06 16:23:34]	[CDH] JSERR Error: Expected this.unit to be non-null. @ fs://game/base-standard/ui/unit-flags/unit-flags.js:348 
[2026-10-06 16:23:35]	[CDH] JSERR Error: Expected this.unit to be non-null. @ fs://game/base-standard/ui/unit-flags/unit-flags.js:348 
[2026-10-06 16:23:37]	[CulturalDiffusion] notify: (80,34) unowned -> player 0 
[2026-10-06 16:23:37]	[CulturalDiffusion] pending 80,34 claim confirmed on the live map 
[2026-10-06 16:23:37]	[CulturalDiffusion] notify: (83,40) unowned -> player 4 
[2026-10-06 16:23:37]	[CulturalDiffusion] pending 83,40 claim confirmed on the live map 
[2026-10-06 16:23:37]	[CulturalDiffusion] inject 92,32 civ=0 culture=38.5 vitality=52.3 strength=61.35 stock=11517.31 cap=122707.74 
[2026-10-06 16:23:37]	[CulturalDiffusion] inject 87,32 civ=0 culture=13 vitality=34.15 strength=26.1 stock=2426.18 cap=52191.15 
[2026-10-06 16:23:37]	[CulturalDiffusion] inject 90,37 civ=0 culture=1 vitality=21.6 strength=4.2 stock=581.21 cap=8392.78 
[2026-10-06 16:23:37]	[CulturalDiffusion] inject 84,35 civ=0 culture=1 vitality=23.4 strength=4.32 stock=230.26 cap=8631.23 
[2026-10-06 16:23:37]	[CulturalDiffusion] inject 93,26 civ=0 culture=5 vitality=22.35 strength=12.09 stock=776.84 cap=24178.23 
[2026-10-06 16:23:37]	[CulturalDiffusion] inject 86,20 civ=0 culture=0 vitality=9.94 strength=0 stock=76.48 cap=0 
[2026-10-06 16:23:37]	[CulturalDiffusion] inject 82,23 civ=3 culture=5 vitality=20.65 strength=5.63 stock=1605.26 cap=11267.24 
[2026-10-06 16:23:37]	[CulturalDiffusion] inject 81,18 civ=3 culture=8 vitality=32.75 strength=8.99 stock=566.03 cap=17972.04 
[2026-10-06 16:23:37]	[CulturalDiffusion] inject 80,31 civ=3 culture=5 vitality=20.55 strength=5.62 stock=674.57 cap=11248.11 
[2026-10-06 16:23:37]	[CulturalDiffusion] inject 79,39 civ=5 culture=0.9 vitality=5.35 strength=1.6 stock=43.93 cap=3196.73 
[2026-10-06 16:23:37]	[CulturalDiffusion] frontier city=65536 ring=4 best=2152.25 bar=300 over=8/23 center=11517.31 
[2026-10-06 16:23:37]	[CulturalDiffusion] frontier city=196609 ring=4 best=5514.44 bar=300 over=18/24 center=2426.18 
[2026-10-06 16:23:37]	[CulturalDiffusion] frontier city=262146 ring=4 best=3799 bar=300 over=12/24 center=581.21 
[2026-10-06 16:23:37]	[CulturalDiffusion] frontier city=327683 ring=4 best=3799 bar=300 over=18/24 center=230.26 
[2026-10-06 16:23:37]	[CulturalDiffusion] frontier city=393220 ring=4 best=2152.25 bar=300 over=8/19 center=776.84 
[2026-10-06 16:23:37]	[CulturalDiffusion] frontier city=458757 ring=4 best=312.41 bar=300 over=1/24 center=76.48 
[2026-10-06 16:23:37]	[CulturalDiffusion] flip 84,39 -> player 0 via purchasePlot sent; pending confirmation next pass (was owner -1) 
[2026-10-06 16:23:37]	[CulturalDiffusion] flip 86,40 -> player 0 via purchasePlot sent; pending confirmation next pass (was owner -1) 
[2026-10-06 16:23:37]	[CulturalDiffusion] flip 87,43 -> player 0 via purchasePlot sent; pending confirmation next pass (was owner -1) 
[2026-10-06 16:23:37]	[CulturalDiffusion] flip 82,40 -> player 4 via purchasePlot sent; pending confirmation next pass (was owner -1) 
[2026-10-06 16:23:37]	[CulturalDiffusion] state bytes=17056 field=436 claims=65 locked=65 passMs=34 
[2026-10-06 16:23:37]	[CulturalDiffusion] pass: 0 flip(s), 3 pending, 0 ceded (0 pending), 0 AI flip(s) (1 pending), 0 conquest(s) (0 pending), confirmed 2 claim/0 cede (0 dropped), 0 orphan(s) healed, 0 inner tile(s) released to base game, 436 active field tile(s) 
[2026-10-06 16:23:37]	[CulturalDiffusion] pass (turn 147): flips=0 field tiles=158 
[2026-10-06 16:23:38]	[CDH] TURN k=11 turn=147 age=AGE_ANTIQUITY blocker=NEW_POPULATION 
[2026-10-06 16:23:47]	[CDH] OBS T11: age=AGE_ANTIQUITY turn=147 ownerChanges=4 missionaries=0 moved=0 idleWithMoves=0 gone=0 flipsNearMissionary=0 (district 0) onFlipped=0 jsErrors=103 amAuto=absent 
[2026-10-06 16:23:47]	[CDH] INV T11: claims=65 stale=0 localInner=1 district=0 center=0 pending=4 bytes=17041 
[2026-10-06 16:24:32]	[CDH] JSERR Error: Expected this.unit to be non-null. @ fs://game/base-standard/ui/unit-flags/unit-flags.js:348 
[2026-10-06 16:24:34]	[CDH] JSERR Error: Expected this.unit to be non-null. @ fs://game/base-standard/ui/unit-flags/unit-flags.js:348 
[2026-10-06 16:24:36]	[CDH] JSERR Error: Expected this.unit to be non-null. @ fs://game/base-standard/ui/unit-flags/unit-flags.js:348 
[2026-10-06 16:24:36]	[CDH] JSERR Error: Expected this.unit to be non-null. @ fs://game/base-standard/ui/unit-flags/unit-flags.js:348 
[2026-10-06 16:24:37]	[CDH] JSERR Error: Expected this.unit to be non-null. @ fs://game/base-standard/ui/unit-flags/unit-flags.js:348 
[2026-10-06 16:24:37]	[CDH] JSERR Error: Expected this.unit to be non-null. @ fs://game/base-standard/ui/unit-flags/unit-flags.js:348 
[2026-10-06 16:24:37]	[CDH] JSERR Error: Expected this.unit to be non-null. @ fs://game/base-standard/ui/unit-flags/unit-flags.js:348 
[2026-10-06 16:24:37]	[CDH] JSERR Error: Expected this.unit to be non-null. @ fs://game/base-standard/ui/unit-flags/unit-flags.js:348 
[2026-10-06 16:24:41]	[CulturalDiffusion] notify: (84,39) unowned -> player 0 
[2026-10-06 16:24:41]	[CulturalDiffusion] pending 84,39 claim confirmed on the live map 
[2026-10-06 16:24:41]	[CulturalDiffusion] notify: (86,40) unowned -> player 0 
[2026-10-06 16:24:41]	[CulturalDiffusion] pending 86,40 claim confirmed on the live map 
[2026-10-06 16:24:41]	[CulturalDiffusion] notify: (87,43) unowned -> player 0 
[2026-10-06 16:24:41]	[CulturalDiffusion] pending 87,43 claim confirmed on the live map 
[2026-10-06 16:24:41]	[CulturalDiffusion] notify: (82,40) unowned -> player 4 
[2026-10-06 16:24:41]	[CulturalDiffusion] pending 82,40 claim confirmed on the live map 
[2026-10-06 16:24:41]	[CulturalDiffusion] inject 92,32 civ=0 culture=38.5 vitality=52.3 strength=61.2 stock=13494.14 cap=122397.78 
[2026-10-06 16:24:41]	[CulturalDiffusion] inject 87,32 civ=0 culture=11 vitality=33.15 strength=23.11 stock=2754.73 cap=46219.26 
[2026-10-06 16:24:41]	[CulturalDiffusion] inject 90,37 civ=0 culture=1 vitality=21.6 strength=4.19 stock=600.23 cap=8371.58 
[2026-10-06 16:24:41]	[CulturalDiffusion] inject 84,35 civ=0 culture=1 vitality=23.4 strength=4.3 stock=253.05 cap=8609.42 
[2026-10-06 16:24:41]	[CulturalDiffusion] inject 93,26 civ=0 culture=5 vitality=22.35 strength=12.06 stock=877.17 cap=24117.16 
[2026-10-06 16:24:41]	[CulturalDiffusion] inject 86,20 civ=0 culture=0 vitality=11.89 strength=0 stock=80.77 cap=0 
[2026-10-06 16:24:41]	[CulturalDiffusion] inject 82,23 civ=3 culture=5 vitality=17.85 strength=5.34 stock=1616.91 cap=10685.67 
[2026-10-06 16:24:41]	[CulturalDiffusion] inject 81,18 civ=3 culture=8 vitality=29.95 strength=8.69 stock=626.82 cap=17383.82 
[2026-10-06 16:24:41]	[CulturalDiffusion] inject 80,31 civ=3 culture=5 vitality=20.55 strength=5.61 stock=714.32 cap=11225.67 
[2026-10-06 16:24:41]	[CulturalDiffusion] inject 79,39 civ=5 culture=0.9 vitality=5.35 strength=1.59 stock=54.82 cap=3188.96 
[2026-10-06 16:24:41]	[CulturalDiffusion] frontier city=65536 ring=4 best=2043.64 bar=300 over=8/23 center=13494.14 
[2026-10-06 16:24:41]	[CulturalDiffusion] frontier city=196609 ring=4 best=7089.3 bar=300 over=19/24 center=2754.73 
[2026-10-06 16:24:41]	[CulturalDiffusion] frontier city=262146 ring=4 best=3608.05 bar=300 over=13/24 center=600.23 
[2026-10-06 16:24:41]	[CulturalDiffusion] frontier city=327683 ring=4 best=3608.05 bar=300 over=18/24 center=253.05 
[2026-10-06 16:24:41]	[CulturalDiffusion] frontier city=393220 ring=4 best=2043.64 bar=300 over=8/19 center=877.17 
[2026-10-06 16:24:41]	[CulturalDiffusion] frontier city=458757 ring=4 best=296.7 bar=300 over=0/24 center=80.77 
[2026-10-06 16:24:41]	[CulturalDiffusion] flip 83,39 -> player 0 via purchasePlot sent; pending confirmation next pass (was owner -1) 
[2026-10-06 16:24:41]	[CulturalDiffusion] flip 81,39 -> player 4 via purchasePlot sent; pending confirmation next pass (was owner -1) 
[2026-10-06 16:24:41]	[CulturalDiffusion] flip 86,16 -> player 3 via purchasePlot sent; pending confirmation next pass (was owner -1) 
[2026-10-06 16:24:41]	[CulturalDiffusion] state bytes=17990 field=437 claims=69 locked=69 passMs=33 
[2026-10-06 16:24:41]	[CulturalDiffusion] pass: 0 flip(s), 1 pending, 0 ceded (0 pending), 0 AI flip(s) (2 pending), 0 conquest(s) (0 pending), confirmed 4 claim/0 cede (0 dropped), 0 orphan(s) healed, 0 inner tile(s) released to base game, 437 active field tile(s) 
[2026-10-06 16:24:41]	[CulturalDiffusion] pass (turn 148): flips=0 field tiles=160 
[2026-10-06 16:24:42]	[CDH] TURN k=12 turn=148 age=AGE_ANTIQUITY blocker=NEW_POPULATION 
[2026-10-06 16:24:51]	[CDH] OBS T12: age=AGE_ANTIQUITY turn=148 ownerChanges=3 missionaries=0 moved=0 idleWithMoves=0 gone=0 flipsNearMissionary=0 (district 0) onFlipped=0 jsErrors=111 amAuto=absent 
[2026-10-06 16:24:51]	[CDH] INV T12: claims=69 stale=0 localInner=1 district=0 center=0 pending=3 bytes=17975 
[2026-10-06 16:24:57]	[CDH] JSERR Error: Expected this.unit to be non-null. @ fs://game/base-standard/ui/unit-flags/unit-flags.js:348 
[2026-10-06 16:24:59]	[CDH] JSERR Error: Expected this.unit to be non-null. @ fs://game/base-standard/ui/unit-flags/unit-flags.js:348 
[2026-10-06 16:24:59]	[CDH] JSERR Error: Expected this.unit to be non-null. @ fs://game/base-standard/ui/unit-flags/unit-flags.js:348 
[2026-10-06 16:24:59]	[CDH] JSERR Error: Expected this.unit to be non-null. @ fs://game/base-standard/ui/unit-flags/unit-flags.js:348 
[2026-10-06 16:25:00]	[CDH] JSERR Error: Expected this.unit to be non-null. @ fs://game/base-standard/ui/unit-flags/unit-flags.js:348 
[2026-10-06 16:25:00]	[CDH] JSERR Error: Expected this.unit to be non-null. @ fs://game/base-standard/ui/unit-flags/unit-flags.js:348 
[2026-10-06 16:25:00]	[CDH] JSERR Error: Expected this.unit to be non-null. @ fs://game/base-standard/ui/unit-flags/unit-flags.js:348 
[2026-10-06 16:25:00]	[CDH] JSERR Error: Expected this.unit to be non-null. @ fs://game/base-standard/ui/unit-flags/unit-flags.js:348 
[2026-10-06 16:25:01]	[CDH] JSERR Error: Expected this.unit to be non-null. @ fs://game/base-standard/ui/unit-flags/unit-flags.js:348 
[2026-10-06 16:25:03]	[CDH] JSERR Error: Expected this.unit to be non-null. @ fs://game/base-standard/ui/unit-flags/unit-flags.js:348 
[2026-10-06 16:25:03]	[CulturalDiffusion] notify: (83,39) unowned -> player 0 
[2026-10-06 16:25:03]	[CulturalDiffusion] pending 83,39 claim confirmed on the live map 
[2026-10-06 16:25:03]	[CulturalDiffusion] notify: (81,39) unowned -> player 4 
[2026-10-06 16:25:03]	[CulturalDiffusion] pending 81,39 claim confirmed on the live map 
[2026-10-06 16:25:03]	[CulturalDiffusion] notify: (86,16) unowned -> player 3 
[2026-10-06 16:25:03]	[CulturalDiffusion] pending 86,16 claim confirmed on the live map 
[2026-10-06 16:25:03]	[CulturalDiffusion] inject 92,32 civ=0 culture=38.5 vitality=52.3 strength=76.19 stock=16256.09 cap=152373.23 
[2026-10-06 16:25:03]	[CulturalDiffusion] inject 87,32 civ=0 culture=11 vitality=33.15 strength=28.77 stock=3210.81 cap=57538.44 
[2026-10-06 16:25:03]	[CulturalDiffusion] inject 90,37 civ=0 culture=1 vitality=21.6 strength=5.21 stock=628.67 cap=10421.79 
[2026-10-06 16:25:03]	[CulturalDiffusion] inject 84,35 civ=0 culture=1 vitality=23.4 strength=5.36 stock=282.41 cap=10717.89 
[2026-10-06 16:25:03]	[CulturalDiffusion] inject 93,26 civ=0 culture=5 vitality=22.35 strength=15.01 stock=1014.5 cap=30023.5 
[2026-10-06 16:25:03]	[CulturalDiffusion] inject 86,20 civ=0 culture=0 vitality=9.94 strength=0 stock=84.39 cap=0 
[2026-10-06 16:25:03]	[CulturalDiffusion] inject 82,23 civ=3 culture=5 vitality=18.15 strength=9.78 stock=1697.41 cap=19565.03 
[2026-10-06 16:25:03]	[CulturalDiffusion] inject 81,18 civ=3 culture=8 vitality=30.25 strength=15.88 stock=758.43 cap=31754.52 
[2026-10-06 16:25:03]	[CulturalDiffusion] inject 80,31 civ=3 culture=5 vitality=20.85 strength=10.27 stock=802.11 cap=20538.12 
[2026-10-06 16:25:03]	[CulturalDiffusion] inject 79,39 civ=5 culture=0.9 vitality=5.35 strength=1.56 stock=65.55 cap=3113.83 
[2026-10-06 16:25:03]	[CulturalDiffusion] frontier city=65536 ring=4 best=1940.45 bar=300 over=8/23 center=16256.09 
[2026-10-06 16:25:03]	[CulturalDiffusion] frontier city=196609 ring=4 best=8903.23 bar=300 over=18/24 center=3210.81 
[2026-10-06 16:25:03]	[CulturalDiffusion] frontier city=262146 ring=4 best=3426.65 bar=300 over=14/24 center=628.67 
[2026-10-06 16:25:03]	[CulturalDiffusion] frontier city=327683 ring=4 best=3426.65 bar=300 over=17/24 center=282.41 
[2026-10-06 16:25:03]	[CulturalDiffusion] frontier city=393220 ring=4 best=1940.45 bar=300 over=8/19 center=1014.5 
[2026-10-06 16:25:03]	[CulturalDiffusion] frontier city=458757 ring=4 best=281.77 bar=300 over=0/24 center=84.39 
[2026-10-06 16:25:03]	[CulturalDiffusion] flip 82,39 -> player 0 via purchasePlot sent; pending confirmation next pass (was owner -1) 
[2026-10-06 16:25:03]	[CulturalDiffusion] state bytes=18938 field=438 claims=72 locked=72 passMs=31 
[2026-10-06 16:25:03]	[CulturalDiffusion] pass: 0 flip(s), 1 pending, 0 ceded (0 pending), 0 AI flip(s) (0 pending), 0 conquest(s) (0 pending), confirmed 3 claim/0 cede (0 dropped), 0 orphan(s) healed, 0 inner tile(s) released to base game, 438 active field tile(s) 
[2026-10-06 16:25:03]	[CulturalDiffusion] pass (turn 149): flips=0 field tiles=161 
[2026-10-06 16:25:05]	[CDH] TURN k=13 turn=149 age=AGE_ANTIQUITY blocker=NEW_POPULATION 
[2026-10-06 16:25:14]	[CDH] OBS T13: age=AGE_ANTIQUITY turn=149 ownerChanges=1 missionaries=0 moved=0 idleWithMoves=0 gone=0 flipsNearMissionary=0 (district 0) onFlipped=0 jsErrors=121 amAuto=absent 
[2026-10-06 16:25:14]	[CDH] INV T13: claims=72 stale=0 localInner=1 district=0 center=0 pending=1 bytes=18923 
[2026-10-06 16:25:17]	[CDH] JSERR Error: Expected this.unit to be non-null. @ fs://game/base-standard/ui/unit-flags/unit-flags.js:348 
[2026-10-06 16:25:19]	[CDH] JSERR Error: Expected this.unit to be non-null. @ fs://game/base-standard/ui/unit-flags/unit-flags.js:348 
[2026-10-06 16:25:19]	[CDH] JSERR Error: Expected this.unit to be non-null. @ fs://game/base-standard/ui/unit-flags/unit-flags.js:348 
[2026-10-06 16:25:19]	[CDH] JSERR Error: Expected this.unit to be non-null. @ fs://game/base-standard/ui/unit-flags/unit-flags.js:348 
[2026-10-06 16:25:19]	[CDH] JSERR Error: Expected this.unit to be non-null. @ fs://game/base-standard/ui/unit-flags/unit-flags.js:348 
[2026-10-06 16:25:20]	[CDH] JSERR Error: Expected this.unit to be non-null. @ fs://game/base-standard/ui/unit-flags/unit-flags.js:348 
[2026-10-06 16:25:26]	[CDH] JSERR Error: Expected this.unit to be non-null. @ fs://game/base-standard/ui/unit-flags/unit-flags.js:348 
[2026-10-06 16:25:26]	[CDH] JSERR Error: Expected this.unit to be non-null. @ fs://game/base-standard/ui/unit-flags/unit-flags.js:348 
[2026-10-06 16:25:29]	[CulturalDiffusion] notify: (82,39) unowned -> player 0 
[2026-10-06 16:25:29]	[CulturalDiffusion] pending 82,39 claim confirmed on the live map 
[2026-10-06 16:25:29]	[CulturalDiffusion] inject 92,32 civ=0 culture=38.5 vitality=52.3 strength=76.78 stock=19243.59 cap=153555.41 
[2026-10-06 16:25:29]	[CulturalDiffusion] inject 87,32 civ=0 culture=11 vitality=33.15 strength=28.99 stock=3695.53 cap=57984.85 
[2026-10-06 16:25:29]	[CulturalDiffusion] inject 90,37 civ=0 culture=1 vitality=21.6 strength=5.25 stock=657.23 cap=10502.65 
[2026-10-06 16:25:29]	[CulturalDiffusion] inject 84,35 civ=0 culture=1 vitality=23.4 strength=5.4 stock=312.44 cap=10801.04 
[2026-10-06 16:25:29]	[CulturalDiffusion] inject 93,26 civ=0 culture=5 vitality=22.35 strength=15.13 stock=1159.4 cap=30256.43 
[2026-10-06 16:25:29]	[CulturalDiffusion] inject 86,20 civ=0 culture=0 vitality=9.94 strength=0 stock=87.4 cap=0 
[2026-10-06 16:25:29]	[CulturalDiffusion] inject 82,23 civ=3 culture=5 vitality=21.15 strength=10.3 stock=1785.91 cap=20602.4 
[2026-10-06 16:25:29]	[CulturalDiffusion] inject 81,18 civ=3 culture=8 vitality=30.25 strength=15.85 stock=898.54 cap=31695.02 
[2026-10-06 16:25:29]	[CulturalDiffusion] inject 80,31 civ=3 culture=5 vitality=20.85 strength=10.25 stock=891.22 cap=20499.64 
[2026-10-06 16:25:29]	[CulturalDiffusion] inject 79,39 civ=5 culture=0.9 vitality=5.35 strength=1.59 stock=76.27 cap=3189.22 
[2026-10-06 16:25:29]	[CulturalDiffusion] frontier city=65536 ring=4 best=1842.43 bar=300 over=8/23 center=19243.59 
[2026-10-06 16:25:29]	[CulturalDiffusion] frontier city=196609 ring=4 best=11070.49 bar=300 over=19/24 center=3695.53 
[2026-10-06 16:25:29]	[CulturalDiffusion] frontier city=262146 ring=4 best=3254.32 bar=300 over=14/24 center=657.23 
[2026-10-06 16:25:29]	[CulturalDiffusion] frontier city=327683 ring=4 best=3695.53 bar=300 over=17/24 center=312.44 
[2026-10-06 16:25:29]	[CulturalDiffusion] frontier city=393220 ring=4 best=1842.43 bar=300 over=8/19 center=1159.4 
[2026-10-06 16:25:29]	[CulturalDiffusion] frontier city=458757 ring=4 best=267.58 bar=300 over=0/24 center=87.4 
[2026-10-06 16:25:29]	[CulturalDiffusion] flip 80,36 -> player 0 via purchasePlot sent; pending confirmation next pass (was owner -1) 
[2026-10-06 16:25:29]	[CulturalDiffusion] state bytes=18730 field=438 claims=73 locked=73 passMs=27 
[2026-10-06 16:25:29]	[CulturalDiffusion] pass: 0 flip(s), 1 pending, 0 ceded (0 pending), 0 AI flip(s) (0 pending), 0 conquest(s) (0 pending), confirmed 1 claim/0 cede (0 dropped), 0 orphan(s) healed, 0 inner tile(s) released to base game, 438 active field tile(s) 
[2026-10-06 16:25:29]	[CulturalDiffusion] pass (turn 150): flips=0 field tiles=162 
[2026-10-06 16:25:30]	[CDH] TURN k=14 turn=150 age=AGE_ANTIQUITY blocker=NEW_POPULATION 
[2026-10-06 16:25:32]	[CDH] JSERR Error: Expected this.unit to be non-null. @ fs://game/base-standard/ui/unit-flags/unit-flags.js:348 
[2026-10-06 16:25:32]	[CDH] JSERR Error: Expected this.unit to be non-null. @ fs://game/base-standard/ui/unit-flags/unit-flags.js:348 
[2026-10-06 16:25:33]	[CDH] JSERR Error: Expected this.unit to be non-null. @ fs://game/base-standard/ui/unit-flags/unit-flags.js:348 
[2026-10-06 16:25:34]	[CDH] JSERR Error: Expected this.unit to be non-null. @ fs://game/base-standard/ui/unit-flags/unit-flags.js:348 
[2026-10-06 16:25:35]	[CDH] JSERR Error: Expected this.unit to be non-null. @ fs://game/base-standard/ui/unit-flags/unit-flags.js:348 
[2026-10-06 16:25:38]	[CDH] JSERR Error: Expected this.unit to be non-null. @ fs://game/base-standard/ui/unit-flags/unit-flags.js:348 
[2026-10-06 16:25:38]	[CDH] JSERR Error: Expected this.unit to be non-null. @ fs://game/base-standard/ui/unit-flags/unit-flags.js:348 
[2026-10-06 16:25:38]	[CDH] JSERR Error: Expected this.unit to be non-null. @ fs://game/base-standard/ui/unit-flags/unit-flags.js:348 
[2026-10-06 16:25:39]	[CDH] OBS T14: age=AGE_ANTIQUITY turn=150 ownerChanges=13 missionaries=0 moved=0 idleWithMoves=0 gone=0 flipsNearMissionary=0 (district 0) onFlipped=0 jsErrors=137 amAuto=absent 
[2026-10-06 16:25:39]	[CDH] INV T14: claims=73 stale=0 localInner=1 district=0 center=0 pending=1 bytes=18715 
[2026-10-06 16:25:41]	[CulturalDiffusion] notify: (80,36) unowned -> player 0 
[2026-10-06 16:25:41]	[CulturalDiffusion] pending 80,36 claim confirmed on the live map 
[2026-10-06 16:25:41]	[CulturalDiffusion] inject 92,32 civ=0 culture=38.5 vitality=52.3 strength=77.32 stock=22444.65 cap=154643.97 
[2026-10-06 16:25:41]	[CulturalDiffusion] inject 87,32 civ=0 culture=11 vitality=33.15 strength=29.2 stock=4207.2 cap=58395.91 
[2026-10-06 16:25:41]	[CulturalDiffusion] inject 90,37 civ=0 culture=1 vitality=21.6 strength=5.29 stock=685.88 cap=10577.1 
[2026-10-06 16:25:41]	[CulturalDiffusion] inject 84,35 civ=0 culture=1 vitality=23.4 strength=5.44 stock=357.37 cap=10877.61 
[2026-10-06 16:25:41]	[CulturalDiffusion] inject 93,26 civ=0 culture=5 vitality=22.35 strength=15.24 stock=1311.35 cap=30470.92 
[2026-10-06 16:25:41]	[CulturalDiffusion] inject 86,20 civ=0 culture=0 vitality=9.94 strength=0 stock=89.84 cap=0 
[2026-10-06 16:25:41]	[CulturalDiffusion] inject 82,23 civ=3 culture=6 vitality=21.05 strength=11.5 stock=1893.79 cap=22993.68 
[2026-10-06 16:25:41]	[CulturalDiffusion] inject 81,18 civ=3 culture=8 vitality=29.55 strength=15.61 stock=1043.81 cap=31215.88 
[2026-10-06 16:25:41]	[CulturalDiffusion] inject 80,31 civ=3 culture=5 vitality=20.15 strength=10.06 stock=979.35 cap=20114.02 
[2026-10-06 16:25:41]	[CulturalDiffusion] inject 79,39 civ=5 culture=0.65 vitality=4.43 strength=1.09 stock=85.15 cap=2183.6 
[2026-10-06 16:25:41]	[CulturalDiffusion] frontier city=65536 ring=4 best=1749.31 bar=300 over=9/23 center=22444.65 
[2026-10-06 16:25:41]	[CulturalDiffusion] frontier city=196609 ring=4 best=13609.68 bar=300 over=19/24 center=4207.2 
[2026-10-06 16:25:41]	[CulturalDiffusion] frontier city=262146 ring=4 best=3848.72 bar=300 over=14/24 center=685.88 
[2026-10-06 16:25:41]	[CulturalDiffusion] frontier city=327683 ring=4 best=4207.2 bar=300 over=17/24 center=357.37 
[2026-10-06 16:25:41]	[CulturalDiffusion] frontier city=393220 ring=4 best=1991.37 bar=300 over=8/19 center=1311.35 
[2026-10-06 16:25:41]	[CulturalDiffusion] frontier city=458757 ring=4 best=258.67 bar=300 over=0/24 center=89.84 
[2026-10-06 16:25:41]	[CulturalDiffusion] flip 85,25 -> player 0 via purchasePlot sent; pending confirmation next pass (was owner -1) 
[2026-10-06 16:25:41]	[CulturalDiffusion] state bytes=19706 field=441 claims=74 locked=74 passMs=27 
[2026-10-06 16:25:41]	[CulturalDiffusion] pass: 0 flip(s), 1 pending, 0 ceded (0 pending), 0 AI flip(s) (0 pending), 0 conquest(s) (0 pending), confirmed 1 claim/0 cede (0 dropped), 0 orphan(s) healed, 0 inner tile(s) released to base game, 441 active field tile(s) 
[2026-10-06 16:25:41]	[CulturalDiffusion] pass (turn 151): flips=0 field tiles=162 
[2026-10-06 16:25:43]	[CDH] TURN k=15 turn=151 age=AGE_ANTIQUITY blocker=NEW_POPULATION 
[2026-10-06 16:25:52]	[CDH] OBS T15: age=AGE_ANTIQUITY turn=151 ownerChanges=1 missionaries=0 moved=0 idleWithMoves=0 gone=0 flipsNearMissionary=0 (district 0) onFlipped=0 jsErrors=137 amAuto=absent 
[2026-10-06 16:25:52]	[CDH] INV T15: claims=74 stale=0 localInner=1 district=0 center=0 pending=1 bytes=19691 
[2026-10-06 16:25:52]	[CDH] SEED T15: 400 frontier tiles seeded, state bytes=23330 
[2026-10-06 16:26:02]	[CDH] JSERR Error: Expected this.unit to be non-null. @ fs://game/base-standard/ui/unit-flags/unit-flags.js:348 
[2026-10-06 16:26:03]	[CDH] JSERR Error: Expected this.unit to be non-null. @ fs://game/base-standard/ui/unit-flags/unit-flags.js:348 
[2026-10-06 16:26:03]	[CDH] JSERR Error: Expected this.unit to be non-null. @ fs://game/base-standard/ui/unit-flags/unit-flags.js:348 
[2026-10-06 16:26:06]	[CulturalDiffusion] notify: (85,25) unowned -> player 0 
[2026-10-06 16:26:06]	[CulturalDiffusion] pending 85,25 claim confirmed on the live map 
[2026-10-06 16:26:06]	[CulturalDiffusion] inject 92,32 civ=0 culture=38.5 vitality=52.3 strength=76.98 stock=25797.92 cap=153955.63 
[2026-10-06 16:26:06]	[CulturalDiffusion] inject 87,32 civ=0 culture=11 vitality=33.15 strength=29.07 stock=4736.06 cap=58135.98 
[2026-10-06 16:26:06]	[CulturalDiffusion] inject 90,37 civ=0 culture=1 vitality=21.6 strength=5.27 stock=713.99 cap=10530.02 
[2026-10-06 16:26:06]	[CulturalDiffusion] inject 84,35 civ=0 culture=1 vitality=23.4 strength=5.41 stock=454.78 cap=10829.19 
[2026-10-06 16:26:06]	[CulturalDiffusion] inject 93,26 civ=0 culture=5 vitality=22.35 strength=15.17 stock=1467.51 cap=30335.29 
[2026-10-06 16:26:06]	[CulturalDiffusion] inject 86,20 civ=0 culture=0 vitality=9.94 strength=0 stock=93.95 cap=0 
[2026-10-06 16:26:06]	[CulturalDiffusion] inject 82,23 civ=3 culture=6 vitality=19.55 strength=11.27 stock=1998.05 cap=22539.97 
[2026-10-06 16:26:06]	[CulturalDiffusion] inject 81,18 civ=3 culture=8 vitality=28.05 strength=15.42 stock=1193.54 cap=30834.62 
[2026-10-06 16:26:06]	[CulturalDiffusion] inject 80,31 civ=3 culture=5 vitality=20.15 strength=10.12 stock=1069.03 cap=20233.94 
[2026-10-06 16:26:06]	[CulturalDiffusion] inject 79,39 civ=5 culture=2 vitality=6.75 strength=3 stock=100.63 cap=6006.35 
[2026-10-06 16:26:06]	[CulturalDiffusion] frontier city=65536 ring=4 best=1660.84 bar=300 over=10/23 center=25797.92 
[2026-10-06 16:26:06]	[CulturalDiffusion] frontier city=196609 ring=4 best=16536.52 bar=300 over=20/24 center=4736.06 
[2026-10-06 16:26:06]	[CulturalDiffusion] frontier city=262146 ring=4 best=4488.93 bar=300 over=14/24 center=713.99 
[2026-10-06 16:26:06]	[CulturalDiffusion] frontier city=327683 ring=4 best=4736.06 bar=300 over=19/24 center=454.78 
[2026-10-06 16:26:06]	[CulturalDiffusion] frontier city=393220 ring=4 best=2357.34 bar=300 over=8/19 center=1467.51 
[2026-10-06 16:26:06]	[CulturalDiffusion] frontier city=458757 ring=4 best=249.93 bar=300 over=0/24 center=93.95 
[2026-10-06 16:26:06]	[CulturalDiffusion] flip 80,35 -> player 0 via purchasePlot sent; pending confirmation next pass (was owner -1) 
[2026-10-06 16:26:06]	[CulturalDiffusion] flip 79,35 -> player 0 via purchasePlot sent; pending confirmation next pass (was owner -1) 
[2026-10-06 16:26:06]	[CulturalDiffusion] state bytes=17907 field=442 claims=75 locked=59 passMs=30 
[2026-10-06 16:26:06]	[CulturalDiffusion] pass: 0 flip(s), 2 pending, 0 ceded (0 pending), 0 AI flip(s) (0 pending), 0 conquest(s) (0 pending), confirmed 1 claim/0 cede (0 dropped), 0 orphan(s) healed, 0 inner tile(s) released to base game, 442 active field tile(s) 
[2026-10-06 16:26:06]	[CulturalDiffusion] pass (turn 152): flips=0 field tiles=162 
[2026-10-06 16:26:07]	[CDH] TURN k=16 turn=152 age=AGE_ANTIQUITY blocker=NEW_POPULATION 
[2026-10-06 16:26:16]	[CDH] OBS T16: age=AGE_ANTIQUITY turn=152 ownerChanges=2 missionaries=0 moved=0 idleWithMoves=0 gone=0 flipsNearMissionary=0 (district 0) onFlipped=0 jsErrors=140 amAuto=absent 
[2026-10-06 16:26:16]	[CDH] INV T16: claims=75 stale=0 localInner=1 district=0 center=0 pending=2 bytes=17892 
[2026-10-06 16:26:26]	[CDH] JSERR Error: Expected this.unit to be non-null. @ fs://game/base-standard/ui/unit-flags/unit-flags.js:348 
[2026-10-06 16:26:26]	[CDH] JSERR Error: Expected this.unit to be non-null. @ fs://game/base-standard/ui/unit-flags/unit-flags.js:348 
[2026-10-06 16:26:26]	[CDH] JSERR Error: Expected this.unit to be non-null. @ fs://game/base-standard/ui/unit-flags/unit-flags.js:348 
[2026-10-06 16:26:26]	[CDH] JSERR Error: Expected this.unit to be non-null. @ fs://game/base-standard/ui/unit-flags/unit-flags.js:348 
[2026-10-06 16:26:27]	[CDH] JSERR Error: Expected this.unit to be non-null. @ fs://game/base-standard/ui/unit-flags/unit-flags.js:348 
[2026-10-06 16:26:27]	[CulturalDiffusion] capture: city 65536 to player 12 lies outside the simulated field; nothing to transfer 
[2026-10-06 16:26:29]	[CDH] JSERR Error: Expected this.unit to be non-null. @ fs://game/base-standard/ui/unit-flags/unit-flags.js:348 
[2026-10-06 16:26:32]	[CDH] JSERR Error: Expected this.unit to be non-null. @ fs://game/base-standard/ui/unit-flags/unit-flags.js:348 
[2026-10-06 16:26:35]	[CulturalDiffusion] notify: (80,35) unowned -> player 0 
[2026-10-06 16:26:35]	[CulturalDiffusion] pending 80,35 claim confirmed on the live map 
[2026-10-06 16:26:35]	[CulturalDiffusion] notify: (79,35) unowned -> player 0 
[2026-10-06 16:26:35]	[CulturalDiffusion] pending 79,35 claim confirmed on the live map 
[2026-10-06 16:26:35]	[CulturalDiffusion] inject 92,32 civ=0 culture=38.5 vitality=52.3 strength=77.11 stock=29313.58 cap=154213.29 
[2026-10-06 16:26:35]	[CulturalDiffusion] inject 87,32 civ=0 culture=11 vitality=33.15 strength=29.12 stock=5284.32 cap=58233.27 
[2026-10-06 16:26:35]	[CulturalDiffusion] inject 90,37 civ=0 culture=1 vitality=21.6 strength=5.27 stock=741.86 cap=10547.65 
[2026-10-06 16:26:35]	[CulturalDiffusion] inject 84,35 civ=0 culture=1 vitality=23.4 strength=5.42 stock=581.11 cap=10847.32 
[2026-10-06 16:26:35]	[CulturalDiffusion] inject 93,26 civ=0 culture=5 vitality=22.35 strength=15.19 stock=1628.55 cap=30386.06 
[2026-10-06 16:26:35]	[CulturalDiffusion] inject 86,20 civ=0 culture=0 vitality=9.94 strength=0 stock=97.37 cap=0 
[2026-10-06 16:26:35]	[CulturalDiffusion] inject 82,23 civ=3 culture=6 vitality=23.4 strength=12.21 stock=2118.55 cap=24422.6 
[2026-10-06 16:26:35]	[CulturalDiffusion] inject 81,18 civ=3 culture=8 vitality=31.9 strength=16.41 stock=1362.41 cap=32817.33 
[2026-10-06 16:26:35]	[CulturalDiffusion] inject 80,31 civ=3 culture=5 vitality=26.45 strength=11.32 stock=1175.96 cap=22643.71 
[2026-10-06 16:26:35]	[CulturalDiffusion] inject 79,39 civ=5 culture=2 vitality=8.1 strength=3.14 stock=116.8 cap=6281.42 
[2026-10-06 16:26:35]	[CulturalDiffusion] frontier city=65536 ring=4 best=1657.62 bar=300 over=10/23 center=29313.58 
[2026-10-06 16:26:35]	[CulturalDiffusion] frontier city=196609 ring=4 best=19348.44 bar=300 over=20/24 center=5284.32 
[2026-10-06 16:26:35]	[CulturalDiffusion] frontier city=262146 ring=4 best=5159.58 bar=300 over=14/24 center=741.86 
[2026-10-06 16:26:35]	[CulturalDiffusion] frontier city=327683 ring=4 best=5284.32 bar=300 over=19/24 center=581.11 
[2026-10-06 16:26:35]	[CulturalDiffusion] frontier city=393220 ring=4 best=2749.47 bar=300 over=8/19 center=1628.55 
[2026-10-06 16:26:35]	[CulturalDiffusion] frontier city=458757 ring=4 best=307.2 bar=300 over=1/24 center=97.37 
[2026-10-06 16:26:35]	[CulturalDiffusion] state bytes=18511 field=443 claims=77 locked=52 passMs=30 
[2026-10-06 16:26:35]	[CulturalDiffusion] pass: 0 flip(s), 0 pending, 0 ceded (0 pending), 0 AI flip(s) (0 pending), 0 conquest(s) (0 pending), confirmed 2 claim/0 cede (0 dropped), 0 orphan(s) healed, 0 inner tile(s) released to base game, 443 active field tile(s) 
[2026-10-06 16:26:35]	[CulturalDiffusion] pass (turn 153): flips=0 field tiles=163 
[2026-10-06 16:26:37]	[CDH] TURN k=17 turn=153 age=AGE_ANTIQUITY blocker=NEW_POPULATION 
[2026-10-06 16:26:38]	[CDH] JSERR Error: Expected this.unit to be non-null. @ fs://game/base-standard/ui/unit-flags/unit-flags.js:348 
[2026-10-06 16:26:41]	[CDH] JSERR Error: Expected this.unit to be non-null. @ fs://game/base-standard/ui/unit-flags/unit-flags.js:348 
[2026-10-06 16:26:41]	[CDH] JSERR Error: Expected this.unit to be non-null. @ fs://game/base-standard/ui/unit-flags/unit-flags.js:348 
[2026-10-06 16:26:43]	[CDH] JSERR Error: Expected this.unit to be non-null. @ fs://game/base-standard/ui/unit-flags/unit-flags.js:348 
[2026-10-06 16:26:44]	[CDH] JSERR Error: Expected this.unit to be non-null. @ fs://game/base-standard/ui/unit-flags/unit-flags.js:348 
[2026-10-06 16:26:46]	[CDH] OBS T17: age=AGE_ANTIQUITY turn=153 ownerChanges=10 missionaries=0 moved=0 idleWithMoves=0 gone=0 flipsNearMissionary=0 (district 0) onFlipped=0 jsErrors=152 amAuto=absent 
[2026-10-06 16:26:46]	[CDH] INV T17: claims=77 stale=0 localInner=1 district=0 center=0 pending=0 bytes=18496 
[2026-10-06 16:26:52]	[CulturalDiffusion] inject 92,32 civ=0 culture=38.5 vitality=52.3 strength=76.63 stock=32938.08 cap=153254.91 
[2026-10-06 16:26:52]	[CulturalDiffusion] inject 87,32 civ=0 culture=11 vitality=33.15 strength=28.94 stock=5843.76 cap=57871.38 
[2026-10-06 16:26:52]	[CulturalDiffusion] inject 90,37 civ=0 culture=1 vitality=21.6 strength=5.24 stock=769.06 cap=10482.1 
[2026-10-06 16:26:52]	[CulturalDiffusion] inject 84,35 civ=0 culture=1 vitality=23.4 strength=5.39 stock=740.37 cap=10779.9 
[2026-10-06 16:26:52]	[CulturalDiffusion] inject 93,26 civ=0 culture=5 vitality=22.35 strength=15.1 stock=1792.1 cap=30197.22 
[2026-10-06 16:26:52]	[CulturalDiffusion] inject 86,20 civ=0 culture=0 vitality=9.94 strength=0 stock=100.16 cap=0 
[2026-10-06 16:26:52]	[CulturalDiffusion] inject 82,23 civ=3 culture=6 vitality=23.4 strength=12.17 stock=2238.65 cap=24349.39 
[2026-10-06 16:26:52]	[CulturalDiffusion] inject 81,18 civ=3 culture=8 vitality=31.9 strength=16.36 stock=1537.16 cap=32718.95 
[2026-10-06 16:26:52]	[CulturalDiffusion] inject 80,31 civ=3 culture=5 vitality=26.45 strength=11.29 stock=1284.29 cap=22575.83 
[2026-10-06 16:26:52]	[CulturalDiffusion] inject 79,39 civ=5 culture=2 vitality=10 strength=3.41 stock=134.21 cap=6810.66 
[2026-10-06 16:26:52]	[CulturalDiffusion] frontier city=65536 ring=4 best=1849.51 bar=300 over=10/23 center=32938.08 
[2026-10-06 16:26:52]	[CulturalDiffusion] frontier city=196609 ring=4 best=21985.19 bar=300 over=19/24 center=5843.76 
[2026-10-06 16:26:52]	[CulturalDiffusion] frontier city=262146 ring=4 best=5862.72 bar=300 over=15/24 center=769.06 
[2026-10-06 16:26:52]	[CulturalDiffusion] frontier city=327683 ring=4 best=5843.76 bar=300 over=18/24 center=740.37 
[2026-10-06 16:26:52]	[CulturalDiffusion] frontier city=393220 ring=4 best=3160.25 bar=300 over=8/19 center=1792.1 
[2026-10-06 16:26:52]	[CulturalDiffusion] frontier city=458757 ring=4 best=291.76 bar=300 over=0/24 center=100.16 
[2026-10-06 16:26:52]	[CulturalDiffusion] state bytes=19255 field=443 claims=77 locked=41 passMs=26 
[2026-10-06 16:26:52]	[CulturalDiffusion] pass: 0 flip(s), 0 pending, 0 ceded (0 pending), 0 AI flip(s) (0 pending), 0 conquest(s) (0 pending), confirmed 0 claim/0 cede (0 dropped), 0 orphan(s) healed, 0 inner tile(s) released to base game, 443 active field tile(s) 
[2026-10-06 16:26:52]	[CulturalDiffusion] pass (turn 154): flips=0 field tiles=163 
[2026-10-06 16:26:54]	[CDH] TURN k=18 turn=154 age=AGE_ANTIQUITY blocker=NEW_POPULATION 
[2026-10-06 16:27:03]	[CDH] OBS T18: age=AGE_ANTIQUITY turn=154 ownerChanges=0 missionaries=0 moved=0 idleWithMoves=0 gone=0 flipsNearMissionary=0 (district 0) onFlipped=0 jsErrors=152 amAuto=absent 
[2026-10-06 16:27:03]	[CDH] INV T18: claims=77 stale=0 localInner=1 district=0 center=0 pending=0 bytes=19240 
[2026-10-06 16:27:13]	[CDH] JSERR Error: Expected this.unit to be non-null. @ fs://game/base-standard/ui/unit-flags/unit-flags.js:348 
[2026-10-06 16:27:14]	[CDH] JSERR Error: Expected this.unit to be non-null. @ fs://game/base-standard/ui/unit-flags/unit-flags.js:348 
[2026-10-06 16:27:15]	[CDH] JSERR Error: Expected this.unit to be non-null. @ fs://game/base-standard/ui/unit-flags/unit-flags.js:348 
[2026-10-06 16:27:22]	[CDH] JSERR Error: Expected this.unit to be non-null. @ fs://game/base-standard/ui/unit-flags/unit-flags.js:348 
[2026-10-06 16:27:22]	[CDH] JSERR Error: Expected this.unit to be non-null. @ fs://game/base-standard/ui/unit-flags/unit-flags.js:348 
[2026-10-06 16:27:22]	[CDH] JSERR Error: Expected this.unit to be non-null. @ fs://game/base-standard/ui/unit-flags/unit-flags.js:348 
[2026-10-06 16:27:22]	[CDH] JSERR Error: Expected this.unit to be non-null. @ fs://game/base-standard/ui/unit-flags/unit-flags.js:348 
[2026-10-06 16:27:25]	[CulturalDiffusion] inject 92,32 civ=0 culture=38.5 vitality=52.3 strength=60.03 stock=35519.52 cap=120054.88 
[2026-10-06 16:27:25]	[CulturalDiffusion] inject 87,32 civ=0 culture=11 vitality=33.15 strength=22.67 stock=6231.68 cap=45334.54 
[2026-10-06 16:27:25]	[CulturalDiffusion] inject 90,37 civ=0 culture=1 vitality=21.6 strength=4.11 stock=783.7 cap=8211.33 
[2026-10-06 16:27:25]	[CulturalDiffusion] inject 84,35 civ=0 culture=1 vitality=23.4 strength=4.22 stock=923.46 cap=8444.62 
[2026-10-06 16:27:25]	[CulturalDiffusion] inject 93,26 civ=0 culture=5 vitality=22.35 strength=11.83 stock=1905.42 cap=23655.51 
[2026-10-06 16:27:25]	[CulturalDiffusion] inject 86,20 civ=0 culture=0 vitality=9.94 strength=0 stock=102.37 cap=0 
[2026-10-06 16:27:25]	[CulturalDiffusion] inject 82,23 civ=3 culture=6 vitality=23.4 strength=12.19 stock=2359.18 cap=24389.52 
[2026-10-06 16:27:25]	[CulturalDiffusion] inject 81,18 civ=3 culture=8 vitality=33.75 strength=16.71 stock=1723.08 cap=33425.95 
[2026-10-06 16:27:25]	[CulturalDiffusion] inject 80,31 civ=3 culture=5 vitality=26.45 strength=11.31 stock=1393.8 cap=22613.04 
[2026-10-06 16:27:25]	[CulturalDiffusion] inject 79,39 civ=5 culture=2 vitality=10 strength=3.38 stock=151.68 cap=6767.72 
[2026-10-06 16:27:25]	[CulturalDiffusion] frontier city=65536 ring=4 best=2045.32 bar=300 over=11/23 center=35519.52 
[2026-10-06 16:27:25]	[CulturalDiffusion] frontier city=196609 ring=4 best=24703.56 bar=300 over=19/24 center=6231.68 
[2026-10-06 16:27:25]	[CulturalDiffusion] frontier city=262146 ring=4 best=6587.62 bar=300 over=15/24 center=783.7 
[2026-10-06 16:27:25]	[CulturalDiffusion] frontier city=327683 ring=4 best=6231.68 bar=300 over=18/24 center=923.46 
[2026-10-06 16:27:25]	[CulturalDiffusion] frontier city=393220 ring=4 best=3590.91 bar=300 over=8/19 center=1905.42 
[2026-10-06 16:27:25]	[CulturalDiffusion] frontier city=458757 ring=4 best=277.1 bar=300 over=0/24 center=102.37 
[2026-10-06 16:27:25]	[CulturalDiffusion] state bytes=18922 field=443 claims=77 locked=35 passMs=27 
[2026-10-06 16:27:25]	[CulturalDiffusion] pass: 0 flip(s), 0 pending, 0 ceded (0 pending), 0 AI flip(s) (0 pending), 0 conquest(s) (0 pending), confirmed 0 claim/0 cede (0 dropped), 0 orphan(s) healed, 0 inner tile(s) released to base game, 443 active field tile(s) 
[2026-10-06 16:27:25]	[CulturalDiffusion] pass (turn 155): flips=0 field tiles=168 
[2026-10-06 16:27:27]	[CDH] TURN k=19 turn=155 age=AGE_ANTIQUITY blocker=NEW_POPULATION 
[2026-10-06 16:27:36]	[CDH] OBS T19: age=AGE_ANTIQUITY turn=155 ownerChanges=0 missionaries=0 moved=0 idleWithMoves=0 gone=0 flipsNearMissionary=0 (district 0) onFlipped=0 jsErrors=159 amAuto=absent 
[2026-10-06 16:27:36]	[CDH] INV T19: claims=77 stale=0 localInner=1 district=0 center=0 pending=0 bytes=18907 
[2026-10-06 16:27:40]	[CDH] JSERR Error: Expected this.unit to be non-null. @ fs://game/base-standard/ui/unit-flags/unit-flags.js:348 
[2026-10-06 16:27:49]	[CDH] JSERR Error: Expected this.unit to be non-null. @ fs://game/base-standard/ui/unit-flags/unit-flags.js:348 
[2026-10-06 16:27:49]	[CDH] JSERR Error: Expected this.unit to be non-null. @ fs://game/base-standard/ui/unit-flags/unit-flags.js:348 
[2026-10-06 16:27:51]	[CDH] JSERR Error: Expected this.unit to be non-null. @ fs://game/base-standard/ui/unit-flags/unit-flags.js:348 
[2026-10-06 16:27:51]	[CDH] JSERR Error: Expected this.unit to be non-null. @ fs://game/base-standard/ui/unit-flags/unit-flags.js:348 
[2026-10-06 16:27:59]	[CulturalDiffusion] inject 92,32 civ=0 culture=38.5 vitality=52.3 strength=60.03 stock=38134.5 cap=120065.81 
[2026-10-06 16:27:59]	[CulturalDiffusion] inject 87,32 civ=0 culture=11 vitality=33.15 strength=22.67 stock=6622.18 cap=45338.67 
[2026-10-06 16:27:59]	[CulturalDiffusion] inject 90,37 civ=0 culture=1 vitality=21.6 strength=4.11 stock=798.04 cap=8212.08 
[2026-10-06 16:27:59]	[CulturalDiffusion] inject 84,35 civ=0 culture=1 vitality=23.4 strength=4.22 stock=1146.31 cap=8445.39 
[2026-10-06 16:27:59]	[CulturalDiffusion] inject 93,26 civ=0 culture=5 vitality=22.35 strength=11.83 stock=2019.13 cap=23657.67 
[2026-10-06 16:27:59]	[CulturalDiffusion] inject 86,20 civ=0 culture=0 vitality=9.94 strength=0 stock=104.07 cap=0 
[2026-10-06 16:27:59]	[CulturalDiffusion] inject 82,23 civ=3 culture=6 vitality=24.5 strength=12.71 stock=2489.37 cap=25425.09 
[2026-10-06 16:27:59]	[CulturalDiffusion] inject 81,18 civ=3 culture=8 vitality=33.75 strength=17.14 stock=1921.56 cap=34289.44 
[2026-10-06 16:27:59]	[CulturalDiffusion] inject 80,31 civ=3 culture=5 vitality=26.45 strength=11.6 stock=1508.22 cap=23197.2 
[2026-10-06 16:27:59]	[CulturalDiffusion] inject 91,45 civ=4 culture=3 vitality=5.2 strength=6.16 stock=10.58 cap=12322.19 
[2026-10-06 16:27:59]	[CulturalDiffusion] inject 79,39 civ=5 culture=2 vitality=10 strength=3.77 stock=171.08 cap=7540.59 
[2026-10-06 16:27:59]	[CulturalDiffusion] frontier city=65536 ring=4 best=2181.09 bar=300 over=11/23 center=38134.5 
[2026-10-06 16:27:59]	[CulturalDiffusion] frontier city=196609 ring=4 best=26639.64 bar=300 over=20/24 center=6622.18 
[2026-10-06 16:27:59]	[CulturalDiffusion] frontier city=262146 ring=4 best=7103.9 bar=300 over=16/24 center=798.04 
[2026-10-06 16:27:59]	[CulturalDiffusion] frontier city=327683 ring=4 best=6622.18 bar=300 over=18/24 center=1146.31 
[2026-10-06 16:27:59]	[CulturalDiffusion] frontier city=393220 ring=4 best=4034.92 bar=300 over=8/19 center=2019.13 
[2026-10-06 16:27:59]	[CulturalDiffusion] frontier city=458757 ring=4 best=263.17 bar=300 over=0/24 center=104.07 
[2026-10-06 16:27:59]	[CulturalDiffusion] state bytes=19845 field=444 claims=77 locked=35 passMs=32 
[2026-10-06 16:27:59]	[CulturalDiffusion] pass: 0 flip(s), 0 pending, 0 ceded (0 pending), 0 AI flip(s) (0 pending), 0 conquest(s) (0 pending), confirmed 0 claim/0 cede (0 dropped), 0 orphan(s) healed, 0 inner tile(s) released to base game, 444 active field tile(s) 
[2026-10-06 16:27:59]	[CulturalDiffusion] pass (turn 156): flips=0 field tiles=170 
[2026-10-06 16:28:00]	[CDH] TURN k=20 turn=156 age=AGE_ANTIQUITY blocker=NEW_POPULATION 
[2026-10-06 16:28:09]	[CDH] OBS T20: age=AGE_ANTIQUITY turn=156 ownerChanges=0 missionaries=0 moved=0 idleWithMoves=0 gone=0 flipsNearMissionary=0 (district 0) onFlipped=0 jsErrors=164 amAuto=absent 
[2026-10-06 16:28:09]	[CDH] INV T20: claims=77 stale=0 localInner=1 district=0 center=0 pending=0 bytes=19830 
[2026-10-06 16:28:09]	[CDH] SEED T20: 400 frontier tiles seeded, state bytes=23561 
[2026-10-06 16:28:15]	[CDH] JSERR Error: Expected this.unit to be non-null. @ fs://game/base-standard/ui/unit-flags/unit-flags.js:348 
[2026-10-06 16:28:17]	[CDH] JSERR Error: Expected this.unit to be non-null. @ fs://game/base-standard/ui/unit-flags/unit-flags.js:348 
[2026-10-06 16:28:17]	[CDH] JSERR Error: Expected this.unit to be non-null. @ fs://game/base-standard/ui/unit-flags/unit-flags.js:348 
[2026-10-06 16:28:18]	[CDH] JSERR Error: Expected this.unit to be non-null. @ fs://game/base-standard/ui/unit-flags/unit-flags.js:348 
[2026-10-06 16:28:18]	[CDH] JSERR Error: Expected this.unit to be non-null. @ fs://game/base-standard/ui/unit-flags/unit-flags.js:348 
[2026-10-06 16:28:20]	[CDH] JSERR Error: Expected this.unit to be non-null. @ fs://game/base-standard/ui/unit-flags/unit-flags.js:348 
[2026-10-06 16:28:20]	[CDH] JSERR Error: Expected this.unit to be non-null. @ fs://game/base-standard/ui/unit-flags/unit-flags.js:348 
[2026-10-06 16:28:22]	[CDH] JSERR Error: Expected this.unit to be non-null. @ fs://game/base-standard/ui/unit-flags/unit-flags.js:348 
[2026-10-06 16:28:22]	[CDH] JSERR Error: Expected this.unit to be non-null. @ fs://game/base-standard/ui/unit-flags/unit-flags.js:348 
[2026-10-06 16:28:25]	[CDH] TURN k=21 turn=157 age=AGE_ANTIQUITY blocker=NEW_POPULATION 
[2026-10-06 16:28:25]	[CulturalDiffusion] inject 92,32 civ=0 culture=38.5 vitality=52.3 strength=59.79 stock=40758.5 cap=119571.99 
[2026-10-06 16:28:25]	[CulturalDiffusion] inject 87,32 civ=0 culture=11 vitality=33.15 strength=22.58 stock=7011.6 cap=45152.2 
[2026-10-06 16:28:25]	[CulturalDiffusion] inject 90,37 civ=0 culture=1 vitality=21.6 strength=4.09 stock=816.58 cap=8178.3 
[2026-10-06 16:28:25]	[CulturalDiffusion] inject 84,35 civ=0 culture=1 vitality=23.4 strength=4.21 stock=1414.17 cap=8410.66 
[2026-10-06 16:28:25]	[CulturalDiffusion] inject 93,26 civ=0 culture=5 vitality=22.35 strength=11.78 stock=2132.18 cap=23560.37 
[2026-10-06 16:28:25]	[CulturalDiffusion] inject 86,20 civ=0 culture=0 vitality=9.94 strength=0 stock=107.46 cap=0 
[2026-10-06 16:28:25]	[CulturalDiffusion] inject 82,23 civ=3 culture=6 vitality=24.65 strength=12.7 stock=2619.4 cap=25409.63 
[2026-10-06 16:28:25]	[CulturalDiffusion] inject 81,18 civ=3 culture=8 vitality=33.9 strength=17.12 stock=2125.21 cap=34248.57 
[2026-10-06 16:28:25]	[CulturalDiffusion] inject 80,31 civ=3 culture=5 vitality=26.6 strength=11.59 stock=1623.16 cap=23179.45 
[2026-10-06 16:28:25]	[CulturalDiffusion] inject 91,45 civ=4 culture=3 vitality=5.95 strength=5.13 stock=26.18 cap=10253.34 
[2026-10-06 16:28:25]	[CulturalDiffusion] inject 79,39 civ=5 culture=2 vitality=10 strength=3.76 stock=190.57 cap=7516.42 
[2026-10-06 16:28:25]	[CulturalDiffusion] frontier city=65536 ring=4 best=2317.76 bar=300 over=12/23 center=40758.5 
[2026-10-06 16:28:25]	[CulturalDiffusion] frontier city=196609 ring=4 best=28600.88 bar=300 over=21/24 center=7011.6 
[2026-10-06 16:28:25]	[CulturalDiffusion] frontier city=262146 ring=4 best=7626.9 bar=300 over=16/24 center=816.58 
[2026-10-06 16:28:25]	[CulturalDiffusion] frontier city=327683 ring=4 best=7011.6 bar=300 over=20/24 center=1414.17 
[2026-10-06 16:28:25]	[CulturalDiffusion] frontier city=393220 ring=4 best=4351.14 bar=300 over=9/19 center=2132.18 
[2026-10-06 16:28:25]	[CulturalDiffusion] frontier city=458757 ring=4 best=249.93 bar=300 over=0/24 center=107.46 
[2026-10-06 16:28:25]	[CulturalDiffusion] flip 81,34 -> player 0 via purchasePlot sent; pending confirmation next pass (was owner -1) 
[2026-10-06 16:28:25]	[CulturalDiffusion] flip 90,23 -> player 0 via purchasePlot sent; pending confirmation next pass (was owner -1) 
[2026-10-06 16:28:25]	[CulturalDiffusion] flip 79,37 -> player 0 via purchasePlot sent; pending confirmation next pass (was owner 5) 
[2026-10-06 16:28:25]	[CulturalDiffusion] state bytes=18256 field=444 claims=77 locked=34 passMs=36 
[2026-10-06 16:28:25]	[CulturalDiffusion] pass: 0 flip(s), 3 pending, 0 ceded (0 pending), 0 AI flip(s) (0 pending), 0 conquest(s) (0 pending), confirmed 0 claim/0 cede (0 dropped), 0 orphan(s) healed, 0 inner tile(s) released to base game, 444 active field tile(s) 
[2026-10-06 16:28:25]	[CulturalDiffusion] pass (turn 157): flips=0 field tiles=171 
[2026-10-06 16:28:34]	[CDH] OBS T21: age=AGE_ANTIQUITY turn=157 ownerChanges=3 missionaries=0 moved=0 idleWithMoves=0 gone=0 flipsNearMissionary=0 (district 0) onFlipped=0 jsErrors=173 amAuto=absent 
[2026-10-06 16:28:34]	[CDH] INV T21: claims=77 stale=0 localInner=1 district=0 center=0 pending=3 bytes=18241 
[2026-10-06 16:28:42]	[CDH] JSERR Error: Expected this.unit to be non-null. @ fs://game/base-standard/ui/unit-flags/unit-flags.js:348 
[2026-10-06 16:28:42]	[CDH] JSERR Error: Expected this.unit to be non-null. @ fs://game/base-standard/ui/unit-flags/unit-flags.js:348 
[2026-10-06 16:28:42]	[CDH] JSERR Error: Expected this.unit to be non-null. @ fs://game/base-standard/ui/unit-flags/unit-flags.js:348 
[2026-10-06 16:28:46]	[CDH] JSERR Error: Expected this.unit to be non-null. @ fs://game/base-standard/ui/unit-flags/unit-flags.js:348 
[2026-10-06 16:28:54]	[CulturalDiffusion] notify: (81,34) unowned -> player 0 
[2026-10-06 16:28:54]	[CulturalDiffusion] pending 81,34 claim confirmed on the live map 
[2026-10-06 16:28:54]	[CulturalDiffusion] notify: (90,23) unowned -> player 0 
[2026-10-06 16:28:54]	[CulturalDiffusion] pending 90,23 claim confirmed on the live map 
[2026-10-06 16:28:54]	[CulturalDiffusion] notify: (79,37) player 5 -> player 0 
[2026-10-06 16:28:54]	[CulturalDiffusion] pending 79,37 claim confirmed on the live map 
[2026-10-06 16:28:54]	[CulturalDiffusion] inject 92,32 civ=0 culture=38.5 vitality=52.3 strength=59.01 stock=43343.74 cap=118023.48 
[2026-10-06 16:28:54]	[CulturalDiffusion] inject 87,32 civ=0 culture=11 vitality=33.15 strength=22.28 stock=7392.7 cap=44567.45 
[2026-10-06 16:28:54]	[CulturalDiffusion] inject 90,37 civ=0 culture=1 vitality=21.6 strength=4.04 stock=920.34 cap=8072.39 
[2026-10-06 16:28:54]	[CulturalDiffusion] inject 84,35 civ=0 culture=1 vitality=23.4 strength=4.15 stock=1718.26 cap=8301.74 
[2026-10-06 16:28:54]	[CulturalDiffusion] inject 93,26 civ=0 culture=5 vitality=22.35 strength=11.63 stock=2242.52 cap=23255.25 
[2026-10-06 16:28:54]	[CulturalDiffusion] inject 86,20 civ=0 culture=0 vitality=9.94 strength=0 stock=110.21 cap=0 
[2026-10-06 16:28:54]	[CulturalDiffusion] inject 82,23 civ=3 culture=6 vitality=24.65 strength=9.73 stock=2690.38 cap=19468.03 
[2026-10-06 16:28:54]	[CulturalDiffusion] inject 81,18 civ=3 culture=8 vitality=33.9 strength=13.12 stock=2262.2 cap=26240.14 
[2026-10-06 16:28:54]	[CulturalDiffusion] inject 80,31 civ=3 culture=5 vitality=26.6 strength=8.88 stock=1697.57 cap=17759.34 
[2026-10-06 16:28:54]	[CulturalDiffusion] inject 91,45 civ=4 culture=3 vitality=5.95 strength=5.05 stock=44.63 cap=10099.7 
[2026-10-06 16:28:54]	[CulturalDiffusion] inject 79,39 civ=5 culture=2 vitality=11.95 strength=3.99 stock=211.38 cap=7982.28 
[2026-10-06 16:28:54]	[CulturalDiffusion] frontier city=65536 ring=4 best=2454.06 bar=300 over=12/23 center=43343.74 
[2026-10-06 16:28:54]	[CulturalDiffusion] frontier city=196609 ring=4 best=30568.88 bar=300 over=22/24 center=7392.7 
[2026-10-06 16:28:54]	[CulturalDiffusion] frontier city=262146 ring=4 best=8151.7 bar=300 over=16/24 center=920.34 
[2026-10-06 16:28:54]	[CulturalDiffusion] frontier city=327683 ring=4 best=7392.7 bar=300 over=20/24 center=1718.26 
[2026-10-06 16:28:54]	[CulturalDiffusion] frontier city=393220 ring=4 best=4671.48 bar=300 over=9/19 center=2242.52 
[2026-10-06 16:28:54]	[CulturalDiffusion] frontier city=458757 ring=4 best=307.2 bar=300 over=1/24 center=110.21 
[2026-10-06 16:28:54]	[CulturalDiffusion] flip 79,34 -> player 0 via purchasePlot sent; pending confirmation next pass (was owner -1) 
[2026-10-06 16:28:54]	[CulturalDiffusion] state bytes=18937 field=444 claims=80 locked=28 passMs=34 
[2026-10-06 16:28:54]	[CulturalDiffusion] pass: 0 flip(s), 1 pending, 0 ceded (0 pending), 0 AI flip(s) (0 pending), 0 conquest(s) (0 pending), confirmed 3 claim/0 cede (0 dropped), 0 orphan(s) healed, 0 inner tile(s) released to base game, 444 active field tile(s) 
[2026-10-06 16:28:54]	[CulturalDiffusion] pass (turn 158): flips=0 field tiles=172 
[2026-10-06 16:28:55]	[CDH] TURN k=22 turn=158 age=AGE_ANTIQUITY blocker=NEW_POPULATION 
[2026-10-06 16:29:04]	[CDH] OBS T22: age=AGE_ANTIQUITY turn=158 ownerChanges=1 missionaries=0 moved=0 idleWithMoves=0 gone=0 flipsNearMissionary=0 (district 0) onFlipped=0 jsErrors=177 amAuto=absent 
[2026-10-06 16:29:04]	[CDH] INV T22: claims=80 stale=0 localInner=1 district=0 center=0 pending=1 bytes=18922 
[2026-10-06 16:30:29]	[CDH] ENDTURN stuck on turn 158 blocker=NEW_POPULATION: one Autoplay turn 
[2026-10-06 16:30:30]	[CulturalDiffusion] capture: city 524293 now player 3's (from 0); culture transferred on 38 of 38 tile(s) 
[2026-10-06 16:30:32]	[CDH] JSERR Error: Expected this.unit to be non-null. @ fs://game/base-standard/ui/unit-flags/unit-flags.js:348 
[2026-10-06 16:30:33]	[CDH] JSERR Error: Expected this.unit to be non-null. @ fs://game/base-standard/ui/unit-flags/unit-flags.js:348 
[2026-10-06 16:30:34]	[CDH] JSREJ Timeout 5000ms exceeded for waitUntilValue on . 
[2026-10-06 16:30:34]	[CDH] JSREJ Timeout 5000ms exceeded for waitUntilValue on . 
[2026-10-06 16:30:37]	[CDH] JSERR Error: Expected this.unit to be non-null. @ fs://game/base-standard/ui/unit-flags/unit-flags.js:348 
[2026-10-06 16:30:37]	[CDH] JSERR Error: Expected this.unit to be non-null. @ fs://game/base-standard/ui/unit-flags/unit-flags.js:348 
[2026-10-06 16:30:40]	[CulturalDiffusion] capture: city 65536 now player 42's (from 3); culture transferred on 20 of 21 tile(s) 
[2026-10-06 16:30:47]	[CDH] TURN k=23 turn=159 age=AGE_ANTIQUITY blocker=NONE 
[2026-10-06 16:30:48]	[CulturalDiffusion] pending 79,34 claim NOT APPLIED on the live map - dropped 
[2026-10-06 16:30:48]	[CulturalDiffusion] inject 92,32 civ=0 culture=43.2 vitality=62.77 strength=66.38 stock=46537.66 cap=132753.43 
[2026-10-06 16:30:48]	[CulturalDiffusion] inject 87,32 civ=0 culture=13 vitality=26.65 strength=22.53 stock=7782.36 cap=45062.81 
[2026-10-06 16:30:48]	[CulturalDiffusion] inject 90,37 civ=0 culture=2 vitality=16.66 strength=5.66 stock=1049.23 cap=11325.04 
[2026-10-06 16:30:48]	[CulturalDiffusion] inject 93,26 civ=0 culture=6 vitality=39.78 strength=15.68 stock=2427 cap=31363.39 
[2026-10-06 16:30:48]	[CulturalDiffusion] inject 86,20 civ=0 culture=0 vitality=6.76 strength=0 stock=112.36 cap=0 
[2026-10-06 16:30:48]	[CulturalDiffusion] inject 82,23 civ=3 culture=6 vitality=20.8 strength=8.88 stock=2743.31 cap=17765.77 
[2026-10-06 16:30:48]	[CulturalDiffusion] inject 81,18 civ=3 culture=8 vitality=30.05 strength=12.18 stock=2382.48 cap=24362.26 
[2026-10-06 16:30:48]	[CulturalDiffusion] inject 84,35 civ=3 culture=3 vitality=25.35 strength=6.07 stock=863.36 cap=12133.46 
[2026-10-06 16:30:48]	[CulturalDiffusion] inject 91,45 civ=4 culture=3 vitality=5.95 strength=5 stock=65.19 cap=10000.12 
[2026-10-06 16:30:48]	[CulturalDiffusion] frontier city=65536 ring=4 best=2587.44 bar=300 over=13/23 center=46537.66 
[2026-10-06 16:30:48]	[CulturalDiffusion] frontier city=196609 ring=4 best=32507.81 bar=300 over=19/24 center=7782.36 
[2026-10-06 16:30:48]	[CulturalDiffusion] frontier city=262146 ring=4 best=8668.75 bar=300 over=15/24 center=1049.23 
[2026-10-06 16:30:48]	[CulturalDiffusion] frontier city=393220 ring=4 best=4992.92 bar=300 over=9/19 center=2427 
[2026-10-06 16:30:48]	[CulturalDiffusion] frontier city=458757 ring=4 best=291.76 bar=300 over=0/24 center=112.36 
[2026-10-06 16:30:48]	[CulturalDiffusion] flip 86,38 -> player 0 via purchasePlot sent; pending confirmation next pass (was owner -1) 
[2026-10-06 16:30:48]	[CulturalDiffusion] flip 81,29 -> player 3 via purchasePlot sent; pending confirmation next pass (was owner -1) 
[2026-10-06 16:30:48]	[CulturalDiffusion] flip 82,28 -> player 3 via purchasePlot sent; pending confirmation next pass (was owner -1) 
[2026-10-06 16:30:48]	[CulturalDiffusion] flip 85,20 -> player 3 via purchasePlot sent; pending confirmation next pass (was owner 0) 
[2026-10-06 16:30:48]	[CulturalDiffusion] flip 84,17 -> player 3 via purchasePlot sent; pending confirmation next pass (was owner 0) 
[2026-10-06 16:30:48]	[CulturalDiffusion] flip 84,28 -> player 3 via purchasePlot sent; pending confirmation next pass (was owner 0) 
[2026-10-06 16:30:48]	[CulturalDiffusion] flip 85,19 -> player 3 via purchasePlot sent; pending confirmation next pass (was owner 0) 
[2026-10-06 16:30:48]	[CulturalDiffusion] flip 85,17 -> player 3 via purchasePlot sent; pending confirmation next pass (was owner 0) 
[2026-10-06 16:30:48]	[CulturalDiffusion] flip 86,17 -> player 3 via purchasePlot sent; pending confirmation next pass (was owner 0) 
[2026-10-06 16:30:48]	[CulturalDiffusion] state bytes=21344 field=420 claims=80 locked=20 passMs=47 
[2026-10-06 16:30:48]	[CulturalDiffusion] pass: 0 flip(s), 1 pending, 0 ceded (0 pending), 0 AI flip(s) (8 pending), 0 conquest(s) (0 pending), confirmed 0 claim/0 cede (1 dropped), 0 orphan(s) healed, 0 inner tile(s) released to base game, 420 active field tile(s) 
[2026-10-06 16:30:48]	[CulturalDiffusion] pass (turn 159): flips=0 field tiles=157 
[2026-10-06 16:30:56]	[CDH] OBS T23: age=AGE_ANTIQUITY turn=159 ownerChanges=9 missionaries=0 moved=0 idleWithMoves=0 gone=0 flipsNearMissionary=0 (district 0) onFlipped=0 jsErrors=183 amAuto=absent 
[2026-10-06 16:30:56]	[CDH] INV T23: claims=80 stale=18 localInner=1 district=0 center=0 pending=9 bytes=21329 
[2026-10-06 16:31:09]	[CDH] JSERR Error: Expected this.unit to be non-null. @ fs://game/base-standard/ui/unit-flags/unit-flags.js:348 
[2026-10-06 16:31:11]	[CDH] JSERR Error: Expected this.unit to be non-null. @ fs://game/base-standard/ui/unit-flags/unit-flags.js:348 
[2026-10-06 16:31:11]	[CDH] JSERR Error: Expected this.unit to be non-null. @ fs://game/base-standard/ui/unit-flags/unit-flags.js:348 
[2026-10-06 16:31:11]	[CDH] JSERR Error: Expected this.unit to be non-null. @ fs://game/base-standard/ui/unit-flags/unit-flags.js:348 
[2026-10-06 16:31:11]	[CDH] JSERR Error: Expected this.unit to be non-null. @ fs://game/base-standard/ui/unit-flags/unit-flags.js:348 
[2026-10-06 16:31:11]	[CDH] JSERR Error: Expected this.unit to be non-null. @ fs://game/base-standard/ui/unit-flags/unit-flags.js:348 
[2026-10-06 16:31:12]	[CulturalDiffusion] capture: city 65536 to player 20 lies outside the simulated field; nothing to transfer 
[2026-10-06 16:31:13]	[CDH] JSERR Error: Expected this.unit to be non-null. @ fs://game/base-standard/ui/unit-flags/unit-flags.js:348 
[2026-10-06 16:31:14]	[CDH] JSERR Error: Expected this.unit to be non-null. @ fs://game/base-standard/ui/unit-flags/unit-flags.js:348 
[2026-10-06 16:31:15]	[CDH] JSERR Error: Expected this.unit to be non-null. @ fs://game/base-standard/ui/unit-flags/unit-flags.js:348 
[2026-10-06 16:31:19]	[CulturalDiffusion] notify: (86,38) unowned -> player 0 
[2026-10-06 16:31:19]	[CulturalDiffusion] pending 86,38 claim confirmed on the live map 
[2026-10-06 16:31:19]	[CulturalDiffusion] notify: (81,29) unowned -> player 3 
[2026-10-06 16:31:19]	[CulturalDiffusion] pending 81,29 claim confirmed on the live map 
[2026-10-06 16:31:19]	[CulturalDiffusion] notify: (82,28) unowned -> player 3 
[2026-10-06 16:31:19]	[CulturalDiffusion] pending 82,28 claim confirmed on the live map 
[2026-10-06 16:31:19]	[CulturalDiffusion] notify: (85,20) player 0 -> player 3 
[2026-10-06 16:31:19]	[CulturalDiffusion] pending 85,20 claim confirmed on the live map 
[2026-10-06 16:31:19]	[CulturalDiffusion] notify: (84,17) player 0 -> player 3 
[2026-10-06 16:31:19]	[CulturalDiffusion] pending 84,17 claim confirmed on the live map 
[2026-10-06 16:31:19]	[CulturalDiffusion] notify: (84,28) player 0 -> player 3 
[2026-10-06 16:31:19]	[CulturalDiffusion] pending 84,28 claim confirmed on the live map 
[2026-10-06 16:31:19]	[CulturalDiffusion] notify: (85,19) player 0 -> player 3 
[2026-10-06 16:31:19]	[CulturalDiffusion] pending 85,19 claim confirmed on the live map 
[2026-10-06 16:31:19]	[CulturalDiffusion] notify: (85,17) player 0 -> player 3 
[2026-10-06 16:31:19]	[CulturalDiffusion] pending 85,17 claim confirmed on the live map 
[2026-10-06 16:31:19]	[CulturalDiffusion] notify: (86,17) player 0 -> player 3 
[2026-10-06 16:31:19]	[CulturalDiffusion] pending 86,17 claim confirmed on the live map 
[2026-10-06 16:31:19]	[CulturalDiffusion] inject 92,32 civ=0 culture=43.2 vitality=62.77 strength=66.26 stock=49755.72 cap=132517.74 
[2026-10-06 16:31:19]	[CulturalDiffusion] inject 87,32 civ=0 culture=13 vitality=26.65 strength=22.49 stock=8170.7 cap=44982.8 
[2026-10-06 16:31:19]	[CulturalDiffusion] inject 90,37 civ=0 culture=2 vitality=16.66 strength=5.65 stock=1129.85 cap=11304.93 
[2026-10-06 16:31:19]	[CulturalDiffusion] inject 93,26 civ=0 culture=6 vitality=39.78 strength=15.65 stock=2613.33 cap=31307.7 
[2026-10-06 16:31:19]	[CulturalDiffusion] inject 86,20 civ=0 culture=0 vitality=6.76 strength=0 stock=113.96 cap=0 
[2026-10-06 16:31:19]	[CulturalDiffusion] inject 82,23 civ=3 culture=6 vitality=20.8 strength=8.89 stock=2795.52 cap=17784.37 
[2026-10-06 16:31:19]	[CulturalDiffusion] inject 81,18 civ=3 culture=8 vitality=30.05 strength=12.19 stock=2502.87 cap=24387.76 
[2026-10-06 16:31:19]	[CulturalDiffusion] inject 84,35 civ=3 culture=3 vitality=27.4 strength=6.24 stock=906.63 cap=12481.29 
[2026-10-06 16:31:19]	[CulturalDiffusion] inject 91,45 civ=4 culture=3 vitality=5.95 strength=4.97 stock=87.41 cap=9939.08 
[2026-10-06 16:31:19]	[CulturalDiffusion] frontier city=65536 ring=4 best=2723.83 bar=300 over=13/23 center=49755.72 
[2026-10-06 16:31:19]	[CulturalDiffusion] frontier city=196609 ring=4 best=34903.25 bar=300 over=20/24 center=8170.7 
[2026-10-06 16:31:19]	[CulturalDiffusion] frontier city=262146 ring=4 best=9307.53 bar=300 over=16/24 center=1129.85 
[2026-10-06 16:31:19]	[CulturalDiffusion] frontier city=393220 ring=4 best=5309.61 bar=300 over=9/19 center=2613.33 
[2026-10-06 16:31:19]	[CulturalDiffusion] frontier city=458757 ring=4 best=308.46 bar=300 over=1/24 center=113.96 
[2026-10-06 16:31:19]	[CulturalDiffusion] flip 86,36 -> player 0 via purchasePlot sent; pending confirmation next pass (was owner 3) 
[2026-10-06 16:31:19]	[CulturalDiffusion] flip 85,38 -> player 0 via purchasePlot sent; pending confirmation next pass (was owner -1) 
[2026-10-06 16:31:19]	[CulturalDiffusion] flip 85,39 -> player 0 via purchasePlot sent; pending confirmation next pass (was owner 3) 
[2026-10-06 16:31:19]	[CulturalDiffusion] flip 82,29 -> player 3 via purchasePlot sent; pending confirmation next pass (was owner -1) 
[2026-10-06 16:31:19]	[CulturalDiffusion] flip 86,18 -> player 3 via purchasePlot sent; pending confirmation next pass (was owner 0) 
[2026-10-06 16:31:19]	[CulturalDiffusion] flip 84,29 -> player 3 via purchasePlot sent; pending confirmation next pass (was owner 0) 
[2026-10-06 16:31:19]	[CulturalDiffusion] state bytes=21362 field=420 claims=88 locked=27 passMs=39 
[2026-10-06 16:31:19]	[CulturalDiffusion] pass: 0 flip(s), 3 pending, 0 ceded (0 pending), 0 AI flip(s) (3 pending), 0 conquest(s) (0 pending), confirmed 9 claim/0 cede (0 dropped), 0 orphan(s) healed, 0 inner tile(s) released to base game, 420 active field tile(s) 
[2026-10-06 16:31:19]	[CulturalDiffusion] pass (turn 160): flips=0 field tiles=157 
[2026-10-06 16:31:21]	[CDH] TURN k=24 turn=160 age=AGE_ANTIQUITY blocker=-2084516792 
[2026-10-06 16:31:30]	[CDH] OBS T24: age=AGE_ANTIQUITY turn=160 ownerChanges=6 missionaries=0 moved=0 idleWithMoves=0 gone=0 flipsNearMissionary=0 (district 0) onFlipped=0 jsErrors=192 amAuto=absent 
[2026-10-06 16:31:30]	[CDH] INV T24: claims=88 stale=17 localInner=6 district=0 center=0 pending=6 bytes=21347 
[2026-10-06 16:32:00]	[CDH] attached am-soak 
[2026-10-06 16:32:01]	[CulturalDiffusion] boot (turnInterval 1, verb purchasePlot, enabled true) 
[2026-10-06 16:32:06]	[CDH] LOAD GameStarted 
[2026-10-06 16:32:07]	[CulturalDiffusion] notify: (86,36) player 3 -> player 0 
[2026-10-06 16:32:07]	[CulturalDiffusion] pending 86,36 claim confirmed on the live map 
[2026-10-06 16:32:07]	[CulturalDiffusion] notify: (85,38) unowned -> player 0 
[2026-10-06 16:32:07]	[CulturalDiffusion] pending 85,38 claim confirmed on the live map 
[2026-10-06 16:32:07]	[CulturalDiffusion] notify: (85,39) player 3 -> player 0 
[2026-10-06 16:32:07]	[CulturalDiffusion] pending 85,39 claim confirmed on the live map 
[2026-10-06 16:32:07]	[CulturalDiffusion] notify: (82,29) unowned -> player 3 
[2026-10-06 16:32:07]	[CulturalDiffusion] pending 82,29 claim confirmed on the live map 
[2026-10-06 16:32:07]	[CulturalDiffusion] notify: (86,18) player 0 -> player 3 
[2026-10-06 16:32:07]	[CulturalDiffusion] pending 86,18 claim confirmed on the live map 
[2026-10-06 16:32:07]	[CulturalDiffusion] notify: (84,29) player 0 -> player 3 
[2026-10-06 16:32:07]	[CulturalDiffusion] pending 84,29 claim confirmed on the live map 
[2026-10-06 16:32:07]	[CulturalDiffusion] inject 92,32 civ=0 culture=30.8 vitality=48.2 strength=39.54 stock=50692.61 cap=79074.96 
[2026-10-06 16:32:07]	[CulturalDiffusion] inject 86,20 civ=0 culture=0 vitality=10.68 strength=0 stock=115.07 cap=0 
[2026-10-06 16:32:07]	[CulturalDiffusion] inject 93,26 civ=0 culture=0 vitality=17.5 strength=0 stock=2481.67 cap=0 
[2026-10-06 16:32:07]	[CulturalDiffusion] inject 87,32 civ=0 culture=12 vitality=36.5 strength=19.44 stock=8451.71 cap=38878.86 
[2026-10-06 16:32:07]	[CulturalDiffusion] inject 90,37 civ=0 culture=2 vitality=26.65 strength=5.43 stock=1206.89 cap=10866.93 
[2026-10-06 16:32:07]	[CulturalDiffusion] inject 81,18 civ=3 culture=9.9 vitality=32.61 strength=12.33 stock=2625.68 cap=24665.11 
[2026-10-06 16:32:07]	[CulturalDiffusion] inject 82,23 civ=3 culture=9.9 vitality=23.57 strength=11.01 stock=2890.15 cap=22014.4 
[2026-10-06 16:32:07]	[CulturalDiffusion] inject 84,35 civ=3 culture=3.3 vitality=31.89 strength=5.99 stock=946.9 cap=11976.76 
[2026-10-06 16:32:07]	[CulturalDiffusion] inject 91,45 civ=4 culture=4.4 vitality=12.1 strength=6.65 stock=117.03 cap=13307.95 
[2026-10-06 16:32:07]	[CulturalDiffusion] frontier city=65536 ring=4 best=2888.76 bar=375 over=13/23 center=50692.61 
[2026-10-06 16:32:07]	[CulturalDiffusion] frontier city=131073 ring=4 best=328.96 bar=375 over=0/24 center=115.07 
[2026-10-06 16:32:07]	[CulturalDiffusion] frontier city=196610 ring=4 best=5645.31 bar=375 over=8/19 center=2481.67 
[2026-10-06 16:32:07]	[CulturalDiffusion] frontier city=262147 ring=4 best=37316.79 bar=375 over=21/24 center=8451.71 
[2026-10-06 16:32:07]	[CulturalDiffusion] frontier city=327684 ring=4 best=9951.14 bar=375 over=17/24 center=1206.89 
[2026-10-06 16:32:07]	[CulturalDiffusion] flip 86,28 -> player 0 via purchasePlot sent; pending confirmation next pass (was owner 22) 
[2026-10-06 16:32:07]	[CulturalDiffusion] flip 85,28 -> player 0 via purchasePlot sent; pending confirmation next pass (was owner 22) 
[2026-10-06 16:32:07]	[CulturalDiffusion] flip 83,32 -> player 0 via purchasePlot sent; pending confirmation next pass (was owner -1) 
[2026-10-06 16:32:07]	[CulturalDiffusion] flip 83,31 -> player 0 via purchasePlot sent; pending confirmation next pass (was owner -1) 
[2026-10-06 16:32:07]	[CulturalDiffusion] flip 89,41 -> player 0 via purchasePlot sent; pending confirmation next pass (was owner 21) 
[2026-10-06 16:32:07]	[CulturalDiffusion] flip 88,41 -> player 0 via purchasePlot sent; pending confirmation next pass (was owner -1) 
[2026-10-06 16:32:07]	[CulturalDiffusion] flip 86,27 -> player 0 via purchasePlot sent; pending confirmation next pass (was owner -1) 
[2026-10-06 16:32:07]	[CulturalDiffusion] flip 83,30 -> player 0 via purchasePlot sent; pending confirmation next pass (was owner -1) 
[2026-10-06 16:32:07]	[CulturalDiffusion] flip 81,30 -> player 3 via purchasePlot sent; pending confirmation next pass (was owner -1) 
[2026-10-06 16:32:07]	[CulturalDiffusion] flip 82,30 -> player 3 via purchasePlot sent; pending confirmation next pass (was owner -1) 
[2026-10-06 16:32:07]	[CulturalDiffusion] state bytes=23142 field=434 claims=92 locked=32 passMs=61 
[2026-10-06 16:32:07]	[CulturalDiffusion] pass: 0 flip(s), 8 pending, 0 ceded (0 pending), 0 AI flip(s) (2 pending), 0 conquest(s) (0 pending), confirmed 6 claim/0 cede (0 dropped), 0 orphan(s) healed, 0 inner tile(s) released to base game, 434 active field tile(s) 
[2026-10-06 16:32:07]	[CulturalDiffusion] pass (turn 1): flips=0 field tiles=96 
[2026-10-06 16:32:16]	[CDH] AMSOAK start turn=1 age=AGE_EXPLORATION startAge=AGE_ANTIQUITY_RELOADED local=0 amPresent=false amSet=absent religion=null missionaries=0 cdConfig={"claimOnlyUnowned":false,"aiCultureFlips":true,"flipMaxDistance":6,"maxFlipsPerTurn":8} 
[2026-10-06 16:32:16]	[CDH] INV T0-pre: claims=92 stale=16 localInner=7 district=0 center=0 pending=10 bytes=23127 
[2026-10-06 16:32:16]	[CDH] SEED T0: 400 frontier tiles seeded, state bytes=26854 
[2026-10-06 16:32:16]	[CulturalDiffusion] notify: (86,28) player 22 -> player 0 
[2026-10-06 16:32:16]	[CulturalDiffusion] pending 86,28 claim confirmed on the live map 
[2026-10-06 16:32:16]	[CulturalDiffusion] notify: (85,28) player 22 -> player 0 
[2026-10-06 16:32:16]	[CulturalDiffusion] pending 85,28 claim confirmed on the live map 
[2026-10-06 16:32:16]	[CulturalDiffusion] notify: (83,32) unowned -> player 0 
[2026-10-06 16:32:16]	[CulturalDiffusion] pending 83,32 claim confirmed on the live map 
[2026-10-06 16:32:16]	[CulturalDiffusion] notify: (83,31) unowned -> player 0 
[2026-10-06 16:32:16]	[CulturalDiffusion] pending 83,31 claim confirmed on the live map 
[2026-10-06 16:32:16]	[CulturalDiffusion] notify: (89,41) player 21 -> player 0 
[2026-10-06 16:32:16]	[CulturalDiffusion] pending 89,41 claim confirmed on the live map 
[2026-10-06 16:32:16]	[CulturalDiffusion] notify: (88,41) unowned -> player 0 
[2026-10-06 16:32:16]	[CulturalDiffusion] pending 88,41 claim confirmed on the live map 
[2026-10-06 16:32:16]	[CulturalDiffusion] notify: (86,27) unowned -> player 0 
[2026-10-06 16:32:16]	[CulturalDiffusion] pending 86,27 claim confirmed on the live map 
[2026-10-06 16:32:16]	[CulturalDiffusion] notify: (83,30) unowned -> player 0 
[2026-10-06 16:32:16]	[CulturalDiffusion] pending 83,30 claim confirmed on the live map 
[2026-10-06 16:32:16]	[CulturalDiffusion] notify: (81,30) unowned -> player 3 
[2026-10-06 16:32:16]	[CulturalDiffusion] pending 81,30 claim confirmed on the live map 
[2026-10-06 16:32:16]	[CulturalDiffusion] notify: (82,30) unowned -> player 3 
[2026-10-06 16:32:16]	[CulturalDiffusion] pending 82,30 claim confirmed on the live map 
[2026-10-06 16:32:16]	[CulturalDiffusion] inject 92,32 civ=0 culture=30.8 vitality=48.2 strength=39.59 stock=51619.45 cap=79184.85 
[2026-10-06 16:32:16]	[CulturalDiffusion] inject 86,20 civ=0 culture=0 vitality=10.68 strength=0 stock=136.81 cap=0 
[2026-10-06 16:32:16]	[CulturalDiffusion] inject 93,26 civ=0 culture=0 vitality=17.5 strength=0 stock=2356.58 cap=0 
[2026-10-06 16:32:16]	[CulturalDiffusion] inject 87,32 civ=0 culture=12 vitality=36.5 strength=19.47 stock=8731.24 cap=38932.89 
[2026-10-06 16:32:16]	[CulturalDiffusion] inject 90,37 civ=0 culture=2 vitality=26.65 strength=5.44 stock=1286.86 cap=10882.03 
[2026-10-06 16:32:16]	[CulturalDiffusion] inject 81,18 civ=3 culture=9.9 vitality=32.61 strength=12.33 stock=2748 cap=24650.31 
[2026-10-06 16:32:16]	[CulturalDiffusion] inject 82,23 civ=3 culture=9.9 vitality=23.57 strength=11 stock=2985.6 cap=22001.19 
[2026-10-06 16:32:16]	[CulturalDiffusion] inject 84,35 civ=3 culture=3.3 vitality=30.18 strength=5.87 stock=985.47 cap=11740.1 
[2026-10-06 16:32:16]	[CulturalDiffusion] inject 91,45 civ=4 culture=4.4 vitality=12.1 strength=6.66 stock=149.07 cap=13325.91 
[2026-10-06 16:32:16]	[CulturalDiffusion] frontier city=65536 ring=4 best=3071.99 bar=375 over=13/23 center=51619.45 
[2026-10-06 16:32:16]	[CulturalDiffusion] frontier city=131073 ring=4 best=3799 bar=375 over=15/24 center=136.81 
[2026-10-06 16:32:16]	[CulturalDiffusion] frontier city=196610 ring=4 best=7329.68 bar=375 over=13/19 center=2356.58 
[2026-10-06 16:32:16]	[CulturalDiffusion] frontier city=262147 ring=4 best=38019.46 bar=375 over=22/24 center=8731.24 
[2026-10-06 16:32:16]	[CulturalDiffusion] frontier city=327684 ring=4 best=10138.52 bar=375 over=18/24 center=1286.86 
[2026-10-06 16:32:16]	[CulturalDiffusion] flip 87,24 -> player 0 via purchasePlot sent; pending confirmation next pass (was owner -1) 
[2026-10-06 16:32:16]	[CulturalDiffusion] flip 86,24 -> player 0 via purchasePlot sent; pending confirmation next pass (was owner -1) 
[2026-10-06 16:32:16]	[CulturalDiffusion] flip 85,24 -> player 0 via purchasePlot sent; pending confirmation next pass (was owner -1) 
[2026-10-06 16:32:16]	[CulturalDiffusion] flip 83,18 -> player 0 via purchasePlot sent; pending confirmation next pass (was owner -1) 
[2026-10-06 16:32:16]	[CulturalDiffusion] flip 83,17 -> player 0 via purchasePlot sent; pending confirmation next pass (was owner -1) 
[2026-10-06 16:32:16]	[CulturalDiffusion] flip 89,21 -> player 0 via purchasePlot sent; pending confirmation next pass (was owner -1) 
[2026-10-06 16:32:16]	[CulturalDiffusion] flip 89,22 -> player 0 via purchasePlot sent; pending confirmation next pass (was owner -1) 
[2026-10-06 16:32:16]	[CulturalDiffusion] flip 88,23 -> player 0 via purchasePlot sent; pending confirmation next pass (was owner -1) 
[2026-10-06 16:32:16]	[CulturalDiffusion] flip 84,27 -> player 3 via purchasePlot sent; pending confirmation next pass (was owner 22) 
[2026-10-06 16:32:16]	[CulturalDiffusion] flip 83,28 -> player 3 via purchasePlot sent; pending confirmation next pass (was owner -1) 
[2026-10-06 16:32:16]	[CulturalDiffusion] flip 87,42 -> player 4 via purchasePlot sent; pending confirmation next pass (was owner 0) 
[2026-10-06 16:32:16]	[CulturalDiffusion] flip 86,41 -> player 4 via purchasePlot sent; pending confirmation next pass (was owner 0) 
[2026-10-06 16:32:16]	[CulturalDiffusion] flip 83,29 -> player 3 via purchasePlot sent; pending confirmation next pass (was owner -1) 
[2026-10-06 16:32:16]	[CulturalDiffusion] flip 82,38 -> player 4 via purchasePlot sent; pending confirmation next pass (was owner -1) 
[2026-10-06 16:32:16]	[CulturalDiffusion] state bytes=23613 field=442 claims=102 locked=40 passMs=55 
[2026-10-06 16:32:16]	[CulturalDiffusion] pass: 0 flip(s), 8 pending, 0 ceded (0 pending), 0 AI flip(s) (6 pending), 0 conquest(s) (0 pending), confirmed 10 claim/0 cede (0 dropped), 0 orphan(s) healed, 0 inner tile(s) released to base game, 442 active field tile(s) 
[2026-10-06 16:32:16]	[CulturalDiffusion] pass (manual): flips=0 field tiles=39 
[2026-10-06 16:32:16]	[CDH] T0 runNow={"flips":0,"pending":8,"tiles":39,"healed":0,"released":0,"ceded":0,"cedePending":0,"aiFlips":0,"aiPending":6,"conquests":0,"conquestPending":0,"occupied":0,"confirmed":10,"confirmedCede":0} 
[2026-10-06 16:32:24]	[CDH] INV T0-post: claims=102 stale=17 localInner=7 district=0 center=0 pending=14 bytes=23598 
[2026-10-06 16:32:31]	[CulturalDiffusion] notify: (87,24) unowned -> player 0 
[2026-10-06 16:32:31]	[CulturalDiffusion] pending 87,24 claim confirmed on the live map 
[2026-10-06 16:32:31]	[CulturalDiffusion] notify: (86,24) unowned -> player 0 
[2026-10-06 16:32:31]	[CulturalDiffusion] pending 86,24 claim confirmed on the live map 
[2026-10-06 16:32:31]	[CulturalDiffusion] notify: (85,24) unowned -> player 0 
[2026-10-06 16:32:31]	[CulturalDiffusion] pending 85,24 claim confirmed on the live map 
[2026-10-06 16:32:31]	[CulturalDiffusion] notify: (83,18) unowned -> player 0 
[2026-10-06 16:32:31]	[CulturalDiffusion] pending 83,18 claim confirmed on the live map 
[2026-10-06 16:32:31]	[CulturalDiffusion] notify: (83,17) unowned -> player 0 
[2026-10-06 16:32:31]	[CulturalDiffusion] pending 83,17 claim confirmed on the live map 
[2026-10-06 16:32:31]	[CulturalDiffusion] notify: (89,21) unowned -> player 0 
[2026-10-06 16:32:31]	[CulturalDiffusion] pending 89,21 claim confirmed on the live map 
[2026-10-06 16:32:31]	[CulturalDiffusion] notify: (89,22) unowned -> player 0 
[2026-10-06 16:32:31]	[CulturalDiffusion] pending 89,22 claim confirmed on the live map 
[2026-10-06 16:32:31]	[CulturalDiffusion] notify: (88,23) unowned -> player 0 
[2026-10-06 16:32:31]	[CulturalDiffusion] pending 88,23 claim confirmed on the live map 
[2026-10-06 16:32:31]	[CulturalDiffusion] notify: (84,27) player 22 -> player 3 
[2026-10-06 16:32:31]	[CulturalDiffusion] pending 84,27 claim confirmed on the live map 
[2026-10-06 16:32:31]	[CulturalDiffusion] notify: (83,28) unowned -> player 3 
[2026-10-06 16:32:31]	[CulturalDiffusion] pending 83,28 claim confirmed on the live map 
[2026-10-06 16:32:31]	[CulturalDiffusion] notify: (87,42) player 0 -> player 4 
[2026-10-06 16:32:31]	[CulturalDiffusion] pending 87,42 claim confirmed on the live map 
[2026-10-06 16:32:31]	[CulturalDiffusion] notify: (86,41) player 0 -> player 4 
[2026-10-06 16:32:31]	[CulturalDiffusion] pending 86,41 claim confirmed on the live map 
[2026-10-06 16:32:31]	[CulturalDiffusion] notify: (83,29) unowned -> player 3 
[2026-10-06 16:32:31]	[CulturalDiffusion] pending 83,29 claim confirmed on the live map 
[2026-10-06 16:32:31]	[CulturalDiffusion] notify: (82,38) unowned -> player 4 
[2026-10-06 16:32:31]	[CulturalDiffusion] pending 82,38 claim confirmed on the live map 
[2026-10-06 16:32:31]	[CulturalDiffusion] inject 92,32 civ=0 culture=33 vitality=48.2 strength=39.15 stock=52492.78 cap=78307.72 
[2026-10-06 16:32:31]	[CulturalDiffusion] inject 86,20 civ=0 culture=0 vitality=10.68 strength=0 stock=155.83 cap=0 
[2026-10-06 16:32:31]	[CulturalDiffusion] inject 93,26 civ=0 culture=0 vitality=17.5 strength=0 stock=2237.75 cap=0 
[2026-10-06 16:32:31]	[CulturalDiffusion] inject 87,32 civ=0 culture=12 vitality=36.5 strength=18.41 stock=8969.76 cap=36810.72 
[2026-10-06 16:32:31]	[CulturalDiffusion] inject 90,37 civ=0 culture=2 vitality=26.65 strength=5.14 stock=1361.47 cap=10288.87 
[2026-10-06 16:32:31]	[CulturalDiffusion] inject 81,18 civ=3 culture=9.9 vitality=59.11 strength=14.84 stock=2920.82 cap=29673.15 
[2026-10-06 16:32:31]	[CulturalDiffusion] inject 82,23 civ=3 culture=9.9 vitality=27.99 strength=11.42 stock=3090.62 cap=22840.77 
[2026-10-06 16:32:31]	[CulturalDiffusion] inject 84,35 civ=3 culture=3.3 vitality=31.78 strength=5.84 stock=1023.37 cap=11686.8 
[2026-10-06 16:32:31]	[CulturalDiffusion] inject 91,45 civ=4 culture=4.4 vitality=12.1 strength=6.6 stock=182.91 cap=13190.36 
[2026-10-06 16:32:31]	[CulturalDiffusion] frontier city=65536 ring=4 best=3298.36 bar=375 over=14/23 center=52492.78 
[2026-10-06 16:32:31]	[CulturalDiffusion] frontier city=131073 ring=4 best=3608.05 bar=375 over=16/24 center=155.83 
[2026-10-06 16:32:31]	[CulturalDiffusion] frontier city=196610 ring=4 best=7836.53 bar=375 over=13/19 center=2237.75 
[2026-10-06 16:32:31]	[CulturalDiffusion] frontier city=262147 ring=4 best=38714.59 bar=375 over=22/24 center=8969.76 
[2026-10-06 16:32:31]	[CulturalDiffusion] frontier city=327684 ring=4 best=10323.89 bar=375 over=18/24 center=1361.47 
[2026-10-06 16:32:31]	[CulturalDiffusion] flip 84,24 -> player 0 via purchasePlot sent; pending confirmation next pass (was owner 3) 
[2026-10-06 16:32:31]	[CulturalDiffusion] flip 83,22 -> player 0 via purchasePlot sent; pending confirmation next pass (was owner 3) 
[2026-10-06 16:32:31]	[CulturalDiffusion] flip 91,22 -> player 0 via purchasePlot sent; pending confirmation next pass (was owner -1) 
[2026-10-06 16:32:31]	[CulturalDiffusion] flip 92,22 -> player 0 via purchasePlot sent; pending confirmation next pass (was owner -1) 
[2026-10-06 16:32:31]	[CulturalDiffusion] flip 84,34 -> player 0 via purchasePlot sent; pending confirmation next pass (was owner 3) 
[2026-10-06 16:32:31]	[CulturalDiffusion] flip 89,24 -> player 0 via purchasePlot sent; pending confirmation next pass (was owner -1) 
[2026-10-06 16:32:31]	[CulturalDiffusion] flip 84,25 -> player 0 via purchasePlot sent; pending confirmation next pass (was owner -1) 
[2026-10-06 16:32:31]	[CulturalDiffusion] flip 90,21 -> player 0 via purchasePlot sent; pending confirmation next pass (was owner -1) 
[2026-10-06 16:32:31]	[CulturalDiffusion] flip 87,43 -> player 4 via purchasePlot sent; pending confirmation next pass (was owner 0) 
[2026-10-06 16:32:31]	[CulturalDiffusion] flip 84,39 -> player 4 via purchasePlot sent; pending confirmation next pass (was owner 3) 
[2026-10-06 16:32:31]	[CulturalDiffusion] flip 86,40 -> player 4 via purchasePlot sent; pending confirmation next pass (was owner 3) 
[2026-10-06 16:32:31]	[CulturalDiffusion] state bytes=25366 field=449 claims=113 locked=50 passMs=53 
[2026-10-06 16:32:31]	[CulturalDiffusion] pass: 0 flip(s), 8 pending, 0 ceded (0 pending), 0 AI flip(s) (3 pending), 0 conquest(s) (0 pending), confirmed 14 claim/0 cede (0 dropped), 0 orphan(s) healed, 0 inner tile(s) released to base game, 449 active field tile(s) 
[2026-10-06 16:32:31]	[CulturalDiffusion] pass (turn 2): flips=0 field tiles=90 
[2026-10-06 16:32:32]	[CDH] TURN k=1 turn=2 age=AGE_EXPLORATION blocker=-1882049560 
[2026-10-06 16:32:41]	[CDH] OBS T1: age=AGE_EXPLORATION turn=2 ownerChanges=11 missionaries=0 moved=0 idleWithMoves=0 gone=0 flipsNearMissionary=0 (district 0) onFlipped=0 jsErrors=0 amAuto=absent 
[2026-10-06 16:32:41]	[CDH] INV T1: claims=113 stale=16 localInner=7 district=0 center=0 pending=11 bytes=25351 
[2026-10-06 16:32:50]	[CulturalDiffusion] notify: (84,24) player 3 -> player 0 
[2026-10-06 16:32:50]	[CulturalDiffusion] pending 84,24 claim confirmed on the live map 
[2026-10-06 16:32:50]	[CulturalDiffusion] notify: (83,22) player 3 -> player 0 
[2026-10-06 16:32:50]	[CulturalDiffusion] pending 83,22 claim confirmed on the live map 
[2026-10-06 16:32:50]	[CulturalDiffusion] notify: (91,22) unowned -> player 0 
[2026-10-06 16:32:50]	[CulturalDiffusion] pending 91,22 claim confirmed on the live map 
[2026-10-06 16:32:50]	[CulturalDiffusion] notify: (92,22) unowned -> player 0 
[2026-10-06 16:32:50]	[CulturalDiffusion] pending 92,22 claim confirmed on the live map 
[2026-10-06 16:32:50]	[CulturalDiffusion] notify: (84,34) player 3 -> player 0 
[2026-10-06 16:32:50]	[CulturalDiffusion] pending 84,34 claim confirmed on the live map 
[2026-10-06 16:32:50]	[CulturalDiffusion] notify: (89,24) unowned -> player 0 
[2026-10-06 16:32:50]	[CulturalDiffusion] pending 89,24 claim confirmed on the live map 
[2026-10-06 16:32:50]	[CulturalDiffusion] notify: (84,25) unowned -> player 0 
[2026-10-06 16:32:50]	[CulturalDiffusion] pending 84,25 claim confirmed on the live map 
[2026-10-06 16:32:50]	[CulturalDiffusion] notify: (90,21) unowned -> player 0 
[2026-10-06 16:32:50]	[CulturalDiffusion] pending 90,21 claim confirmed on the live map 
[2026-10-06 16:32:50]	[CulturalDiffusion] notify: (87,43) player 0 -> player 4 
[2026-10-06 16:32:50]	[CulturalDiffusion] pending 87,43 claim confirmed on the live map 
[2026-10-06 16:32:50]	[CulturalDiffusion] notify: (84,39) player 3 -> player 4 
[2026-10-06 16:32:50]	[CulturalDiffusion] pending 84,39 claim confirmed on the live map 
[2026-10-06 16:32:50]	[CulturalDiffusion] notify: (86,40) player 3 -> player 4 
[2026-10-06 16:32:50]	[CulturalDiffusion] pending 86,40 claim confirmed on the live map 
[2026-10-06 16:32:50]	[CulturalDiffusion] inject 92,32 civ=0 culture=33 vitality=48.2 strength=39.09 stock=53345.76 cap=78179.29 
[2026-10-06 16:32:50]	[CulturalDiffusion] inject 86,20 civ=0 culture=0 vitality=10.68 strength=0 stock=172.35 cap=0 
[2026-10-06 16:32:50]	[CulturalDiffusion] inject 93,26 civ=0 culture=0 vitality=17.5 strength=0 stock=2124.87 cap=0 
[2026-10-06 16:32:50]	[CulturalDiffusion] inject 87,32 civ=0 culture=12 vitality=36.5 strength=18.38 stock=9204.28 cap=36750.35 
[2026-10-06 16:32:50]	[CulturalDiffusion] inject 90,37 civ=0 culture=2 vitality=26.65 strength=5.14 stock=1457.71 cap=10271.99 
[2026-10-06 16:32:50]	[CulturalDiffusion] inject 81,18 civ=3 culture=9.9 vitality=59.11 strength=14.41 stock=3085.48 cap=28827.51 
[2026-10-06 16:32:50]	[CulturalDiffusion] inject 82,23 civ=3 culture=9.9 vitality=27.99 strength=11.09 stock=3188.31 cap=22189.85 
[2026-10-06 16:32:50]	[CulturalDiffusion] inject 84,35 civ=3 culture=3.3 vitality=31.78 strength=5.68 stock=1058.84 cap=11353.74 
[2026-10-06 16:32:50]	[CulturalDiffusion] inject 91,45 civ=4 culture=4.4 vitality=12.1 strength=6.58 stock=218.49 cap=13168.48 
[2026-10-06 16:32:50]	[CulturalDiffusion] frontier city=65536 ring=4 best=3526.44 bar=375 over=15/23 center=53345.76 
[2026-10-06 16:32:50]	[CulturalDiffusion] frontier city=131073 ring=4 best=3426.65 bar=375 over=17/24 center=172.35 
[2026-10-06 16:32:50]	[CulturalDiffusion] frontier city=196610 ring=4 best=7984.09 bar=375 over=13/19 center=2124.87 
[2026-10-06 16:32:50]	[CulturalDiffusion] frontier city=262147 ring=4 best=39369.58 bar=375 over=22/24 center=9204.28 
[2026-10-06 16:32:50]	[CulturalDiffusion] frontier city=327684 ring=4 best=10498.56 bar=375 over=18/24 center=1457.71 
[2026-10-06 16:32:50]	[CulturalDiffusion] flip 87,36 -> player 0 via purchasePlot sent; pending confirmation next pass (was owner 3) 
[2026-10-06 16:32:50]	[CulturalDiffusion] flip 86,37 -> player 0 via purchasePlot sent; pending confirmation next pass (was owner 3) 
[2026-10-06 16:32:50]	[CulturalDiffusion] flip 83,23 NOT APPLIED reason=district-urban verb=purchasePlot 
[2026-10-06 16:32:50]	[CulturalDiffusion] flip 85,36 -> player 0 via purchasePlot sent; pending confirmation next pass (was owner 3) 
[2026-10-06 16:32:50]	[CulturalDiffusion] flip 90,22 -> player 0 via purchasePlot sent; pending confirmation next pass (was owner -1) 
[2026-10-06 16:32:50]	[CulturalDiffusion] flip 89,23 -> player 0 via purchasePlot sent; pending confirmation next pass (was owner -1) 
[2026-10-06 16:32:50]	[CulturalDiffusion] flip 91,21 -> player 0 via purchasePlot sent; pending confirmation next pass (was owner -1) 
[2026-10-06 16:32:50]	[CulturalDiffusion] skip flip 85,27: would strand a foreign unit 
[2026-10-06 16:32:50]	[CulturalDiffusion] flip 85,37 -> player 0 via purchasePlot sent; pending confirmation next pass (was owner 3) 
[2026-10-06 16:32:50]	[CulturalDiffusion] flip 82,32 -> player 0 via purchasePlot sent; pending confirmation next pass (was owner -1) 
[2026-10-06 16:32:50]	[CulturalDiffusion] flip 85,21 NOT APPLIED reason=district-urban verb=purchasePlot 
[2026-10-06 16:32:50]	[CulturalDiffusion] flip 85,18 -> player 3 via purchasePlot sent; pending confirmation next pass (was owner 0) 
[2026-10-06 16:32:50]	[CulturalDiffusion] flip 83,39 -> player 4 via purchasePlot sent; pending confirmation next pass (was owner 3) 
[2026-10-06 16:32:50]	[CulturalDiffusion] flip 85,29 -> player 3 via purchasePlot sent; pending confirmation next pass (was owner 0) 
[2026-10-06 16:32:50]	[CulturalDiffusion] flip 86,19 NOT APPLIED reason=district-urban verb=purchasePlot 
[2026-10-06 16:32:50]	[CulturalDiffusion] flip 87,18 NOT APPLIED reason=district-urban verb=purchasePlot 
[2026-10-06 16:32:50]	[CulturalDiffusion] state bytes=26746 field=453 claims=121 locked=58 passMs=58 
[2026-10-06 16:32:50]	[CulturalDiffusion] pass: 0 flip(s), 8 pending, 0 ceded (0 pending), 0 AI flip(s) (3 pending), 0 conquest(s) (0 pending), confirmed 11 claim/0 cede (0 dropped), 0 orphan(s) healed, 0 inner tile(s) released to base game, 453 active field tile(s) 
[2026-10-06 16:32:50]	[CulturalDiffusion] pass (turn 3): flips=0 field tiles=109 
[2026-10-06 16:32:52]	[CDH] TURN k=2 turn=3 age=AGE_EXPLORATION blocker=-1882049560 
[2026-10-06 16:32:52]	[CulturalDiffusion] flip 87,36 with teardown: torn=2 cleared=true buy=purchasePlot landed=true rebuilt=true improvement=IMPROVEMENT_FARM 
[2026-10-06 16:32:52]	[CulturalDiffusion] flip 86,37 with teardown: torn=2 cleared=true buy=purchasePlot landed=true rebuilt=true improvement=IMPROVEMENT_FARM 
[2026-10-06 16:32:52]	[CulturalDiffusion] flip 85,36 with teardown: torn=2 cleared=true buy=purchasePlot landed=true rebuilt=true improvement=IMPROVEMENT_FARM 
[2026-10-06 16:32:52]	[CulturalDiffusion] flip 85,37 with teardown: torn=2 cleared=true buy=purchasePlot landed=true rebuilt=true improvement=IMPROVEMENT_WOODCUTTER 
[2026-10-06 16:32:52]	[CulturalDiffusion] flip 85,18 with teardown: torn=2 cleared=true buy=purchasePlot landed=true rebuilt=true improvement=IMPROVEMENT_BARAY 
[2026-10-06 16:32:52]	[CulturalDiffusion] flip 85,29 with teardown: torn=2 cleared=true buy=purchasePlot landed=true rebuilt=true improvement=IMPROVEMENT_WOODCUTTER 
[2026-10-06 16:33:01]	[CDH] OBS T2: age=AGE_EXPLORATION turn=3 ownerChanges=11 missionaries=0 moved=0 idleWithMoves=0 gone=0 flipsNearMissionary=0 (district 0) onFlipped=0 jsErrors=0 amAuto=absent 
[2026-10-06 16:33:01]	[CDH] INV T2: claims=121 stale=13 localInner=7 district=0 center=0 pending=11 bytes=26731 
[2026-10-06 16:33:06]	[CulturalDiffusion] notify: (87,36) player 3 -> player 0 
[2026-10-06 16:33:06]	[CulturalDiffusion] pending 87,36 claim confirmed on the live map 
[2026-10-06 16:33:06]	[CulturalDiffusion] notify: (86,37) player 3 -> player 0 
[2026-10-06 16:33:06]	[CulturalDiffusion] pending 86,37 claim confirmed on the live map 
[2026-10-06 16:33:06]	[CulturalDiffusion] notify: (85,36) player 3 -> player 0 
[2026-10-06 16:33:06]	[CulturalDiffusion] pending 85,36 claim confirmed on the live map 
[2026-10-06 16:33:06]	[CulturalDiffusion] notify: (90,22) unowned -> player 0 
[2026-10-06 16:33:06]	[CulturalDiffusion] pending 90,22 claim confirmed on the live map 
[2026-10-06 16:33:06]	[CulturalDiffusion] notify: (89,23) unowned -> player 0 
[2026-10-06 16:33:06]	[CulturalDiffusion] pending 89,23 claim confirmed on the live map 
[2026-10-06 16:33:06]	[CulturalDiffusion] notify: (91,21) unowned -> player 0 
[2026-10-06 16:33:06]	[CulturalDiffusion] pending 91,21 claim confirmed on the live map 
[2026-10-06 16:33:06]	[CulturalDiffusion] notify: (85,37) player 3 -> player 0 
[2026-10-06 16:33:06]	[CulturalDiffusion] pending 85,37 claim confirmed on the live map 
[2026-10-06 16:33:06]	[CulturalDiffusion] notify: (82,32) unowned -> player 0 
[2026-10-06 16:33:06]	[CulturalDiffusion] pending 82,32 claim confirmed on the live map 
[2026-10-06 16:33:06]	[CulturalDiffusion] notify: (85,18) player 0 -> player 3 
[2026-10-06 16:33:06]	[CulturalDiffusion] pending 85,18 claim confirmed on the live map 
[2026-10-06 16:33:06]	[CulturalDiffusion] notify: (83,39) player 3 -> player 4 
[2026-10-06 16:33:06]	[CulturalDiffusion] pending 83,39 claim confirmed on the live map 
[2026-10-06 16:33:06]	[CulturalDiffusion] notify: (85,29) player 0 -> player 3 
[2026-10-06 16:33:06]	[CulturalDiffusion] pending 85,29 claim confirmed on the live map 
[2026-10-06 16:33:06]	[CulturalDiffusion] inject 92,32 civ=0 culture=33 vitality=48.2 strength=39.27 stock=54200.06 cap=78534.76 
[2026-10-06 16:33:06]	[CulturalDiffusion] inject 86,20 civ=0 culture=0 vitality=8.31 strength=0 stock=186.6 cap=0 
[2026-10-06 16:33:06]	[CulturalDiffusion] inject 93,26 civ=0 culture=0 vitality=17.5 strength=0 stock=2017.62 cap=0 
[2026-10-06 16:33:06]	[CulturalDiffusion] inject 87,32 civ=0 culture=12 vitality=39.9 strength=19.04 stock=9460.66 cap=38086.38 
[2026-10-06 16:33:06]	[CulturalDiffusion] inject 90,37 civ=0 culture=2 vitality=28.65 strength=5.29 stock=1557.6 cap=10583.38 
[2026-10-06 16:33:06]	[CulturalDiffusion] inject 81,18 civ=3 culture=9.9 vitality=61.88 strength=13.83 stock=3237.8 cap=27656.68 
[2026-10-06 16:33:06]	[CulturalDiffusion] inject 82,23 civ=3 culture=9.9 vitality=31.46 strength=10.91 stock=3280.67 cap=21827.13 
[2026-10-06 16:33:06]	[CulturalDiffusion] inject 84,35 civ=3 culture=3.3 vitality=22.7 strength=4.76 stock=1082.22 cap=9528.23 
[2026-10-06 16:33:06]	[CulturalDiffusion] inject 91,45 civ=4 culture=4.4 vitality=12.1 strength=6.58 stock=255.62 cap=13167.86 
[2026-10-06 16:33:06]	[CulturalDiffusion] frontier city=65536 ring=4 best=3592.84 bar=375 over=15/23 center=54200.06 
[2026-10-06 16:33:06]	[CulturalDiffusion] frontier city=131073 ring=4 best=3254.32 bar=375 over=17/24 center=186.6 
[2026-10-06 16:33:06]	[CulturalDiffusion] frontier city=196610 ring=4 best=8130.06 bar=375 over=13/19 center=2017.62 
[2026-10-06 16:33:06]	[CulturalDiffusion] frontier city=262147 ring=4 best=40009.32 bar=375 over=22/24 center=9460.66 
[2026-10-06 16:33:06]	[CulturalDiffusion] frontier city=327684 ring=4 best=10669.15 bar=375 over=18/24 center=1557.6 
[2026-10-06 16:33:06]	[CulturalDiffusion] flip 83,23 NOT APPLIED reason=district-urban verb=purchasePlot 
[2026-10-06 16:33:06]	[CulturalDiffusion] flip 85,27 -> player 0 via purchasePlot sent; pending confirmation next pass (was owner 22) 
[2026-10-06 16:33:06]	[CulturalDiffusion] flip 82,31 -> player 0 via purchasePlot sent; pending confirmation next pass (was owner -1) 
[2026-10-06 16:33:06]	[CulturalDiffusion] flip 84,36 -> player 0 via purchasePlot sent; pending confirmation next pass (was owner 3) 
[2026-10-06 16:33:06]	[CulturalDiffusion] flip 90,42 -> player 0 via purchasePlot sent; pending confirmation next pass (was owner -1) 
[2026-10-06 16:33:06]	[CulturalDiffusion] flip 89,42 -> player 0 via purchasePlot sent; pending confirmation next pass (was owner 21) 
[2026-10-06 16:33:06]	[CulturalDiffusion] flip 88,42 -> player 0 via purchasePlot sent; pending confirmation next pass (was owner -1) 
[2026-10-06 16:33:06]	[CulturalDiffusion] flip 86,26 -> player 0 via purchasePlot sent; pending confirmation next pass (was owner -1) 
[2026-10-06 16:33:06]	[CulturalDiffusion] flip 85,26 -> player 0 via purchasePlot sent; pending confirmation next pass (was owner -1) 
[2026-10-06 16:33:06]	[CulturalDiffusion] flip 85,21 NOT APPLIED reason=district-urban verb=purchasePlot 
[2026-10-06 16:33:06]	[CulturalDiffusion] flip 82,39 -> player 4 via purchasePlot sent; pending confirmation next pass (was owner 3) 
[2026-10-06 16:33:06]	[CulturalDiffusion] flip 86,19 NOT APPLIED reason=district-urban verb=purchasePlot 
[2026-10-06 16:33:06]	[CulturalDiffusion] flip 87,18 NOT APPLIED reason=district-urban verb=purchasePlot 
[2026-10-06 16:33:06]	[CulturalDiffusion] state bytes=27355 field=463 claims=131 locked=68 passMs=45 
[2026-10-06 16:33:06]	[CulturalDiffusion] pass: 0 flip(s), 8 pending, 0 ceded (0 pending), 0 AI flip(s) (1 pending), 0 conquest(s) (0 pending), confirmed 11 claim/0 cede (0 dropped), 0 orphan(s) healed, 0 inner tile(s) released to base game, 463 active field tile(s) 
[2026-10-06 16:33:06]	[CulturalDiffusion] pass (turn 4): flips=0 field tiles=135 
[2026-10-06 16:33:08]	[CDH] TURN k=3 turn=4 age=AGE_EXPLORATION blocker=-1882049560 
[2026-10-06 16:33:08]	[CulturalDiffusion] flip 85,27 with teardown: torn=2 cleared=true buy=purchasePlot landed=true rebuilt=true improvement=IMPROVEMENT_VILLAGE 
[2026-10-06 16:33:08]	[CulturalDiffusion] flip 84,36 with teardown: torn=2 cleared=true buy=purchasePlot landed=true rebuilt=true improvement=IMPROVEMENT_CLAY_PIT 
[2026-10-06 16:33:08]	[CulturalDiffusion] flip 89,42 with teardown: torn=2 cleared=true buy=purchasePlot landed=true rebuilt=true improvement=IMPROVEMENT_VILLAGE 
[2026-10-06 16:33:17]	[CDH] OBS T3: age=AGE_EXPLORATION turn=4 ownerChanges=9 missionaries=0 moved=0 idleWithMoves=0 gone=0 flipsNearMissionary=0 (district 0) onFlipped=0 jsErrors=0 amAuto=absent 
[2026-10-06 16:33:17]	[CDH] INV T3: claims=131 stale=12 localInner=9 district=0 center=0 pending=9 bytes=27340 
[2026-10-06 16:33:24]	[CulturalDiffusion] notify: (85,27) player 22 -> player 0 
[2026-10-06 16:33:24]	[CulturalDiffusion] pending 85,27 claim confirmed on the live map 
[2026-10-06 16:33:24]	[CulturalDiffusion] notify: (82,31) unowned -> player 0 
[2026-10-06 16:33:24]	[CulturalDiffusion] pending 82,31 claim confirmed on the live map 
[2026-10-06 16:33:24]	[CulturalDiffusion] notify: (84,36) player 3 -> player 0 
[2026-10-06 16:33:24]	[CulturalDiffusion] pending 84,36 claim confirmed on the live map 
[2026-10-06 16:33:24]	[CulturalDiffusion] notify: (90,42) unowned -> player 0 
[2026-10-06 16:33:24]	[CulturalDiffusion] pending 90,42 claim confirmed on the live map 
[2026-10-06 16:33:24]	[CulturalDiffusion] notify: (89,42) player 21 -> player 0 
[2026-10-06 16:33:24]	[CulturalDiffusion] pending 89,42 claim confirmed on the live map 
[2026-10-06 16:33:24]	[CulturalDiffusion] notify: (88,42) unowned -> player 0 
[2026-10-06 16:33:24]	[CulturalDiffusion] pending 88,42 claim confirmed on the live map 
[2026-10-06 16:33:24]	[CulturalDiffusion] notify: (86,26) unowned -> player 0 
[2026-10-06 16:33:24]	[CulturalDiffusion] pending 86,26 claim confirmed on the live map 
[2026-10-06 16:33:24]	[CulturalDiffusion] notify: (85,26) unowned -> player 0 
[2026-10-06 16:33:24]	[CulturalDiffusion] pending 85,26 claim confirmed on the live map 
[2026-10-06 16:33:24]	[CulturalDiffusion] notify: (82,39) player 3 -> player 4 
[2026-10-06 16:33:24]	[CulturalDiffusion] pending 82,39 claim confirmed on the live map 
[2026-10-06 16:33:24]	[CulturalDiffusion] inject 92,32 civ=0 culture=33 vitality=48.2 strength=39.64 stock=55073.36 cap=79282.09 
[2026-10-06 16:33:24]	[CulturalDiffusion] inject 86,20 civ=0 culture=0 vitality=8.31 strength=0 stock=198.76 cap=0 
[2026-10-06 16:33:24]	[CulturalDiffusion] inject 93,26 civ=0 culture=0 vitality=17.5 strength=0 stock=1915.74 cap=0 
[2026-10-06 16:33:24]	[CulturalDiffusion] inject 87,32 civ=0 culture=14 vitality=43.95 strength=21.98 stock=9824.75 cap=43963.62 
[2026-10-06 16:33:24]	[CulturalDiffusion] inject 90,37 civ=0 culture=4 vitality=29.6 strength=8.48 stock=1636.62 cap=16957.65 
[2026-10-06 16:33:24]	[CulturalDiffusion] inject 81,18 civ=3 culture=9.9 vitality=62.48 strength=13.82 stock=3389.68 cap=27640.86 
[2026-10-06 16:33:24]	[CulturalDiffusion] inject 82,23 civ=3 culture=9.9 vitality=31.46 strength=10.87 stock=3370.69 cap=21741.05 
[2026-10-06 16:33:24]	[CulturalDiffusion] inject 84,35 civ=3 culture=3.3 vitality=16.68 strength=4.26 stock=1098.59 cap=8521 
[2026-10-06 16:33:24]	[CulturalDiffusion] inject 91,45 civ=4 culture=4.4 vitality=12.1 strength=6.58 stock=293.94 cap=13155.9 
[2026-10-06 16:33:24]	[CulturalDiffusion] frontier city=65536 ring=4 best=3658.53 bar=375 over=15/23 center=55073.36 
[2026-10-06 16:33:24]	[CulturalDiffusion] frontier city=131073 ring=4 best=3090.6 bar=375 over=17/24 center=198.76 
[2026-10-06 16:33:24]	[CulturalDiffusion] frontier city=196610 ring=4 best=8267.61 bar=375 over=13/19 center=1915.74 
[2026-10-06 16:33:24]	[CulturalDiffusion] frontier city=262147 ring=4 best=40650.05 bar=375 over=22/24 center=9824.75 
[2026-10-06 16:33:24]	[CulturalDiffusion] frontier city=327684 ring=4 best=10840.01 bar=375 over=18/24 center=1636.62 
[2026-10-06 16:33:24]	[CulturalDiffusion] flip 83,23 NOT APPLIED reason=district-urban verb=purchasePlot 
[2026-10-06 16:33:24]	[CulturalDiffusion] flip 81,32 -> player 0 via purchasePlot sent; pending confirmation next pass (was owner -1) 
[2026-10-06 16:33:24]	[CulturalDiffusion] flip 81,31 -> player 0 via purchasePlot sent; pending confirmation next pass (was owner -1) 
[2026-10-06 16:33:24]	[CulturalDiffusion] flip 84,38 -> player 0 via purchasePlot sent; pending confirmation next pass (was owner -1) 
[2026-10-06 16:33:24]	[CulturalDiffusion] flip 89,43 -> player 0 via purchasePlot sent; pending confirmation next pass (was owner 21) 
[2026-10-06 16:33:24]	[CulturalDiffusion] skip flip 88,43: would strand a foreign unit 
[2026-10-06 16:33:24]	[CulturalDiffusion] flip 85,21 NOT APPLIED reason=district-urban verb=purchasePlot 
[2026-10-06 16:33:24]	[CulturalDiffusion] flip 86,19 NOT APPLIED reason=district-urban verb=purchasePlot 
[2026-10-06 16:33:24]	[CulturalDiffusion] flip 87,18 NOT APPLIED reason=district-urban verb=purchasePlot 
[2026-10-06 16:33:24]	[CulturalDiffusion] state bytes=28515 field=466 claims=139 locked=76 passMs=47 
[2026-10-06 16:33:24]	[CulturalDiffusion] pass: 0 flip(s), 4 pending, 0 ceded (0 pending), 0 AI flip(s) (0 pending), 0 conquest(s) (0 pending), confirmed 9 claim/0 cede (0 dropped), 0 orphan(s) healed, 0 inner tile(s) released to base game, 466 active field tile(s) 
[2026-10-06 16:33:24]	[CulturalDiffusion] pass (turn 5): flips=0 field tiles=182 
[2026-10-06 16:33:25]	[CDH] TURN k=4 turn=5 age=AGE_EXPLORATION blocker=-1882049560 
[2026-10-06 16:33:34]	[CDH] OBS T4: age=AGE_EXPLORATION turn=5 ownerChanges=0 missionaries=0 moved=0 idleWithMoves=0 gone=0 flipsNearMissionary=0 (district 0) onFlipped=0 jsErrors=0 amAuto=absent 
[2026-10-06 16:33:34]	[CDH] INV T4: claims=139 stale=11 localInner=9 district=0 center=0 pending=4 bytes=28500 
[2026-10-06 16:33:41]	[CDH] JSERR Error: Expected this.unit to be non-null. @ fs://game/base-standard/ui/unit-flags/unit-flags.js:348 
[2026-10-06 16:33:43]	[CDH] TURN k=5 turn=6 age=AGE_EXPLORATION blocker=-1882049560 
[2026-10-06 16:33:44]	[CulturalDiffusion] notify: (81,32) unowned -> player 0 
[2026-10-06 16:33:44]	[CulturalDiffusion] pending 81,32 claim confirmed on the live map 
[2026-10-06 16:33:44]	[CulturalDiffusion] notify: (81,31) unowned -> player 0 
[2026-10-06 16:33:44]	[CulturalDiffusion] pending 81,31 claim confirmed on the live map 
[2026-10-06 16:33:44]	[CulturalDiffusion] notify: (84,38) unowned -> player 0 
[2026-10-06 16:33:44]	[CulturalDiffusion] pending 84,38 claim confirmed on the live map 
[2026-10-06 16:33:44]	[CulturalDiffusion] notify: (89,43) player 21 -> player 0 
[2026-10-06 16:33:44]	[CulturalDiffusion] pending 89,43 claim confirmed on the live map 
[2026-10-06 16:33:44]	[CulturalDiffusion] inject 92,32 civ=0 culture=33 vitality=48.2 strength=39.54 stock=55922.24 cap=79074.67 
[2026-10-06 16:33:44]	[CulturalDiffusion] inject 86,20 civ=0 culture=0 vitality=8.31 strength=0 stock=255.83 cap=0 
[2026-10-06 16:33:44]	[CulturalDiffusion] inject 93,26 civ=0 culture=0 vitality=17.5 strength=0 stock=1818.95 cap=0 
[2026-10-06 16:33:44]	[CulturalDiffusion] inject 87,32 civ=0 culture=14 vitality=43.95 strength=21.92 stock=10184.35 cap=43848.6 
[2026-10-06 16:33:44]	[CulturalDiffusion] inject 90,37 civ=0 culture=4 vitality=29.6 strength=8.46 stock=1696.29 cap=16913.29 
[2026-10-06 16:33:44]	[CulturalDiffusion] inject 81,18 civ=3 culture=9.9 vitality=62.13 strength=13.8 stock=3540.68 cap=27602.03 
[2026-10-06 16:33:44]	[CulturalDiffusion] inject 82,23 civ=3 culture=9.9 vitality=31.46 strength=10.88 stock=3459.42 cap=21752.64 
[2026-10-06 16:33:44]	[CulturalDiffusion] inject 84,35 civ=3 culture=3.3 vitality=16.68 strength=4.26 stock=1114.52 cap=8525.54 
[2026-10-06 16:33:44]	[CulturalDiffusion] inject 91,45 civ=4 culture=4.4 vitality=14.55 strength=7 stock=336.03 cap=14003.51 
[2026-10-06 16:33:44]	[CulturalDiffusion] frontier city=65536 ring=4 best=3720.43 bar=375 over=14/23 center=55922.24 
[2026-10-06 16:33:44]	[CulturalDiffusion] frontier city=131073 ring=4 best=2935.07 bar=375 over=16/24 center=255.83 
[2026-10-06 16:33:44]	[CulturalDiffusion] frontier city=196610 ring=4 best=8401.96 bar=375 over=13/19 center=1818.95 
[2026-10-06 16:33:44]	[CulturalDiffusion] frontier city=262147 ring=4 best=41305.02 bar=375 over=22/24 center=10184.35 
[2026-10-06 16:33:44]	[CulturalDiffusion] frontier city=327684 ring=4 best=11014.67 bar=375 over=18/24 center=1696.29 
[2026-10-06 16:33:44]	[CulturalDiffusion] flip 83,23 NOT APPLIED reason=district-urban verb=purchasePlot 
[2026-10-06 16:33:44]	[CulturalDiffusion] skip flip 88,43: would strand a foreign unit 
[2026-10-06 16:33:44]	[CulturalDiffusion] flip 85,21 NOT APPLIED reason=district-urban verb=purchasePlot 
[2026-10-06 16:33:44]	[CulturalDiffusion] flip 86,19 NOT APPLIED reason=district-urban verb=purchasePlot 
[2026-10-06 16:33:44]	[CulturalDiffusion] flip 87,18 NOT APPLIED reason=district-urban verb=purchasePlot 
[2026-10-06 16:33:44]	[CulturalDiffusion] state bytes=28239 field=469 claims=143 locked=79 passMs=37 
[2026-10-06 16:33:44]	[CulturalDiffusion] pass: 0 flip(s), 0 pending, 0 ceded (0 pending), 0 AI flip(s) (0 pending), 0 conquest(s) (0 pending), confirmed 4 claim/0 cede (0 dropped), 0 orphan(s) healed, 0 inner tile(s) released to base game, 469 active field tile(s) 
[2026-10-06 16:33:44]	[CulturalDiffusion] pass (turn 6): flips=0 field tiles=182 
[2026-10-06 16:33:52]	[CDH] OBS T5: age=AGE_EXPLORATION turn=6 ownerChanges=0 missionaries=0 moved=0 idleWithMoves=0 gone=0 flipsNearMissionary=0 (district 0) onFlipped=0 jsErrors=1 amAuto=absent 
[2026-10-06 16:33:52]	[CDH] INV T5: claims=143 stale=11 localInner=9 district=0 center=0 pending=0 bytes=28224 
[2026-10-06 16:33:52]	[CDH] SEED T5: 400 frontier tiles seeded, state bytes=31675 
[2026-10-06 16:33:59]	[CulturalDiffusion] inject 92,32 civ=0 culture=33 vitality=48.2 strength=39.31 stock=56735.75 cap=78626.67 
[2026-10-06 16:33:59]	[CulturalDiffusion] inject 86,20 civ=0 culture=0 vitality=10.58 strength=0 stock=335.06 cap=0 
[2026-10-06 16:33:59]	[CulturalDiffusion] inject 93,26 civ=0 culture=0 vitality=17.5 strength=0 stock=1727.01 cap=0 
[2026-10-06 16:33:59]	[CulturalDiffusion] inject 87,32 civ=0 culture=14 vitality=41.75 strength=21.41 stock=10521.36 cap=42823.52 
[2026-10-06 16:33:59]	[CulturalDiffusion] inject 90,37 civ=0 culture=4 vitality=29.6 strength=8.41 stock=1754.6 cap=16817.46 
[2026-10-06 16:33:59]	[CulturalDiffusion] inject 81,18 civ=3 culture=9.9 vitality=62.13 strength=13.74 stock=3690.6 cap=27478.53 
[2026-10-06 16:33:59]	[CulturalDiffusion] inject 82,23 civ=3 culture=9.9 vitality=31.46 strength=10.83 stock=3561.1 cap=21655.31 
[2026-10-06 16:33:59]	[CulturalDiffusion] inject 84,35 civ=3 culture=3.3 vitality=16.68 strength=4.24 stock=1142.16 cap=8487.39 
[2026-10-06 16:33:59]	[CulturalDiffusion] inject 91,45 civ=4 culture=4.4 vitality=14.55 strength=6.95 stock=378.8 cap=13899.48 
[2026-10-06 16:33:59]	[CulturalDiffusion] frontier city=65536 ring=4 best=3780.88 bar=375 over=12/23 center=56735.75 
[2026-10-06 16:33:59]	[CulturalDiffusion] frontier city=131073 ring=4 best=3799 bar=375 over=18/24 center=335.06 
[2026-10-06 16:33:59]	[CulturalDiffusion] frontier city=196610 ring=4 best=8536.51 bar=375 over=13/19 center=1727.01 
[2026-10-06 16:33:59]	[CulturalDiffusion] frontier city=262147 ring=4 best=41941.68 bar=375 over=23/24 center=10521.36 
[2026-10-06 16:33:59]	[CulturalDiffusion] frontier city=327684 ring=4 best=11184.45 bar=375 over=17/24 center=1754.6 
[2026-10-06 16:33:59]	[CulturalDiffusion] flip 82,19 -> player 0 via purchasePlot sent; pending confirmation next pass (was owner 3) 
[2026-10-06 16:33:59]	[CulturalDiffusion] flip 83,23 NOT APPLIED reason=district-urban verb=purchasePlot 
[2026-10-06 16:33:59]	[CulturalDiffusion] flip 82,21 -> player 0 via purchasePlot sent; pending confirmation next pass (was owner 3) 
[2026-10-06 16:33:59]	[CulturalDiffusion] flip 83,33 -> player 0 via purchasePlot sent; pending confirmation next pass (was owner 3) 
[2026-10-06 16:33:59]	[CulturalDiffusion] flip 82,18 -> player 0 via purchasePlot sent; pending confirmation next pass (was owner 3) 
[2026-10-06 16:33:59]	[CulturalDiffusion] flip 82,17 -> player 0 via purchasePlot sent; pending confirmation next pass (was owner 3) 
[2026-10-06 16:33:59]	[CulturalDiffusion] flip 83,16 -> player 0 via purchasePlot sent; pending confirmation next pass (was owner -1) 
[2026-10-06 16:33:59]	[CulturalDiffusion] flip 83,25 -> player 0 via purchasePlot sent; pending confirmation next pass (was owner 3) 
[2026-10-06 16:33:59]	[CulturalDiffusion] flip 83,24 -> player 0 via purchasePlot sent; pending confirmation next pass (was owner 3) 
[2026-10-06 16:33:59]	[CulturalDiffusion] flip 85,21 NOT APPLIED reason=district-urban verb=purchasePlot 
[2026-10-06 16:33:59]	[CulturalDiffusion] flip 80,30 -> player 3 via purchasePlot sent; pending confirmation next pass (was owner -1) 
[2026-10-06 16:33:59]	[CulturalDiffusion] flip 88,43 -> player 4 via purchasePlot sent; pending confirmation next pass (was owner 21) 
[2026-10-06 16:33:59]	[CulturalDiffusion] flip 80,31 -> player 3 via purchasePlot sent; pending confirmation next pass (was owner -1) 
[2026-10-06 16:33:59]	[CulturalDiffusion] flip 86,19 NOT APPLIED reason=district-urban verb=purchasePlot 
[2026-10-06 16:33:59]	[CulturalDiffusion] flip 87,18 NOT APPLIED reason=district-urban verb=purchasePlot 
[2026-10-06 16:33:59]	[CulturalDiffusion] flip 86,39 -> player 4 via purchasePlot sent; pending confirmation next pass (was owner 3) 
[2026-10-06 16:33:59]	[CulturalDiffusion] flip 83,38 -> player 4 via purchasePlot sent; pending confirmation next pass (was owner -1) 
[2026-10-06 16:33:59]	[CulturalDiffusion] flip 87,40 -> player 4 via purchasePlot sent; pending confirmation next pass (was owner 0) 
[2026-10-06 16:33:59]	[CulturalDiffusion] flip 87,41 -> player 4 via purchasePlot sent; pending confirmation next pass (was owner 0) 
[2026-10-06 16:33:59]	[CulturalDiffusion] state bytes=28267 field=470 claims=143 locked=77 passMs=45 
[2026-10-06 16:33:59]	[CulturalDiffusion] pass: 0 flip(s), 8 pending, 0 ceded (0 pending), 0 AI flip(s) (7 pending), 0 conquest(s) (0 pending), confirmed 0 claim/0 cede (0 dropped), 0 orphan(s) healed, 0 inner tile(s) released to base game, 470 active field tile(s) 
[2026-10-06 16:33:59]	[CulturalDiffusion] pass (turn 7): flips=0 field tiles=101 
[2026-10-06 16:34:00]	[CDH] TURN k=6 turn=7 age=AGE_EXPLORATION blocker=-1882049560 
[2026-10-06 16:34:01]	[CulturalDiffusion] flip 82,21 with teardown: torn=2 cleared=true buy=purchasePlot landed=true rebuilt=true improvement=IMPROVEMENT_MINE_RESOURCE 
[2026-10-06 16:34:01]	[CulturalDiffusion] flip 83,24 with teardown: torn=2 cleared=true buy=purchasePlot landed=true rebuilt=true improvement=IMPROVEMENT_MINE 
[2026-10-06 16:34:09]	[CDH] OBS T6: age=AGE_EXPLORATION turn=7 ownerChanges=15 missionaries=0 moved=0 idleWithMoves=0 gone=0 flipsNearMissionary=0 (district 0) onFlipped=0 jsErrors=1 amAuto=absent 
[2026-10-06 16:34:09]	[CDH] INV T6: claims=143 stale=13 localInner=9 district=0 center=0 pending=15 bytes=28252 
[2026-10-06 16:34:12]	[CDH] JSERR Error: Expected this.unit to be non-null. @ fs://game/base-standard/ui/unit-flags/unit-flags.js:348 
[2026-10-06 16:34:15]	[CulturalDiffusion] notify: (82,19) player 3 -> player 0 
[2026-10-06 16:34:15]	[CulturalDiffusion] pending 82,19 claim confirmed on the live map 
[2026-10-06 16:34:15]	[CulturalDiffusion] notify: (82,21) player 3 -> player 0 
[2026-10-06 16:34:15]	[CulturalDiffusion] pending 82,21 claim confirmed on the live map 
[2026-10-06 16:34:15]	[CulturalDiffusion] notify: (83,33) player 3 -> player 0 
[2026-10-06 16:34:15]	[CulturalDiffusion] pending 83,33 claim confirmed on the live map 
[2026-10-06 16:34:15]	[CulturalDiffusion] notify: (82,18) player 3 -> player 0 
[2026-10-06 16:34:15]	[CulturalDiffusion] pending 82,18 claim confirmed on the live map 
[2026-10-06 16:34:15]	[CulturalDiffusion] notify: (82,17) player 3 -> player 0 
[2026-10-06 16:34:15]	[CulturalDiffusion] pending 82,17 claim confirmed on the live map 
[2026-10-06 16:34:15]	[CulturalDiffusion] notify: (83,16) unowned -> player 0 
[2026-10-06 16:34:15]	[CulturalDiffusion] pending 83,16 claim confirmed on the live map 
[2026-10-06 16:34:15]	[CulturalDiffusion] notify: (83,25) player 3 -> player 0 
[2026-10-06 16:34:15]	[CulturalDiffusion] pending 83,25 claim confirmed on the live map 
[2026-10-06 16:34:15]	[CulturalDiffusion] notify: (83,24) player 3 -> player 0 
[2026-10-06 16:34:15]	[CulturalDiffusion] pending 83,24 claim confirmed on the live map 
[2026-10-06 16:34:15]	[CulturalDiffusion] notify: (80,30) unowned -> player 3 
[2026-10-06 16:34:15]	[CulturalDiffusion] pending 80,30 claim confirmed on the live map 
[2026-10-06 16:34:15]	[CulturalDiffusion] notify: (88,43) player 21 -> player 4 
[2026-10-06 16:34:15]	[CulturalDiffusion] pending 88,43 claim confirmed on the live map 
[2026-10-06 16:34:15]	[CulturalDiffusion] notify: (80,31) unowned -> player 3 
[2026-10-06 16:34:15]	[CulturalDiffusion] pending 80,31 claim confirmed on the live map 
[2026-10-06 16:34:15]	[CulturalDiffusion] notify: (86,39) player 3 -> player 4 
[2026-10-06 16:34:15]	[CulturalDiffusion] pending 86,39 claim confirmed on the live map 
[2026-10-06 16:34:15]	[CulturalDiffusion] notify: (83,38) unowned -> player 4 
[2026-10-06 16:34:15]	[CulturalDiffusion] pending 83,38 claim confirmed on the live map 
[2026-10-06 16:34:15]	[CulturalDiffusion] notify: (87,40) player 0 -> player 4 
[2026-10-06 16:34:15]	[CulturalDiffusion] pending 87,40 claim confirmed on the live map 
[2026-10-06 16:34:15]	[CulturalDiffusion] notify: (87,41) player 0 -> player 4 
[2026-10-06 16:34:15]	[CulturalDiffusion] pending 87,41 claim confirmed on the live map 
[2026-10-06 16:34:15]	[CulturalDiffusion] inject 92,32 civ=0 culture=33 vitality=48.7 strength=38.94 stock=57500.31 cap=77881.45 
[2026-10-06 16:34:15]	[CulturalDiffusion] inject 86,20 civ=0 culture=0 vitality=14.13 strength=0 stock=427.73 cap=0 
[2026-10-06 16:34:15]	[CulturalDiffusion] inject 93,26 civ=0 culture=0 vitality=18 strength=0 stock=1639.66 cap=0 
[2026-10-06 16:34:15]	[CulturalDiffusion] inject 87,32 civ=0 culture=14 vitality=42.25 strength=21.22 stock=10847.77 cap=42441.18 
[2026-10-06 16:34:15]	[CulturalDiffusion] inject 90,37 civ=0 culture=4 vitality=27.05 strength=8.04 stock=1806.33 cap=16082.83 
[2026-10-06 16:34:15]	[CulturalDiffusion] inject 81,18 civ=3 culture=9.9 vitality=60.92 strength=13.47 stock=3834.35 cap=26948.58 
[2026-10-06 16:34:15]	[CulturalDiffusion] inject 82,23 civ=3 culture=9.9 vitality=25.58 strength=9.95 stock=3639.85 cap=19891.15 
[2026-10-06 16:34:15]	[CulturalDiffusion] inject 84,35 civ=3 culture=3.3 vitality=16.17 strength=4.15 stock=1167.24 cap=8290.03 
[2026-10-06 16:34:15]	[CulturalDiffusion] inject 91,45 civ=4 culture=4.4 vitality=12.1 strength=6.44 stock=418.56 cap=12876.2 
[2026-10-06 16:34:15]	[CulturalDiffusion] frontier city=65536 ring=4 best=3841.43 bar=375 over=12/23 center=57500.31 
[2026-10-06 16:34:15]	[CulturalDiffusion] frontier city=131073 ring=4 best=3608.05 bar=375 over=18/24 center=427.73 
[2026-10-06 16:34:15]	[CulturalDiffusion] frontier city=196610 ring=4 best=8674.05 bar=375 over=13/19 center=1639.66 
[2026-10-06 16:34:15]	[CulturalDiffusion] frontier city=262147 ring=4 best=42551.81 bar=375 over=23/24 center=10847.77 
[2026-10-06 16:34:15]	[CulturalDiffusion] frontier city=327684 ring=4 best=11347.15 bar=375 over=17/24 center=1806.33 
[2026-10-06 16:34:15]	[CulturalDiffusion] flip 82,20 -> player 0 via purchasePlot sent; pending confirmation next pass (was owner 3) 
[2026-10-06 16:34:15]	[CulturalDiffusion] flip 83,23 NOT APPLIED reason=district-urban verb=purchasePlot 
[2026-10-06 16:34:15]	[CulturalDiffusion] flip 84,37 -> player 0 via purchasePlot sent; pending confirmation next pass (was owner 3) 
[2026-10-06 16:34:15]	[CulturalDiffusion] flip 83,35 -> player 0 via purchasePlot sent; pending confirmation next pass (was owner 3) 
[2026-10-06 16:34:15]	[CulturalDiffusion] flip 83,34 -> player 0 via purchasePlot sent; pending confirmation next pass (was owner 3) 
[2026-10-06 16:34:15]	[CulturalDiffusion] flip 82,33 -> player 0 via purchasePlot sent; pending confirmation next pass (was owner 3) 
[2026-10-06 16:34:15]	[CulturalDiffusion] flip 84,26 -> player 0 via purchasePlot sent; pending confirmation next pass (was owner -1) 
[2026-10-06 16:34:15]	[CulturalDiffusion] flip 82,25 -> player 0 via purchasePlot sent; pending confirmation next pass (was owner 3) 
[2026-10-06 16:34:15]	[CulturalDiffusion] flip 83,37 -> player 0 via purchasePlot sent; pending confirmation next pass (was owner 3) 
[2026-10-06 16:34:15]	[CulturalDiffusion] flip 85,21 NOT APPLIED reason=district-urban verb=purchasePlot 
[2026-10-06 16:34:15]	[CulturalDiffusion] flip 86,19 NOT APPLIED reason=district-urban verb=purchasePlot 
[2026-10-06 16:34:15]	[CulturalDiffusion] flip 87,18 NOT APPLIED reason=district-urban verb=purchasePlot 
[2026-10-06 16:34:15]	[CulturalDiffusion] state bytes=29377 field=470 claims=155 locked=92 passMs=39 
[2026-10-06 16:34:15]	[CulturalDiffusion] pass: 0 flip(s), 8 pending, 0 ceded (0 pending), 0 AI flip(s) (0 pending), 0 conquest(s) (0 pending), confirmed 15 claim/0 cede (0 dropped), 0 orphan(s) healed, 0 inner tile(s) released to base game, 470 active field tile(s) 
[2026-10-06 16:34:15]	[CulturalDiffusion] pass (turn 8): flips=0 field tiles=163 
[2026-10-06 16:34:16]	[CDH] TURN k=7 turn=8 age=AGE_EXPLORATION blocker=-1882049560 
[2026-10-06 16:34:17]	[CulturalDiffusion] flip 82,20 with teardown: torn=2 cleared=true buy=purchasePlot landed=true rebuilt=true improvement=IMPROVEMENT_CLAY_PIT 
[2026-10-06 16:34:17]	[CulturalDiffusion] flip 83,35 with teardown: torn=2 cleared=true buy=purchasePlot landed=true rebuilt=true improvement=IMPROVEMENT_FARM 
[2026-10-06 16:34:17]	[CulturalDiffusion] flip 83,34 with teardown: torn=2 cleared=true buy=purchasePlot landed=true rebuilt=true improvement=IMPROVEMENT_FARM 
[2026-10-06 16:34:17]	[CulturalDiffusion] flip 82,25 with teardown: torn=2 cleared=true buy=purchasePlot landed=true rebuilt=true improvement=IMPROVEMENT_POTKOP 
[2026-10-06 16:34:25]	[CDH] OBS T7: age=AGE_EXPLORATION turn=8 ownerChanges=8 missionaries=0 moved=0 idleWithMoves=0 gone=0 flipsNearMissionary=0 (district 0) onFlipped=0 jsErrors=2 amAuto=absent 
[2026-10-06 16:34:25]	[CDH] INV T7: claims=155 stale=10 localInner=9 district=0 center=0 pending=8 bytes=29362 
[2026-10-06 16:34:35]	[CulturalDiffusion] notify: (82,20) player 3 -> player 0 
[2026-10-06 16:34:35]	[CulturalDiffusion] pending 82,20 claim confirmed on the live map 
[2026-10-06 16:34:35]	[CulturalDiffusion] notify: (84,37) player 3 -> player 0 
[2026-10-06 16:34:35]	[CulturalDiffusion] pending 84,37 claim confirmed on the live map 
[2026-10-06 16:34:35]	[CulturalDiffusion] notify: (83,35) player 3 -> player 0 
[2026-10-06 16:34:35]	[CulturalDiffusion] pending 83,35 claim confirmed on the live map 
[2026-10-06 16:34:35]	[CulturalDiffusion] notify: (83,34) player 3 -> player 0 
[2026-10-06 16:34:35]	[CulturalDiffusion] pending 83,34 claim confirmed on the live map 
[2026-10-06 16:34:35]	[CulturalDiffusion] notify: (82,33) player 3 -> player 0 
[2026-10-06 16:34:35]	[CulturalDiffusion] pending 82,33 claim confirmed on the live map 
[2026-10-06 16:34:35]	[CulturalDiffusion] notify: (84,26) unowned -> player 0 
[2026-10-06 16:34:35]	[CulturalDiffusion] pending 84,26 claim confirmed on the live map 
[2026-10-06 16:34:35]	[CulturalDiffusion] notify: (82,25) player 3 -> player 0 
[2026-10-06 16:34:35]	[CulturalDiffusion] pending 82,25 claim confirmed on the live map 
[2026-10-06 16:34:35]	[CulturalDiffusion] notify: (83,37) player 3 -> player 0 
[2026-10-06 16:34:35]	[CulturalDiffusion] pending 83,37 claim confirmed on the live map 
[2026-10-06 16:34:35]	[CulturalDiffusion] inject 92,32 civ=0 culture=33 vitality=48.7 strength=39.06 stock=58261.64 cap=78115.57 
[2026-10-06 16:34:35]	[CulturalDiffusion] inject 86,20 civ=0 culture=0 vitality=18.69 strength=0 stock=531.34 cap=0 
[2026-10-06 16:34:35]	[CulturalDiffusion] inject 93,26 civ=0 culture=0 vitality=18 strength=0 stock=1556.67 cap=0 
[2026-10-06 16:34:35]	[CulturalDiffusion] inject 87,32 civ=0 culture=14 vitality=45.05 strength=21.77 stock=11193.02 cap=43535.63 
[2026-10-06 16:34:35]	[CulturalDiffusion] inject 90,37 civ=0 culture=4 vitality=27.05 strength=8.07 stock=1857.78 cap=16131.17 
[2026-10-06 16:34:35]	[CulturalDiffusion] inject 81,18 civ=3 culture=13.2 vitality=60.27 strength=20.66 stock=4150.08 cap=41311.51 
[2026-10-06 16:34:35]	[CulturalDiffusion] inject 82,23 civ=3 culture=9.9 vitality=21.79 strength=12 stock=3764.22 cap=24000.12 
[2026-10-06 16:34:35]	[CulturalDiffusion] inject 84,35 civ=3 culture=3.3 vitality=13.29 strength=4.94 stock=1201.45 cap=9877.71 
[2026-10-06 16:34:35]	[CulturalDiffusion] inject 91,45 civ=4 culture=4.4 vitality=12.1 strength=6.43 stock=458.66 cap=12851.59 
[2026-10-06 16:34:35]	[CulturalDiffusion] frontier city=65536 ring=4 best=3903.32 bar=375 over=12/23 center=58261.64 
[2026-10-06 16:34:35]	[CulturalDiffusion] frontier city=131073 ring=4 best=3426.65 bar=375 over=18/24 center=531.34 
[2026-10-06 16:34:35]	[CulturalDiffusion] frontier city=196610 ring=4 best=8807.75 bar=375 over=13/19 center=1556.67 
[2026-10-06 16:34:35]	[CulturalDiffusion] frontier city=262147 ring=4 best=43125.23 bar=375 over=23/24 center=11193.02 
[2026-10-06 16:34:35]	[CulturalDiffusion] frontier city=327684 ring=4 best=11500.06 bar=375 over=16/24 center=1857.78 
[2026-10-06 16:34:35]	[CulturalDiffusion] flip 83,23 NOT APPLIED reason=district-urban verb=purchasePlot 
[2026-10-06 16:34:35]	[CulturalDiffusion] flip 83,36 -> player 0 via purchasePlot sent; pending confirmation next pass (was owner 3) 
[2026-10-06 16:34:35]	[CulturalDiffusion] flip 85,21 NOT APPLIED reason=district-urban verb=purchasePlot 
[2026-10-06 16:34:35]	[CulturalDiffusion] flip 86,19 NOT APPLIED reason=district-urban verb=purchasePlot 
[2026-10-06 16:34:35]	[CulturalDiffusion] flip 87,18 NOT APPLIED reason=district-urban verb=purchasePlot 
[2026-10-06 16:34:35]	[CulturalDiffusion] state bytes=29817 field=470 claims=163 locked=100 passMs=37 
[2026-10-06 16:34:35]	[CulturalDiffusion] pass: 0 flip(s), 1 pending, 0 ceded (0 pending), 0 AI flip(s) (0 pending), 0 conquest(s) (0 pending), confirmed 8 claim/0 cede (0 dropped), 0 orphan(s) healed, 0 inner tile(s) released to base game, 470 active field tile(s) 
[2026-10-06 16:34:35]	[CulturalDiffusion] pass (turn 9): flips=0 field tiles=180 
[2026-10-06 16:34:36]	[CDH] TURN k=8 turn=9 age=AGE_EXPLORATION blocker=PRODUCTION 
[2026-10-06 16:34:45]	[CDH] OBS T8: age=AGE_EXPLORATION turn=9 ownerChanges=1 missionaries=0 moved=0 idleWithMoves=0 gone=0 flipsNearMissionary=0 (district 0) onFlipped=0 jsErrors=2 amAuto=absent 
[2026-10-06 16:34:45]	[CDH] INV T8: claims=163 stale=10 localInner=9 district=0 center=0 pending=1 bytes=29802 
[2026-10-06 16:34:51]	[CulturalDiffusion] notify: (83,36) player 3 -> player 0 
[2026-10-06 16:34:51]	[CulturalDiffusion] pending 83,36 claim confirmed on the live map 
[2026-10-06 16:34:51]	[CulturalDiffusion] inject 92,32 civ=0 culture=33 vitality=48.7 strength=39.08 stock=59010.48 cap=78150.81 
[2026-10-06 16:34:51]	[CulturalDiffusion] inject 86,20 civ=0 culture=0 vitality=18.69 strength=0 stock=527.64 cap=0 
[2026-10-06 16:34:51]	[CulturalDiffusion] inject 93,26 civ=0 culture=0 vitality=18 strength=0 stock=1477.84 cap=0 
[2026-10-06 16:34:51]	[CulturalDiffusion] inject 87,32 civ=0 culture=14 vitality=46.8 strength=22.07 stock=11547.35 cap=44140.12 
[2026-10-06 16:34:51]	[CulturalDiffusion] inject 90,37 civ=0 culture=4 vitality=27.05 strength=8.07 stock=1908.59 cap=16138.45 
[2026-10-06 16:34:51]	[CulturalDiffusion] inject 81,18 civ=3 culture=13.2 vitality=60.27 strength=20.51 stock=4466.47 cap=41026.11 
[2026-10-06 16:34:51]	[CulturalDiffusion] inject 82,23 civ=3 culture=9.9 vitality=21.79 strength=11.92 stock=3884.21 cap=23834.32 
[2026-10-06 16:34:51]	[CulturalDiffusion] inject 84,35 civ=3 culture=3.3 vitality=13.29 strength=4.9 stock=1233.79 cap=9809.47 
[2026-10-06 16:34:51]	[CulturalDiffusion] inject 91,45 civ=4 culture=4.4 vitality=12.1 strength=6.39 stock=498.79 cap=12782.8 
[2026-10-06 16:34:51]	[CulturalDiffusion] frontier city=65536 ring=4 best=3963.49 bar=375 over=12/23 center=59010.48 
[2026-10-06 16:34:51]	[CulturalDiffusion] frontier city=131073 ring=4 best=3254.32 bar=375 over=18/24 center=527.64 
[2026-10-06 16:34:51]	[CulturalDiffusion] frontier city=196610 ring=4 best=8935.88 bar=375 over=13/19 center=1477.84 
[2026-10-06 16:34:51]	[CulturalDiffusion] frontier city=262147 ring=4 best=43696.23 bar=375 over=23/24 center=11547.35 
[2026-10-06 16:34:51]	[CulturalDiffusion] frontier city=327684 ring=4 best=11652.33 bar=375 over=16/24 center=1908.59 
[2026-10-06 16:34:51]	[CulturalDiffusion] skip flip 83,23: would strand a foreign unit 
[2026-10-06 16:34:51]	[CulturalDiffusion] flip 85,21 NOT APPLIED reason=district-urban verb=purchasePlot 
[2026-10-06 16:34:51]	[CulturalDiffusion] flip 86,19 NOT APPLIED reason=district-urban verb=purchasePlot 
[2026-10-06 16:34:51]	[CulturalDiffusion] flip 87,18 NOT APPLIED reason=district-urban verb=purchasePlot 
[2026-10-06 16:34:51]	[CulturalDiffusion] state bytes=29747 field=470 claims=164 locked=101 passMs=32 
[2026-10-06 16:34:51]	[CulturalDiffusion] pass: 0 flip(s), 0 pending, 0 ceded (0 pending), 0 AI flip(s) (0 pending), 0 conquest(s) (0 pending), confirmed 1 claim/0 cede (0 dropped), 0 orphan(s) healed, 0 inner tile(s) released to base game, 470 active field tile(s) 
[2026-10-06 16:34:51]	[CulturalDiffusion] pass (turn 10): flips=0 field tiles=180 
[2026-10-06 16:34:52]	[CDH] TURN k=9 turn=10 age=AGE_EXPLORATION blocker=PRODUCTION 
[2026-10-06 16:35:01]	[CDH] OBS T9: age=AGE_EXPLORATION turn=10 ownerChanges=0 missionaries=0 moved=0 idleWithMoves=0 gone=0 flipsNearMissionary=0 (district 0) onFlipped=0 jsErrors=2 amAuto=absent 
[2026-10-06 16:35:01]	[CDH] INV T9: claims=164 stale=10 localInner=9 district=0 center=0 pending=0 bytes=29732 
[2026-10-06 16:35:03]	[CDH] JSERR Error: Expected this.unit to be non-null. @ fs://game/base-standard/ui/unit-flags/unit-flags.js:348 
[2026-10-06 16:35:07]	[CulturalDiffusion] inject 92,32 civ=0 culture=33 vitality=48.7 strength=38.95 stock=59733.41 cap=77898.55 
[2026-10-06 16:35:07]	[CulturalDiffusion] inject 86,20 civ=0 culture=0 vitality=18.69 strength=0 stock=522.75 cap=0 
[2026-10-06 16:35:07]	[CulturalDiffusion] inject 93,26 civ=0 culture=0 vitality=18 strength=0 stock=1402.95 cap=0 
[2026-10-06 16:35:07]	[CulturalDiffusion] inject 87,32 civ=0 culture=14 vitality=46.8 strength=22 stock=11895.3 cap=43997.64 
[2026-10-06 16:35:07]	[CulturalDiffusion] inject 90,37 civ=0 culture=4 vitality=27.05 strength=8.04 stock=1958.25 cap=16086.36 
[2026-10-06 16:35:07]	[CulturalDiffusion] inject 81,18 civ=3 culture=13.2 vitality=60.27 strength=20.47 stock=4784.99 cap=40945.91 
[2026-10-06 16:35:07]	[CulturalDiffusion] inject 82,23 civ=3 culture=9.9 vitality=21.79 strength=11.89 stock=4001.24 cap=23787.73 
[2026-10-06 16:35:07]	[CulturalDiffusion] inject 84,35 civ=3 culture=3.3 vitality=13.29 strength=4.9 stock=1264.61 cap=9790.29 
[2026-10-06 16:35:07]	[CulturalDiffusion] inject 91,45 civ=4 culture=4.4 vitality=12.1 strength=6.38 stock=539.07 cap=12766.78 
[2026-10-06 16:35:07]	[CulturalDiffusion] frontier city=65536 ring=4 best=4041.57 bar=375 over=12/23 center=59733.41 
[2026-10-06 16:35:07]	[CulturalDiffusion] frontier city=131073 ring=4 best=3090.6 bar=375 over=18/24 center=522.75 
[2026-10-06 16:35:07]	[CulturalDiffusion] frontier city=196610 ring=4 best=9056.3 bar=375 over=13/19 center=1402.95 
[2026-10-06 16:35:07]	[CulturalDiffusion] frontier city=262147 ring=4 best=44257.86 bar=375 over=23/24 center=11895.3 
[2026-10-06 16:35:07]	[CulturalDiffusion] frontier city=327684 ring=4 best=11802.1 bar=375 over=16/24 center=1958.25 
[2026-10-06 16:35:07]	[CulturalDiffusion] flip 83,23 NOT APPLIED reason=district-urban verb=purchasePlot 
[2026-10-06 16:35:07]	[CulturalDiffusion] flip 85,21 NOT APPLIED reason=district-urban verb=purchasePlot 
[2026-10-06 16:35:07]	[CulturalDiffusion] flip 86,19 NOT APPLIED reason=district-urban verb=purchasePlot 
[2026-10-06 16:35:07]	[CulturalDiffusion] flip 87,18 NOT APPLIED reason=district-urban verb=purchasePlot 
[2026-10-06 16:35:07]	[CulturalDiffusion] state bytes=30418 field=469 claims=164 locked=101 passMs=33 
[2026-10-06 16:35:07]	[CulturalDiffusion] pass: 0 flip(s), 0 pending, 0 ceded (0 pending), 0 AI flip(s) (0 pending), 0 conquest(s) (0 pending), confirmed 0 claim/0 cede (0 dropped), 0 orphan(s) healed, 0 inner tile(s) released to base game, 469 active field tile(s) 
[2026-10-06 16:35:07]	[CulturalDiffusion] pass (turn 11): flips=0 field tiles=180 
[2026-10-06 16:35:09]	[CDH] TURN k=10 turn=11 age=AGE_EXPLORATION blocker=523279636 
[2026-10-06 16:35:18]	[CDH] OBS T10: age=AGE_EXPLORATION turn=11 ownerChanges=0 missionaries=0 moved=0 idleWithMoves=0 gone=0 flipsNearMissionary=0 (district 0) onFlipped=0 jsErrors=3 amAuto=absent 
[2026-10-06 16:35:18]	[CDH] INV T10: claims=164 stale=10 localInner=9 district=0 center=0 pending=0 bytes=30403 
[2026-10-06 16:35:18]	[CDH] SEED T10: 400 frontier tiles seeded, state bytes=33908 
[2026-10-06 16:35:21]	[CDH] JSERR Error: Expected this.unit to be non-null. @ fs://game/base-standard/ui/unit-flags/unit-flags.js:348 
[2026-10-06 16:35:23]	[CulturalDiffusion] inject 92,32 civ=0 culture=33 vitality=48.7 strength=38.38 stock=60388.38 cap=76753.61 
[2026-10-06 16:35:23]	[CulturalDiffusion] inject 86,20 civ=0 culture=0 vitality=18.69 strength=0 stock=524.1 cap=0 
[2026-10-06 16:35:23]	[CulturalDiffusion] inject 93,26 civ=0 culture=0 vitality=18 strength=0 stock=1331.8 cap=0 
[2026-10-06 16:35:23]	[CulturalDiffusion] inject 87,32 civ=0 culture=14 vitality=46.8 strength=21.68 stock=12225.97 cap=43350.98 
[2026-10-06 16:35:23]	[CulturalDiffusion] inject 90,37 civ=0 culture=4 vitality=27.05 strength=7.92 stock=2005.16 cap=15849.92 
[2026-10-06 16:35:23]	[CulturalDiffusion] inject 81,18 civ=3 culture=13.2 vitality=60.27 strength=20.29 stock=5126.78 cap=40577.36 
[2026-10-06 16:35:23]	[CulturalDiffusion] inject 82,23 civ=3 culture=9.9 vitality=21.79 strength=11.79 stock=4117.93 cap=23573.61 
[2026-10-06 16:35:23]	[CulturalDiffusion] inject 84,35 civ=3 culture=3.3 vitality=13.29 strength=4.85 stock=1296.53 cap=9702.17 
[2026-10-06 16:35:23]	[CulturalDiffusion] inject 91,45 civ=4 culture=4.4 vitality=16.21 strength=9.2 stock=604.76 cap=18393.13 
[2026-10-06 16:35:23]	[CulturalDiffusion] frontier city=65536 ring=4 best=4163.35 bar=375 over=12/23 center=60388.38 
[2026-10-06 16:35:23]	[CulturalDiffusion] frontier city=131073 ring=4 best=3799 bar=375 over=18/24 center=524.1 
[2026-10-06 16:35:23]	[CulturalDiffusion] frontier city=196610 ring=4 best=9176.21 bar=375 over=13/19 center=1331.8 
[2026-10-06 16:35:23]	[CulturalDiffusion] frontier city=262147 ring=4 best=44800.06 bar=375 over=23/24 center=12225.97 
[2026-10-06 16:35:23]	[CulturalDiffusion] frontier city=327684 ring=4 best=11946.68 bar=375 over=17/24 center=2005.16 
[2026-10-06 16:35:23]	[CulturalDiffusion] flip 83,23 NOT APPLIED reason=district-urban verb=purchasePlot 
[2026-10-06 16:35:23]	[CulturalDiffusion] flip 81,20 -> player 0 via purchasePlot sent; pending confirmation next pass (was owner 3) 
[2026-10-06 16:35:23]	[CulturalDiffusion] flip 81,19 NOT APPLIED reason=district-urban verb=purchasePlot 
[2026-10-06 16:35:23]	[CulturalDiffusion] flip 81,21 -> player 0 via purchasePlot sent; pending confirmation next pass (was owner 3) 
[2026-10-06 16:35:23]	[CulturalDiffusion] flip 81,17 -> player 0 via purchasePlot sent; pending confirmation next pass (was owner 3) 
[2026-10-06 16:35:23]	[CulturalDiffusion] flip 82,16 -> player 0 via purchasePlot sent; pending confirmation next pass (was owner 3) 
[2026-10-06 16:35:23]	[CulturalDiffusion] flip 82,15 -> player 0 via purchasePlot sent; pending confirmation next pass (was owner -1) 
[2026-10-06 16:35:23]	[CulturalDiffusion] flip 83,26 -> player 0 via purchasePlot sent; pending confirmation next pass (was owner 3) 
[2026-10-06 16:35:23]	[CulturalDiffusion] flip 83,27 -> player 0 via purchasePlot sent; pending confirmation next pass (was owner 3) 
[2026-10-06 16:35:23]	[CulturalDiffusion] flip 82,35 -> player 0 via purchasePlot sent; pending confirmation next pass (was owner 3) 
[2026-10-06 16:35:23]	[CulturalDiffusion] flip 85,21 NOT APPLIED reason=district-urban verb=purchasePlot 
[2026-10-06 16:35:23]	[CulturalDiffusion] flip 86,19 NOT APPLIED reason=district-urban verb=purchasePlot 
[2026-10-06 16:35:23]	[CulturalDiffusion] flip 87,18 NOT APPLIED reason=district-urban verb=purchasePlot 
[2026-10-06 16:35:23]	[CulturalDiffusion] state bytes=29508 field=469 claims=164 locked=98 passMs=42 
[2026-10-06 16:35:23]	[CulturalDiffusion] pass: 0 flip(s), 8 pending, 0 ceded (0 pending), 0 AI flip(s) (0 pending), 0 conquest(s) (0 pending), confirmed 0 claim/0 cede (0 dropped), 0 orphan(s) healed, 0 inner tile(s) released to base game, 469 active field tile(s) 
[2026-10-06 16:35:23]	[CulturalDiffusion] pass (turn 12): flips=0 field tiles=165 
[2026-10-06 16:35:25]	[CDH] TURN k=11 turn=12 age=AGE_EXPLORATION blocker=523279636 
[2026-10-06 16:35:25]	[CulturalDiffusion] flip 81,20 with teardown: torn=2 cleared=true buy=purchasePlot landed=true rebuilt=true improvement=IMPROVEMENT_FARM 
[2026-10-06 16:35:25]	[CulturalDiffusion] flip 81,21 with teardown: torn=2 cleared=true buy=purchasePlot landed=true rebuilt=true improvement=IMPROVEMENT_PASTURE 
[2026-10-06 16:35:25]	[CulturalDiffusion] flip 81,17 with teardown: torn=2 cleared=true buy=purchasePlot landed=true rebuilt=true improvement=IMPROVEMENT_CAMP 
[2026-10-06 16:35:34]	[CDH] OBS T11: age=AGE_EXPLORATION turn=12 ownerChanges=8 missionaries=0 moved=0 idleWithMoves=0 gone=0 flipsNearMissionary=0 (district 0) onFlipped=0 jsErrors=4 amAuto=absent 
[2026-10-06 16:35:34]	[CDH] INV T11: claims=164 stale=11 localInner=9 district=0 center=0 pending=8 bytes=29493 
[2026-10-06 16:35:39]	[CDH] JSERR Error: Expected this.unit to be non-null. @ fs://game/base-standard/ui/unit-flags/unit-flags.js:348 
[2026-10-06 16:35:43]	[CulturalDiffusion] notify: (81,20) player 3 -> player 0 
[2026-10-06 16:35:43]	[CulturalDiffusion] pending 81,20 claim confirmed on the live map 
[2026-10-06 16:35:43]	[CulturalDiffusion] notify: (81,21) player 3 -> player 0 
[2026-10-06 16:35:43]	[CulturalDiffusion] pending 81,21 claim confirmed on the live map 
[2026-10-06 16:35:43]	[CulturalDiffusion] notify: (81,17) player 3 -> player 0 
[2026-10-06 16:35:43]	[CulturalDiffusion] pending 81,17 claim confirmed on the live map 
[2026-10-06 16:35:43]	[CulturalDiffusion] notify: (82,16) player 3 -> player 0 
[2026-10-06 16:35:43]	[CulturalDiffusion] pending 82,16 claim confirmed on the live map 
[2026-10-06 16:35:43]	[CulturalDiffusion] notify: (82,15) unowned -> player 0 
[2026-10-06 16:35:43]	[CulturalDiffusion] pending 82,15 claim confirmed on the live map 
[2026-10-06 16:35:43]	[CulturalDiffusion] notify: (83,26) player 3 -> player 0 
[2026-10-06 16:35:43]	[CulturalDiffusion] pending 83,26 claim confirmed on the live map 
[2026-10-06 16:35:43]	[CulturalDiffusion] notify: (83,27) player 3 -> player 0 
[2026-10-06 16:35:43]	[CulturalDiffusion] pending 83,27 claim confirmed on the live map 
[2026-10-06 16:35:43]	[CulturalDiffusion] notify: (82,35) player 3 -> player 0 
[2026-10-06 16:35:43]	[CulturalDiffusion] pending 82,35 claim confirmed on the live map 
[2026-10-06 16:35:43]	[CulturalDiffusion] inject 92,32 civ=0 culture=33 vitality=48.7 strength=38.65 stock=61056.03 cap=77290.64 
[2026-10-06 16:35:43]	[CulturalDiffusion] inject 86,20 civ=0 culture=0 vitality=23.4 strength=0 stock=523.75 cap=0 
[2026-10-06 16:35:43]	[CulturalDiffusion] inject 93,26 civ=0 culture=0 vitality=18.9 strength=0 stock=1264.21 cap=0 
[2026-10-06 16:35:43]	[CulturalDiffusion] inject 87,32 civ=0 culture=14 vitality=46.8 strength=21.83 stock=12559.33 cap=43654.3 
[2026-10-06 16:35:43]	[CulturalDiffusion] inject 90,37 civ=0 culture=4 vitality=27.05 strength=7.98 stock=2052.31 cap=15960.82 
[2026-10-06 16:35:43]	[CulturalDiffusion] inject 81,18 civ=3 culture=13.2 vitality=58.93 strength=20.26 stock=5468.25 cap=40527.96 
[2026-10-06 16:35:43]	[CulturalDiffusion] inject 82,23 civ=3 culture=9.9 vitality=20.16 strength=11.55 stock=4225.97 cap=23094.17 
[2026-10-06 16:35:43]	[CulturalDiffusion] inject 84,35 civ=3 culture=3.3 vitality=13.29 strength=4.88 stock=1327.42 cap=9767.09 
[2026-10-06 16:35:43]	[CulturalDiffusion] inject 91,45 civ=4 culture=4.4 vitality=16.21 strength=9.2 stock=672.04 cap=18399.6 
[2026-10-06 16:35:43]	[CulturalDiffusion] frontier city=65536 ring=4 best=4279.09 bar=375 over=12/23 center=61056.03 
[2026-10-06 16:35:43]	[CulturalDiffusion] frontier city=131073 ring=4 best=3608.05 bar=375 over=18/24 center=523.75 
[2026-10-06 16:35:43]	[CulturalDiffusion] frontier city=196610 ring=4 best=9294.15 bar=375 over=13/19 center=1264.21 
[2026-10-06 16:35:43]	[CulturalDiffusion] frontier city=262147 ring=4 best=45291.29 bar=375 over=23/24 center=12559.33 
[2026-10-06 16:35:43]	[CulturalDiffusion] frontier city=327684 ring=4 best=12077.68 bar=375 over=17/24 center=2052.31 
[2026-10-06 16:35:43]	[CulturalDiffusion] flip 83,23 NOT APPLIED reason=district-urban verb=purchasePlot 
[2026-10-06 16:35:43]	[CulturalDiffusion] flip 81,19 NOT APPLIED reason=district-urban verb=purchasePlot 
[2026-10-06 16:35:43]	[CulturalDiffusion] flip 80,21 -> player 0 via purchasePlot sent; pending confirmation next pass (was owner 3) 
[2026-10-06 16:35:43]	[CulturalDiffusion] flip 82,34 -> player 0 via purchasePlot sent; pending confirmation next pass (was owner 3) 
[2026-10-06 16:35:43]	[CulturalDiffusion] flip 81,33 -> player 0 via purchasePlot sent; pending confirmation next pass (was owner 3) 
[2026-10-06 16:35:43]	[CulturalDiffusion] flip 85,21 NOT APPLIED reason=district-urban verb=purchasePlot 
[2026-10-06 16:35:43]	[CulturalDiffusion] flip 86,19 NOT APPLIED reason=district-urban verb=purchasePlot 
[2026-10-06 16:35:43]	[CulturalDiffusion] flip 87,18 NOT APPLIED reason=district-urban verb=purchasePlot 
[2026-10-06 16:35:43]	[CulturalDiffusion] state bytes=30334 field=469 claims=171 locked=106 passMs=41 
[2026-10-06 16:35:43]	[CulturalDiffusion] pass: 0 flip(s), 3 pending, 0 ceded (0 pending), 0 AI flip(s) (0 pending), 0 conquest(s) (0 pending), confirmed 8 claim/0 cede (0 dropped), 0 orphan(s) healed, 0 inner tile(s) released to base game, 469 active field tile(s) 
[2026-10-06 16:35:43]	[CulturalDiffusion] pass (turn 13): flips=0 field tiles=180 
[2026-10-06 16:35:45]	[CDH] TURN k=12 turn=13 age=AGE_EXPLORATION blocker=523279636 
[2026-10-06 16:35:45]	[CulturalDiffusion] flip 80,21 with teardown: torn=2 cleared=true buy=purchasePlot landed=true rebuilt=true improvement=IMPROVEMENT_POTKOP 
[2026-10-06 16:35:45]	[CulturalDiffusion] flip 82,34 with teardown: torn=2 cleared=true buy=purchasePlot landed=true rebuilt=true improvement=IMPROVEMENT_CAMP 
[2026-10-06 16:35:54]	[CDH] OBS T12: age=AGE_EXPLORATION turn=13 ownerChanges=3 missionaries=0 moved=0 idleWithMoves=0 gone=0 flipsNearMissionary=0 (district 0) onFlipped=0 jsErrors=5 amAuto=absent 
[2026-10-06 16:35:54]	[CDH] INV T12: claims=171 stale=9 localInner=9 district=0 center=0 pending=3 bytes=30319 
[2026-10-06 16:36:04]	[CulturalDiffusion] notify: (80,21) player 3 -> player 0 
[2026-10-06 16:36:04]	[CulturalDiffusion] pending 80,21 claim confirmed on the live map 
[2026-10-06 16:36:04]	[CulturalDiffusion] notify: (82,34) player 3 -> player 0 
[2026-10-06 16:36:04]	[CulturalDiffusion] pending 82,34 claim confirmed on the live map 
[2026-10-06 16:36:04]	[CulturalDiffusion] notify: (81,33) player 3 -> player 0 
[2026-10-06 16:36:04]	[CulturalDiffusion] pending 81,33 claim confirmed on the live map 
[2026-10-06 16:36:04]	[CulturalDiffusion] inject 92,32 civ=0 culture=33 vitality=48.7 strength=38.75 stock=61721 cap=77508.68 
[2026-10-06 16:36:04]	[CulturalDiffusion] inject 86,20 civ=0 culture=0 vitality=26.1 strength=0 stock=521.88 cap=0 
[2026-10-06 16:36:04]	[CulturalDiffusion] inject 93,26 civ=0 culture=0 vitality=18.9 strength=0 stock=1200 cap=0 
[2026-10-06 16:36:04]	[CulturalDiffusion] inject 87,32 civ=0 culture=15 vitality=51.55 strength=23.68 stock=12969.2 cap=47360.96 
[2026-10-06 16:36:04]	[CulturalDiffusion] inject 90,37 civ=0 culture=4 vitality=27.05 strength=8 stock=2099.11 cap=16005.85 
[2026-10-06 16:36:04]	[CulturalDiffusion] inject 81,18 civ=3 culture=13.2 vitality=54.06 strength=19.63 stock=5791.35 cap=39260.27 
[2026-10-06 16:36:04]	[CulturalDiffusion] inject 82,23 civ=3 culture=9.9 vitality=20.16 strength=11.53 stock=4330.89 cap=23057.01 
[2026-10-06 16:36:04]	[CulturalDiffusion] inject 84,35 civ=3 culture=2.2 vitality=11.29 strength=3.54 stock=1337.88 cap=7080.56 
[2026-10-06 16:36:04]	[CulturalDiffusion] inject 91,45 civ=4 culture=4.4 vitality=15.2 strength=8.91 stock=737.73 cap=17814.83 
[2026-10-06 16:36:04]	[CulturalDiffusion] frontier city=65536 ring=4 best=4395.76 bar=375 over=12/23 center=61721 
[2026-10-06 16:36:04]	[CulturalDiffusion] frontier city=131073 ring=4 best=3426.65 bar=375 over=18/24 center=521.88 
[2026-10-06 16:36:04]	[CulturalDiffusion] frontier city=196610 ring=4 best=9408.01 bar=375 over=13/19 center=1200 
[2026-10-06 16:36:04]	[CulturalDiffusion] frontier city=262147 ring=4 best=45792.02 bar=375 over=23/24 center=12969.2 
[2026-10-06 16:36:04]	[CulturalDiffusion] frontier city=327684 ring=4 best=12211.21 bar=375 over=17/24 center=2099.11 
[2026-10-06 16:36:04]	[CulturalDiffusion] flip 83,23 NOT APPLIED reason=district-urban verb=purchasePlot 
[2026-10-06 16:36:04]	[CulturalDiffusion] flip 81,19 NOT APPLIED reason=district-urban verb=purchasePlot 
[2026-10-06 16:36:04]	[CulturalDiffusion] flip 84,28 -> player 0 via purchasePlot sent; pending confirmation next pass (was owner 3) 
[2026-10-06 16:36:04]	[CulturalDiffusion] flip 85,21 NOT APPLIED reason=district-urban verb=purchasePlot 
[2026-10-06 16:36:04]	[CulturalDiffusion] flip 86,19 NOT APPLIED reason=district-urban verb=purchasePlot 
[2026-10-06 16:36:04]	[CulturalDiffusion] flip 87,18 NOT APPLIED reason=district-urban verb=purchasePlot 
[2026-10-06 16:36:04]	[CulturalDiffusion] flip 86,38 -> player 4 via purchasePlot sent; pending confirmation next pass (was owner 0) 
[2026-10-06 16:36:04]	[CulturalDiffusion] state bytes=30863 field=469 claims=173 locked=100 passMs=39 
[2026-10-06 16:36:04]	[CulturalDiffusion] pass: 0 flip(s), 1 pending, 0 ceded (0 pending), 0 AI flip(s) (1 pending), 0 conquest(s) (0 pending), confirmed 3 claim/0 cede (0 dropped), 0 orphan(s) healed, 0 inner tile(s) released to base game, 469 active field tile(s) 
[2026-10-06 16:36:04]	[CulturalDiffusion] pass (turn 14): flips=0 field tiles=180 
[2026-10-06 16:36:06]	[CDH] TURN k=13 turn=14 age=AGE_EXPLORATION blocker=523279636 
[2026-10-06 16:36:15]	[CDH] OBS T13: age=AGE_EXPLORATION turn=14 ownerChanges=2 missionaries=0 moved=0 idleWithMoves=0 gone=0 flipsNearMissionary=0 (district 0) onFlipped=0 jsErrors=5 amAuto=absent 
[2026-10-06 16:36:15]	[CDH] INV T13: claims=173 stale=11 localInner=9 district=0 center=0 pending=2 bytes=30848 
[2026-10-06 16:36:28]	[CulturalDiffusion] notify: (84,28) player 3 -> player 0 
[2026-10-06 16:36:28]	[CulturalDiffusion] pending 84,28 claim confirmed on the live map 
[2026-10-06 16:36:28]	[CulturalDiffusion] notify: (86,38) player 0 -> player 4 
[2026-10-06 16:36:28]	[CulturalDiffusion] pending 86,38 claim confirmed on the live map 
[2026-10-06 16:36:28]	[CulturalDiffusion] inject 92,32 civ=0 culture=33 vitality=48.7 strength=38.72 stock=62369.37 cap=77436.1 
[2026-10-06 16:36:28]	[CulturalDiffusion] inject 86,20 civ=0 culture=0 vitality=26.1 strength=0 stock=518.65 cap=0 
[2026-10-06 16:36:28]	[CulturalDiffusion] inject 93,26 civ=0 culture=0 vitality=18.9 strength=0 stock=1139 cap=0 
[2026-10-06 16:36:28]	[CulturalDiffusion] inject 87,32 civ=0 culture=15 vitality=51.55 strength=23.66 stock=13374.32 cap=47316.61 
[2026-10-06 16:36:28]	[CulturalDiffusion] inject 90,37 civ=0 culture=4 vitality=27.05 strength=8 stock=2145.03 cap=15990.86 
[2026-10-06 16:36:28]	[CulturalDiffusion] inject 81,18 civ=3 culture=13.2 vitality=54.06 strength=19.62 stock=6112.89 cap=39238.12 
[2026-10-06 16:36:28]	[CulturalDiffusion] inject 82,23 civ=3 culture=9.9 vitality=20.16 strength=11.52 stock=4433.05 cap=23044.01 
[2026-10-06 16:36:28]	[CulturalDiffusion] inject 84,35 civ=3 culture=2.2 vitality=11.29 strength=3.54 stock=1347.29 cap=7076.56 
[2026-10-06 16:36:28]	[CulturalDiffusion] inject 91,45 civ=4 culture=4.4 vitality=15.2 strength=8.9 stock=804.24 cap=17793.15 
[2026-10-06 16:36:28]	[CulturalDiffusion] frontier city=65536 ring=4 best=4539.22 bar=375 over=12/23 center=62369.37 
[2026-10-06 16:36:28]	[CulturalDiffusion] frontier city=131073 ring=4 best=3254.32 bar=375 over=18/24 center=518.65 
[2026-10-06 16:36:28]	[CulturalDiffusion] frontier city=196610 ring=4 best=9511.17 bar=375 over=13/19 center=1139 
[2026-10-06 16:36:28]	[CulturalDiffusion] frontier city=262147 ring=4 best=46290.75 bar=375 over=23/24 center=13374.32 
[2026-10-06 16:36:28]	[CulturalDiffusion] frontier city=327684 ring=4 best=12344.2 bar=375 over=17/24 center=2145.03 
[2026-10-06 16:36:28]	[CulturalDiffusion] flip 83,23 NOT APPLIED reason=district-urban verb=purchasePlot 
[2026-10-06 16:36:28]	[CulturalDiffusion] flip 84,29 -> player 0 via purchasePlot sent; pending confirmation next pass (was owner 3) 
[2026-10-06 16:36:28]	[CulturalDiffusion] flip 81,19 NOT APPLIED reason=district-urban verb=purchasePlot 
[2026-10-06 16:36:28]	[CulturalDiffusion] flip 82,29 -> player 0 via purchasePlot sent; pending confirmation next pass (was owner 3) 
[2026-10-06 16:36:28]	[CulturalDiffusion] flip 85,21 NOT APPLIED reason=district-urban verb=purchasePlot 
[2026-10-06 16:36:28]	[CulturalDiffusion] flip 85,39 -> player 4 via purchasePlot sent; pending confirmation next pass (was owner 0) 
[2026-10-06 16:36:28]	[CulturalDiffusion] flip 86,19 NOT APPLIED reason=district-urban verb=purchasePlot 
[2026-10-06 16:36:28]	[CulturalDiffusion] flip 87,18 NOT APPLIED reason=district-urban verb=purchasePlot 
[2026-10-06 16:36:28]	[CulturalDiffusion] skip flip 85,38: would strand a foreign unit 
[2026-10-06 16:36:28]	[CulturalDiffusion] state bytes=30729 field=469 claims=173 locked=96 passMs=41 
[2026-10-06 16:36:28]	[CulturalDiffusion] pass: 0 flip(s), 2 pending, 0 ceded (0 pending), 0 AI flip(s) (1 pending), 0 conquest(s) (0 pending), confirmed 2 claim/0 cede (0 dropped), 0 orphan(s) healed, 0 inner tile(s) released to base game, 469 active field tile(s) 
[2026-10-06 16:36:28]	[CulturalDiffusion] pass (turn 15): flips=0 field tiles=180 
[2026-10-06 16:36:30]	[CDH] TURN k=14 turn=15 age=AGE_EXPLORATION blocker=523279636 
[2026-10-06 16:36:39]	[CDH] OBS T14: age=AGE_EXPLORATION turn=15 ownerChanges=3 missionaries=0 moved=0 idleWithMoves=0 gone=0 flipsNearMissionary=0 (district 0) onFlipped=0 jsErrors=5 amAuto=absent 
[2026-10-06 16:36:39]	[CDH] INV T14: claims=173 stale=12 localInner=9 district=0 center=0 pending=3 bytes=30714 
[2026-10-06 16:36:47]	[CDH] JSERR Error: Expected this.unit to be non-null. @ fs://game/base-standard/ui/unit-flags/unit-flags.js:348 
[2026-10-06 16:36:50]	[CDH] JSERR Error: Expected this.unit to be non-null. @ fs://game/base-standard/ui/unit-flags/unit-flags.js:348 
[2026-10-06 16:36:50]	[CDH] JSERR Error: Expected this.unit to be non-null. @ fs://game/base-standard/ui/unit-flags/unit-flags.js:348 
[2026-10-06 16:36:53]	[CDH] JSERR Error: Expected this.unit to be non-null. @ fs://game/base-standard/ui/unit-flags/unit-flags.js:348 
[2026-10-06 16:36:53]	[CulturalDiffusion] notify: (84,29) player 3 -> player 0 
[2026-10-06 16:36:53]	[CulturalDiffusion] pending 84,29 claim confirmed on the live map 
[2026-10-06 16:36:53]	[CulturalDiffusion] notify: (82,29) player 3 -> player 0 
[2026-10-06 16:36:53]	[CulturalDiffusion] pending 82,29 claim confirmed on the live map 
[2026-10-06 16:36:53]	[CulturalDiffusion] notify: (85,39) player 0 -> player 4 
[2026-10-06 16:36:53]	[CulturalDiffusion] pending 85,39 claim confirmed on the live map 
[2026-10-06 16:36:53]	[CulturalDiffusion] inject 92,32 civ=0 culture=33 vitality=48.7 strength=38.98 stock=63030.04 cap=77957.03 
[2026-10-06 16:36:53]	[CulturalDiffusion] inject 86,20 civ=0 culture=0 vitality=26.1 strength=0 stock=514.21 cap=0 
[2026-10-06 16:36:53]	[CulturalDiffusion] inject 93,26 civ=0 culture=0 vitality=18.9 strength=0 stock=1081.05 cap=0 
[2026-10-06 16:36:53]	[CulturalDiffusion] inject 87,32 civ=0 culture=15 vitality=51.55 strength=23.82 stock=13782.56 cap=47634.92 
[2026-10-06 16:36:53]	[CulturalDiffusion] inject 90,37 civ=0 culture=4 vitality=27.05 strength=8.05 stock=2191.16 cap=16098.43 
[2026-10-06 16:36:53]	[CulturalDiffusion] inject 81,18 civ=3 culture=13.2 vitality=50.76 strength=19.24 stock=6421.32 cap=38478.61 
[2026-10-06 16:36:53]	[CulturalDiffusion] inject 82,23 civ=3 culture=9.9 vitality=20.16 strength=11.55 stock=4533.4 cap=23101.49 
[2026-10-06 16:36:53]	[CulturalDiffusion] inject 84,35 civ=3 culture=2.2 vitality=11.29 strength=3.55 stock=1355.86 cap=7094.21 
[2026-10-06 16:36:53]	[CulturalDiffusion] inject 91,45 civ=4 culture=4.4 vitality=16.21 strength=9.29 stock=875.87 cap=18587.32 
[2026-10-06 16:36:53]	[CulturalDiffusion] frontier city=65536 ring=4 best=4681.01 bar=375 over=12/23 center=63030.04 
[2026-10-06 16:36:53]	[CulturalDiffusion] frontier city=131073 ring=4 best=3090.6 bar=375 over=18/24 center=514.21 
[2026-10-06 16:36:53]	[CulturalDiffusion] frontier city=196610 ring=4 best=9616.32 bar=375 over=13/19 center=1081.05 
[2026-10-06 16:36:53]	[CulturalDiffusion] frontier city=262147 ring=4 best=46777.03 bar=375 over=23/24 center=13782.56 
[2026-10-06 16:36:53]	[CulturalDiffusion] frontier city=327684 ring=4 best=12473.87 bar=375 over=17/24 center=2191.16 
[2026-10-06 16:36:53]	[CulturalDiffusion] flip 83,23 NOT APPLIED reason=district-urban verb=purchasePlot 
[2026-10-06 16:36:53]	[CulturalDiffusion] flip 81,19 NOT APPLIED reason=district-urban verb=purchasePlot 
[2026-10-06 16:36:53]	[CulturalDiffusion] skip flip 82,30: would strand a foreign unit 
[2026-10-06 16:36:53]	[CulturalDiffusion] flip 85,21 NOT APPLIED reason=district-urban verb=purchasePlot 
[2026-10-06 16:36:53]	[CulturalDiffusion] flip 85,28 -> player 3 via purchasePlot sent; pending confirmation next pass (was owner 0) 
[2026-10-06 16:36:53]	[CulturalDiffusion] flip 86,28 -> player 3 via purchasePlot sent; pending confirmation next pass (was owner 0) 
[2026-10-06 16:36:53]	[CulturalDiffusion] flip 86,19 NOT APPLIED reason=district-urban verb=purchasePlot 
[2026-10-06 16:36:53]	[CulturalDiffusion] flip 87,18 NOT APPLIED reason=district-urban verb=purchasePlot 
[2026-10-06 16:36:53]	[CulturalDiffusion] skip flip 85,38: would strand a foreign unit 
[2026-10-06 16:36:53]	[CulturalDiffusion] state bytes=31324 field=469 claims=173 locked=89 passMs=40 
[2026-10-06 16:36:53]	[CulturalDiffusion] pass: 0 flip(s), 0 pending, 0 ceded (0 pending), 0 AI flip(s) (2 pending), 0 conquest(s) (0 pending), confirmed 3 claim/0 cede (0 dropped), 0 orphan(s) healed, 0 inner tile(s) released to base game, 469 active field tile(s) 
[2026-10-06 16:36:53]	[CulturalDiffusion] pass (turn 16): flips=0 field tiles=180 
[2026-10-06 16:36:55]	[CDH] TURN k=15 turn=16 age=AGE_EXPLORATION blocker=523279636 
[2026-10-06 16:37:04]	[CDH] OBS T15: age=AGE_EXPLORATION turn=16 ownerChanges=2 missionaries=0 moved=0 idleWithMoves=0 gone=0 flipsNearMissionary=0 (district 0) onFlipped=0 jsErrors=9 amAuto=absent 
[2026-10-06 16:37:04]	[CDH] INV T15: claims=173 stale=11 localInner=9 district=0 center=0 pending=2 bytes=31309 
[2026-10-06 16:37:04]	[CDH] DONE harness am-soak finished turns=15 age=AGE_EXPLORATION totals={"flipsNearMissionary":0,"onFlipped":0,"districtFlipsNearMissionary":0,"idleWithMoves":0,"gone":0} jsErrors=9 
