[2026-10-06 16:41:44]	[CDH] shell attached 
[2026-10-06 16:41:45]	[CDH] shell query complete 
[2026-10-06 16:41:46]	[CDH] shell found AugustusAnt136.Civ7Save turn 136 age AGE_ANTIQUITY missingMods=0 unowned=0 
[2026-10-06 16:41:46]	[CDH] shell handleLoadSave returned true 
[2026-10-06 16:42:03]	[CDH] attached am-soak 
[2026-10-06 16:42:03]	[CulturalDiffusion] boot (turnInterval 1, verb purchasePlot, enabled true) 
[2026-10-06 16:42:08]	[CDH] LOAD GameStarted 
[2026-10-06 16:42:18]	[CDH] AMSOAK start turn=136 age=AGE_ANTIQUITY startAge=AGE_ANTIQUITY local=0 amPresent=false amSet=absent religion=null missionaries=0 cdConfig={"claimOnlyUnowned":false,"aiCultureFlips":true,"flipMaxDistance":6,"maxFlipsPerTurn":8} 
[2026-10-06 16:42:18]	[CDH] INV T0-pre: claims=0 stale=0 localInner=0 district=0 center=0 pending=0 bytes=78 
[2026-10-06 16:42:18]	[CDH] SEED T0: 400 frontier tiles seeded, state bytes=5552 
[2026-10-06 16:42:18]	[CulturalDiffusion] inject 92,32 civ=0 culture=38.5 vitality=55.06 strength=82.5 stock=10 cap=164993.15 
[2026-10-06 16:42:18]	[CulturalDiffusion] inject 87,32 civ=0 culture=13 vitality=32.25 strength=33.78 stock=10 cap=67555.32 
[2026-10-06 16:42:18]	[CulturalDiffusion] inject 90,37 civ=0 culture=1 vitality=19.9 strength=5.38 stock=10 cap=10769.85 
[2026-10-06 16:42:18]	[CulturalDiffusion] inject 84,35 civ=0 culture=1 vitality=23.4 strength=5.7 stock=10 cap=11398.21 
[2026-10-06 16:42:18]	[CulturalDiffusion] inject 93,26 civ=0 culture=9 vitality=24.65 strength=24.21 stock=10 cap=48417.74 
[2026-10-06 16:42:18]	[CulturalDiffusion] inject 86,20 civ=0 culture=1 vitality=10.03 strength=4.24 stock=10 cap=8473.01 
[2026-10-06 16:42:18]	[CulturalDiffusion] inject 82,23 civ=3 culture=5 vitality=21.5 strength=10.31 stock=10 cap=20616.29 
[2026-10-06 16:42:18]	[CulturalDiffusion] inject 81,18 civ=3 culture=8 vitality=33.35 strength=16.32 stock=10 cap=32630.11 
[2026-10-06 16:42:18]	[CulturalDiffusion] inject 80,31 civ=3 culture=3 vitality=15.85 strength=6.65 stock=10 cap=13294.3 
[2026-10-06 16:42:18]	[CulturalDiffusion] frontier city=65536 ring=4 best=3799 bar=300 over=3/23 center=10 
[2026-10-06 16:42:18]	[CulturalDiffusion] frontier city=196609 ring=4 best=3799 bar=300 over=10/24 center=10 
[2026-10-06 16:42:18]	[CulturalDiffusion] frontier city=262146 ring=4 best=3799 bar=300 over=7/24 center=10 
[2026-10-06 16:42:18]	[CulturalDiffusion] frontier city=327683 ring=4 best=3799 bar=300 over=7/24 center=10 
[2026-10-06 16:42:18]	[CulturalDiffusion] frontier city=393220 ring=4 best=3799 bar=300 over=4/19 center=10 
[2026-10-06 16:42:18]	[CulturalDiffusion] frontier city=458757 ring=4 best=0 bar=300 over=0/24 center=10 
[2026-10-06 16:42:18]	[CulturalDiffusion] flip 89,29 -> player 0 via purchasePlot sent; pending confirmation next pass (was owner -1) 
[2026-10-06 16:42:18]	[CulturalDiffusion] flip 90,28 -> player 0 via purchasePlot sent; pending confirmation next pass (was owner -1) 
[2026-10-06 16:42:18]	[CulturalDiffusion] flip 89,27 -> player 0 via purchasePlot sent; pending confirmation next pass (was owner -1) 
[2026-10-06 16:42:18]	[CulturalDiffusion] flip 88,28 -> player 0 via purchasePlot sent; pending confirmation next pass (was owner -1) 
[2026-10-06 16:42:18]	[CulturalDiffusion] flip 89,26 -> player 0 via purchasePlot sent; pending confirmation next pass (was owner -1) 
[2026-10-06 16:42:18]	[CulturalDiffusion] flip 87,28 -> player 0 via purchasePlot sent; pending confirmation next pass (was owner -1) 
[2026-10-06 16:42:18]	[CulturalDiffusion] flip 88,40 -> player 0 via purchasePlot sent; pending confirmation next pass (was owner -1) 
[2026-10-06 16:42:18]	[CulturalDiffusion] flip 87,39 -> player 0 via purchasePlot sent; pending confirmation next pass (was owner -1) 
[2026-10-06 16:42:18]	[CulturalDiffusion] flip 83,29 -> player 3 via purchasePlot sent; pending confirmation next pass (was owner -1) 
[2026-10-06 16:42:18]	[CulturalDiffusion] flip 83,27 -> player 3 via purchasePlot sent; pending confirmation next pass (was owner -1) 
[2026-10-06 16:42:18]	[CulturalDiffusion] flip 82,27 -> player 3 via purchasePlot sent; pending confirmation next pass (was owner -1) 
[2026-10-06 16:42:18]	[CulturalDiffusion] flip 82,14 -> player 3 via purchasePlot sent; pending confirmation next pass (was owner -1) 
[2026-10-06 16:42:18]	[CulturalDiffusion] flip 78,20 -> player 3 via purchasePlot sent; pending confirmation next pass (was owner -1) 
[2026-10-06 16:42:18]	[CulturalDiffusion] flip 81,14 -> player 3 via purchasePlot sent; pending confirmation next pass (was owner -1) 
[2026-10-06 16:42:18]	[CulturalDiffusion] flip 79,22 -> player 3 via purchasePlot sent; pending confirmation next pass (was owner -1) 
[2026-10-06 16:42:18]	[CulturalDiffusion] flip 78,21 -> player 3 via purchasePlot sent; pending confirmation next pass (was owner -1) 
[2026-10-06 16:42:18]	[CulturalDiffusion] state bytes=9270 field=369 claims=0 locked=0 passMs=41 
[2026-10-06 16:42:18]	[CulturalDiffusion] pass: 0 flip(s), 8 pending, 0 ceded (0 pending), 0 AI flip(s) (8 pending), 0 conquest(s) (0 pending), confirmed 0 claim/0 cede (0 dropped), 0 orphan(s) healed, 0 inner tile(s) released to base game, 369 active field tile(s) 
[2026-10-06 16:42:18]	[CulturalDiffusion] pass (manual): flips=0 field tiles=12 
[2026-10-06 16:42:18]	[CDH] T0 runNow={"flips":0,"pending":8,"tiles":12,"healed":0,"released":0,"ceded":0,"cedePending":0,"aiFlips":0,"aiPending":8,"conquests":0,"conquestPending":0,"occupied":0,"confirmed":0,"confirmedCede":0} 
[2026-10-06 16:42:26]	[CDH] INV T0-post: claims=0 stale=0 localInner=0 district=0 center=0 pending=16 bytes=9255 
[2026-10-06 16:42:27]	[CDH] JSERR Error: Expected this.unit to be non-null. @ fs://game/base-standard/ui/unit-flags/unit-flags.js:348 
[2026-10-06 16:42:30]	[CDH] JSERR Error: Expected this.unit to be non-null. @ fs://game/base-standard/ui/unit-flags/unit-flags.js:348 
[2026-10-06 16:42:32]	[CDH] JSERR Error: Expected this.unit to be non-null. @ fs://game/base-standard/ui/unit-flags/unit-flags.js:348 
[2026-10-06 16:42:32]	[CDH] JSERR Error: Expected this.unit to be non-null. @ fs://game/base-standard/ui/unit-flags/unit-flags.js:348 
[2026-10-06 16:42:35]	[CulturalDiffusion] notify: (89,29) unowned -> player 0 
[2026-10-06 16:42:35]	[CulturalDiffusion] pending 89,29 claim confirmed on the live map 
[2026-10-06 16:42:35]	[CulturalDiffusion] notify: (90,28) unowned -> player 0 
[2026-10-06 16:42:35]	[CulturalDiffusion] pending 90,28 claim confirmed on the live map 
[2026-10-06 16:42:35]	[CulturalDiffusion] notify: (89,27) unowned -> player 0 
[2026-10-06 16:42:35]	[CulturalDiffusion] pending 89,27 claim confirmed on the live map 
[2026-10-06 16:42:35]	[CulturalDiffusion] notify: (88,28) unowned -> player 0 
[2026-10-06 16:42:35]	[CulturalDiffusion] pending 88,28 claim confirmed on the live map 
[2026-10-06 16:42:35]	[CulturalDiffusion] notify: (89,26) unowned -> player 0 
[2026-10-06 16:42:35]	[CulturalDiffusion] pending 89,26 claim confirmed on the live map 
[2026-10-06 16:42:35]	[CulturalDiffusion] notify: (87,28) unowned -> player 0 
[2026-10-06 16:42:35]	[CulturalDiffusion] pending 87,28 claim confirmed on the live map 
[2026-10-06 16:42:35]	[CulturalDiffusion] notify: (88,40) unowned -> player 0 
[2026-10-06 16:42:35]	[CulturalDiffusion] pending 88,40 claim confirmed on the live map 
[2026-10-06 16:42:35]	[CulturalDiffusion] notify: (87,39) unowned -> player 0 
[2026-10-06 16:42:35]	[CulturalDiffusion] pending 87,39 claim confirmed on the live map 
[2026-10-06 16:42:35]	[CulturalDiffusion] notify: (83,29) unowned -> player 3 
[2026-10-06 16:42:35]	[CulturalDiffusion] pending 83,29 claim confirmed on the live map 
[2026-10-06 16:42:35]	[CulturalDiffusion] notify: (83,27) unowned -> player 3 
[2026-10-06 16:42:35]	[CulturalDiffusion] pending 83,27 claim confirmed on the live map 
[2026-10-06 16:42:35]	[CulturalDiffusion] notify: (82,27) unowned -> player 3 
[2026-10-06 16:42:35]	[CulturalDiffusion] pending 82,27 claim confirmed on the live map 
[2026-10-06 16:42:35]	[CulturalDiffusion] notify: (82,14) unowned -> player 3 
[2026-10-06 16:42:35]	[CulturalDiffusion] pending 82,14 claim confirmed on the live map 
[2026-10-06 16:42:35]	[CulturalDiffusion] notify: (78,20) unowned -> player 3 
[2026-10-06 16:42:35]	[CulturalDiffusion] pending 78,20 claim confirmed on the live map 
[2026-10-06 16:42:35]	[CulturalDiffusion] notify: (81,14) unowned -> player 3 
[2026-10-06 16:42:35]	[CulturalDiffusion] pending 81,14 claim confirmed on the live map 
[2026-10-06 16:42:35]	[CulturalDiffusion] notify: (79,22) unowned -> player 3 
[2026-10-06 16:42:35]	[CulturalDiffusion] pending 79,22 claim confirmed on the live map 
[2026-10-06 16:42:35]	[CulturalDiffusion] notify: (78,21) unowned -> player 3 
[2026-10-06 16:42:35]	[CulturalDiffusion] pending 78,21 claim confirmed on the live map 
[2026-10-06 16:42:35]	[CulturalDiffusion] inject 92,32 civ=0 culture=38.5 vitality=55.06 strength=83 stock=120.15 cap=165990.45 
[2026-10-06 16:42:35]	[CulturalDiffusion] inject 87,32 civ=0 culture=13 vitality=32.25 strength=33.98 stock=60.12 cap=67963.65 
[2026-10-06 16:42:35]	[CulturalDiffusion] inject 90,37 civ=0 culture=1 vitality=19.9 strength=5.42 stock=25.14 cap=10834.94 
[2026-10-06 16:42:35]	[CulturalDiffusion] inject 84,35 civ=0 culture=1 vitality=23.4 strength=5.73 stock=25.52 cap=11467.1 
[2026-10-06 16:42:35]	[CulturalDiffusion] inject 93,26 civ=0 culture=9 vitality=23.75 strength=24.04 stock=47.94 cap=48080.39 
[2026-10-06 16:42:35]	[CulturalDiffusion] inject 86,20 civ=0 culture=1 vitality=10.03 strength=4.26 stock=23.78 cap=8524.23 
[2026-10-06 16:42:35]	[CulturalDiffusion] inject 82,23 civ=3 culture=5 vitality=16.35 strength=9.36 stock=135.3 cap=18711.88 
[2026-10-06 16:42:35]	[CulturalDiffusion] inject 81,18 civ=3 culture=8 vitality=27.45 strength=15.22 stock=37.15 cap=30447.67 
[2026-10-06 16:42:35]	[CulturalDiffusion] inject 80,31 civ=3 culture=3 vitality=13.85 strength=6.33 stock=26.49 cap=12667.53 
[2026-10-06 16:42:35]	[CulturalDiffusion] frontier city=65536 ring=4 best=3608.05 bar=300 over=4/23 center=120.15 
[2026-10-06 16:42:35]	[CulturalDiffusion] frontier city=196609 ring=4 best=3608.05 bar=300 over=12/24 center=60.12 
[2026-10-06 16:42:35]	[CulturalDiffusion] frontier city=262146 ring=4 best=3608.05 bar=300 over=9/24 center=25.14 
[2026-10-06 16:42:35]	[CulturalDiffusion] frontier city=327683 ring=4 best=3608.05 bar=300 over=9/24 center=25.52 
[2026-10-06 16:42:35]	[CulturalDiffusion] frontier city=393220 ring=4 best=3608.05 bar=300 over=5/19 center=47.94 
[2026-10-06 16:42:35]	[CulturalDiffusion] frontier city=458757 ring=4 best=10.52 bar=300 over=0/24 center=23.78 
[2026-10-06 16:42:35]	[CulturalDiffusion] flip 89,28 -> player 0 via purchasePlot sent; pending confirmation next pass (was owner -1) 
[2026-10-06 16:42:35]	[CulturalDiffusion] flip 89,25 -> player 0 via purchasePlot sent; pending confirmation next pass (was owner -1) 
[2026-10-06 16:42:35]	[CulturalDiffusion] flip 87,38 -> player 0 via purchasePlot sent; pending confirmation next pass (was owner -1) 
[2026-10-06 16:42:35]	[CulturalDiffusion] flip 84,30 -> player 0 via purchasePlot sent; pending confirmation next pass (was owner 18) 
[2026-10-06 16:42:35]	[CulturalDiffusion] flip 84,29 -> player 0 via purchasePlot sent; pending confirmation next pass (was owner 18) 
[2026-10-06 16:42:35]	[CulturalDiffusion] flip 81,33 -> player 0 via purchasePlot sent; pending confirmation next pass (was owner -1) 
[2026-10-06 16:42:35]	[CulturalDiffusion] flip 92,41 -> player 0 via purchasePlot sent; pending confirmation next pass (was owner -1) 
[2026-10-06 16:42:35]	[CulturalDiffusion] flip 91,41 -> player 0 via purchasePlot sent; pending confirmation next pass (was owner -1) 
[2026-10-06 16:42:35]	[CulturalDiffusion] flip 84,19 -> player 3 via purchasePlot sent; pending confirmation next pass (was owner -1) 
[2026-10-06 16:42:35]	[CulturalDiffusion] flip 83,14 -> player 3 via purchasePlot sent; pending confirmation next pass (was owner -1) 
[2026-10-06 16:42:35]	[CulturalDiffusion] flip 81,13 -> player 3 via purchasePlot sent; pending confirmation next pass (was owner -1) 
[2026-10-06 16:42:35]	[CulturalDiffusion] state bytes=11320 field=383 claims=16 locked=16 passMs=35 
[2026-10-06 16:42:35]	[CulturalDiffusion] pass: 0 flip(s), 8 pending, 0 ceded (0 pending), 0 AI flip(s) (3 pending), 0 conquest(s) (0 pending), confirmed 16 claim/0 cede (0 dropped), 0 orphan(s) healed, 0 inner tile(s) released to base game, 383 active field tile(s) 
[2026-10-06 16:42:35]	[CulturalDiffusion] pass (turn 137): flips=0 field tiles=35 
[2026-10-06 16:42:36]	[CDH] TURN k=1 turn=137 age=AGE_ANTIQUITY blocker=NEW_POPULATION 
[2026-10-06 16:42:37]	[CulturalDiffusion] flip 84,29 with teardown: torn=2 cleared=true buy=purchasePlot landed=true rebuilt=true restored=false improvement=IMPROVEMENT_WOODCUTTER 
[2026-10-06 16:42:44]	[CulturalDiffusion] flip 84,30 with teardown: torn=2 cleared=true buy=purchasePlot landed=false rebuilt=false restored=true improvement=IMPROVEMENT_CAMP 
[2026-10-06 16:42:45]	[CDH] OBS T1: age=AGE_ANTIQUITY turn=137 ownerChanges=10 missionaries=0 moved=0 idleWithMoves=0 gone=0 flipsNearMissionary=0 (district 0) onFlipped=0 jsErrors=4 amAuto=absent 
[2026-10-06 16:42:45]	[CDH] INV T1: claims=16 stale=0 localInner=0 district=0 center=0 pending=11 bytes=11305 
[2026-10-06 16:42:47]	[CDH] JSERR Error: Expected this.unit to be non-null. @ fs://game/base-standard/ui/unit-flags/unit-flags.js:348 
[2026-10-06 16:42:48]	[CDH] JSERR Error: Expected this.unit to be non-null. @ fs://game/base-standard/ui/unit-flags/unit-flags.js:348 
[2026-10-06 16:42:49]	[CDH] JSERR Error: Expected this.unit to be non-null. @ fs://game/base-standard/ui/unit-flags/unit-flags.js:348 
[2026-10-06 16:42:51]	[CDH] JSERR Error: Expected this.unit to be non-null. @ fs://game/base-standard/ui/unit-flags/unit-flags.js:348 
[2026-10-06 16:42:51]	[CDH] JSERR Error: Expected this.unit to be non-null. @ fs://game/base-standard/ui/unit-flags/unit-flags.js:348 
[2026-10-06 16:42:52]	[CDH] JSERR Error: Expected this.unit to be non-null. @ fs://game/base-standard/ui/unit-flags/unit-flags.js:348 
[2026-10-06 16:42:52]	[CDH] JSERR Error: Expected this.unit to be non-null. @ fs://game/base-standard/ui/unit-flags/unit-flags.js:348 
[2026-10-06 16:42:52]	[CDH] JSERR Error: Expected this.unit to be non-null. @ fs://game/base-standard/ui/unit-flags/unit-flags.js:348 
[2026-10-06 16:42:54]	[CDH] TURN k=2 turn=138 age=AGE_ANTIQUITY blocker=NEW_POPULATION 
[2026-10-06 16:42:55]	[CulturalDiffusion] notify: (89,28) unowned -> player 0 
[2026-10-06 16:42:55]	[CulturalDiffusion] pending 89,28 claim confirmed on the live map 
[2026-10-06 16:42:55]	[CulturalDiffusion] notify: (89,25) unowned -> player 0 
[2026-10-06 16:42:55]	[CulturalDiffusion] pending 89,25 claim confirmed on the live map 
[2026-10-06 16:42:55]	[CulturalDiffusion] notify: (87,38) unowned -> player 0 
[2026-10-06 16:42:55]	[CulturalDiffusion] pending 87,38 claim confirmed on the live map 
[2026-10-06 16:42:55]	[CulturalDiffusion] pending 84,30 claim NOT APPLIED on the live map - dropped 
[2026-10-06 16:42:55]	[CulturalDiffusion] notify: (84,29) player 18 -> player 0 
[2026-10-06 16:42:55]	[CulturalDiffusion] pending 84,29 claim confirmed on the live map 
[2026-10-06 16:42:55]	[CulturalDiffusion] notify: (81,33) unowned -> player 0 
[2026-10-06 16:42:55]	[CulturalDiffusion] pending 81,33 claim confirmed on the live map 
[2026-10-06 16:42:55]	[CulturalDiffusion] notify: (92,41) unowned -> player 0 
[2026-10-06 16:42:55]	[CulturalDiffusion] pending 92,41 claim confirmed on the live map 
[2026-10-06 16:42:55]	[CulturalDiffusion] notify: (91,41) unowned -> player 0 
[2026-10-06 16:42:55]	[CulturalDiffusion] pending 91,41 claim confirmed on the live map 
[2026-10-06 16:42:55]	[CulturalDiffusion] notify: (84,19) unowned -> player 3 
[2026-10-06 16:42:55]	[CulturalDiffusion] pending 84,19 claim confirmed on the live map 
[2026-10-06 16:42:55]	[CulturalDiffusion] notify: (83,14) unowned -> player 3 
[2026-10-06 16:42:55]	[CulturalDiffusion] pending 83,14 claim confirmed on the live map 
[2026-10-06 16:42:55]	[CulturalDiffusion] notify: (81,13) unowned -> player 3 
[2026-10-06 16:42:55]	[CulturalDiffusion] pending 81,13 claim confirmed on the live map 
[2026-10-06 16:42:55]	[CulturalDiffusion] inject 92,32 civ=0 culture=38.5 vitality=55.06 strength=64.71 stock=397.86 cap=129426.09 
[2026-10-06 16:42:55]	[CulturalDiffusion] inject 87,32 civ=0 culture=13 vitality=35.35 strength=27.36 stock=148.28 cap=54722.55 
[2026-10-06 16:42:55]	[CulturalDiffusion] inject 90,37 civ=0 culture=1 vitality=19.9 strength=4.22 stock=41.08 cap=8448.22 
[2026-10-06 16:42:55]	[CulturalDiffusion] inject 84,35 civ=0 culture=1 vitality=23.4 strength=4.47 stock=41.99 cap=8941.13 
[2026-10-06 16:42:55]	[CulturalDiffusion] inject 93,26 civ=0 culture=5 vitality=23.75 strength=12.79 stock=88.85 cap=25584.66 
[2026-10-06 16:42:55]	[CulturalDiffusion] inject 86,20 civ=0 culture=1.2 vitality=12.19 strength=4.01 stock=39.59 cap=8024.75 
[2026-10-06 16:42:55]	[CulturalDiffusion] inject 82,23 civ=3 culture=5 vitality=17.85 strength=9.55 stock=398.45 cap=19090.34 
[2026-10-06 16:42:55]	[CulturalDiffusion] inject 81,18 civ=3 culture=8 vitality=28.95 strength=15.34 stock=80.51 cap=30689.89 
[2026-10-06 16:42:55]	[CulturalDiffusion] inject 80,31 civ=3 culture=3 vitality=13.85 strength=6.27 stock=73.85 cap=12532.74 
[2026-10-06 16:42:55]	[CulturalDiffusion] frontier city=65536 ring=4 best=3426.65 bar=300 over=4/23 center=397.86 
[2026-10-06 16:42:55]	[CulturalDiffusion] frontier city=196609 ring=4 best=3426.65 bar=300 over=13/24 center=148.28 
[2026-10-06 16:42:55]	[CulturalDiffusion] frontier city=262146 ring=4 best=3426.65 bar=300 over=10/24 center=41.08 
[2026-10-06 16:42:55]	[CulturalDiffusion] frontier city=327683 ring=4 best=3426.65 bar=300 over=9/24 center=41.99 
[2026-10-06 16:42:55]	[CulturalDiffusion] frontier city=393220 ring=4 best=3426.65 bar=300 over=5/19 center=88.85 
[2026-10-06 16:42:55]	[CulturalDiffusion] frontier city=458757 ring=4 best=31.6 bar=300 over=0/24 center=39.59 
[2026-10-06 16:42:55]	[CulturalDiffusion] flip 93,40 -> player 0 via purchasePlot sent; pending confirmation next pass (was owner -1) 
[2026-10-06 16:42:55]	[CulturalDiffusion] flip 84,30 -> player 0 via purchasePlot sent; pending confirmation next pass (was owner 18) 
[2026-10-06 16:42:55]	[CulturalDiffusion] flip 90,41 -> player 0 via purchasePlot sent; pending confirmation next pass (was owner -1) 
[2026-10-06 16:42:55]	[CulturalDiffusion] flip 88,27 -> player 0 via purchasePlot sent; pending confirmation next pass (was owner -1) 
[2026-10-06 16:42:55]	[CulturalDiffusion] flip 87,27 -> player 0 via purchasePlot sent; pending confirmation next pass (was owner -1) 
[2026-10-06 16:42:55]	[CulturalDiffusion] flip 88,25 -> player 0 via purchasePlot sent; pending confirmation next pass (was owner -1) 
[2026-10-06 16:42:55]	[CulturalDiffusion] flip 80,33 -> player 0 via purchasePlot sent; pending confirmation next pass (was owner -1) 
[2026-10-06 16:42:55]	[CulturalDiffusion] flip 93,42 -> player 0 via purchasePlot sent; pending confirmation next pass (was owner -1) 
[2026-10-06 16:42:55]	[CulturalDiffusion] flip 86,43 -> player 4 via purchasePlot sent; pending confirmation next pass (was owner -1) 
[2026-10-06 16:42:55]	[CulturalDiffusion] flip 83,15 -> player 3 via purchasePlot sent; pending confirmation next pass (was owner -1) 
[2026-10-06 16:42:55]	[CulturalDiffusion] flip 82,13 -> player 3 via purchasePlot sent; pending confirmation next pass (was owner -1) 
[2026-10-06 16:42:55]	[CulturalDiffusion] state bytes=13016 field=390 claims=26 locked=26 passMs=38 
[2026-10-06 16:42:55]	[CulturalDiffusion] pass: 0 flip(s), 8 pending, 0 ceded (0 pending), 0 AI flip(s) (3 pending), 0 conquest(s) (0 pending), confirmed 10 claim/0 cede (1 dropped), 0 orphan(s) healed, 0 inner tile(s) released to base game, 390 active field tile(s) 
[2026-10-06 16:42:55]	[CulturalDiffusion] pass (turn 138): flips=0 field tiles=76 
[2026-10-06 16:43:00]	[CDH] JSERR Error: Expected this.unit to be non-null. @ fs://game/base-standard/ui/unit-flags/unit-flags.js:348 
[2026-10-06 16:43:00]	[CDH] JSERR Error: Expected this.unit to be non-null. @ fs://game/base-standard/ui/unit-flags/unit-flags.js:348 
[2026-10-06 16:43:00]	[CDH] JSERR Error: Expected this.unit to be non-null. @ fs://game/base-standard/ui/unit-flags/unit-flags.js:348 
[2026-10-06 16:43:01]	[CDH] JSERR Error: Expected this.unit to be non-null. @ fs://game/base-standard/ui/unit-flags/unit-flags.js:348 
[2026-10-06 16:43:01]	[CDH] JSERR Error: Expected this.unit to be non-null. @ fs://game/base-standard/ui/unit-flags/unit-flags.js:348 
[2026-10-06 16:43:01]	[CDH] JSERR Error: Expected this.unit to be non-null. @ fs://game/base-standard/ui/unit-flags/unit-flags.js:348 
[2026-10-06 16:43:04]	[CDH] OBS T2: age=AGE_ANTIQUITY turn=138 ownerChanges=15 missionaries=0 moved=0 idleWithMoves=0 gone=0 flipsNearMissionary=0 (district 0) onFlipped=0 jsErrors=18 amAuto=absent 
[2026-10-06 16:43:04]	[CDH] INV T2: claims=26 stale=0 localInner=1 district=0 center=0 pending=11 bytes=13001 
[2026-10-06 16:43:04]	[CDH] JSERR Error: Expected this.unit to be non-null. @ fs://game/base-standard/ui/unit-flags/unit-flags.js:348 
[2026-10-06 16:43:04]	[CDH] JSERR Error: Expected this.unit to be non-null. @ fs://game/base-standard/ui/unit-flags/unit-flags.js:348 
[2026-10-06 16:43:04]	[CDH] JSERR Error: Expected this.unit to be non-null. @ fs://game/base-standard/ui/unit-flags/unit-flags.js:348 
[2026-10-06 16:43:04]	[CDH] JSERR Error: Expected this.unit to be non-null. @ fs://game/base-standard/ui/unit-flags/unit-flags.js:348 
[2026-10-06 16:43:07]	[CulturalDiffusion] notify: (93,40) unowned -> player 0 
[2026-10-06 16:43:07]	[CulturalDiffusion] pending 93,40 claim confirmed on the live map 
[2026-10-06 16:43:07]	[CulturalDiffusion] notify: (84,30) player 18 -> player 0 
[2026-10-06 16:43:07]	[CulturalDiffusion] pending 84,30 claim confirmed on the live map 
[2026-10-06 16:43:07]	[CulturalDiffusion] notify: (90,41) unowned -> player 0 
[2026-10-06 16:43:07]	[CulturalDiffusion] pending 90,41 claim confirmed on the live map 
[2026-10-06 16:43:07]	[CulturalDiffusion] notify: (88,27) unowned -> player 0 
[2026-10-06 16:43:07]	[CulturalDiffusion] pending 88,27 claim confirmed on the live map 
[2026-10-06 16:43:07]	[CulturalDiffusion] notify: (87,27) unowned -> player 0 
[2026-10-06 16:43:07]	[CulturalDiffusion] pending 87,27 claim confirmed on the live map 
[2026-10-06 16:43:07]	[CulturalDiffusion] notify: (88,25) unowned -> player 0 
[2026-10-06 16:43:07]	[CulturalDiffusion] pending 88,25 claim confirmed on the live map 
[2026-10-06 16:43:07]	[CulturalDiffusion] notify: (80,33) unowned -> player 0 
[2026-10-06 16:43:07]	[CulturalDiffusion] pending 80,33 claim confirmed on the live map 
[2026-10-06 16:43:07]	[CulturalDiffusion] notify: (93,42) unowned -> player 0 
[2026-10-06 16:43:07]	[CulturalDiffusion] pending 93,42 claim confirmed on the live map 
[2026-10-06 16:43:07]	[CulturalDiffusion] notify: (86,43) unowned -> player 4 
[2026-10-06 16:43:07]	[CulturalDiffusion] pending 86,43 claim confirmed on the live map 
[2026-10-06 16:43:07]	[CulturalDiffusion] notify: (83,15) unowned -> player 3 
[2026-10-06 16:43:07]	[CulturalDiffusion] pending 83,15 claim confirmed on the live map 
[2026-10-06 16:43:07]	[CulturalDiffusion] notify: (82,13) unowned -> player 3 
[2026-10-06 16:43:07]	[CulturalDiffusion] pending 82,13 claim confirmed on the live map 
[2026-10-06 16:43:07]	[CulturalDiffusion] inject 92,32 civ=0 culture=38.5 vitality=55.06 strength=64.51 stock=885.33 cap=129021.34 
[2026-10-06 16:43:07]	[CulturalDiffusion] inject 87,32 civ=0 culture=13 vitality=35.35 strength=27.28 stock=278.5 cap=54551.42 
[2026-10-06 16:43:07]	[CulturalDiffusion] inject 90,37 civ=0 culture=1 vitality=19.9 strength=4.21 stock=76.01 cap=8421.8 
[2026-10-06 16:43:07]	[CulturalDiffusion] inject 84,35 civ=0 culture=1 vitality=23.4 strength=4.46 stock=60.08 cap=8913.17 
[2026-10-06 16:43:07]	[CulturalDiffusion] inject 93,26 civ=0 culture=5 vitality=23.75 strength=12.75 stock=139.96 cap=25504.65 
[2026-10-06 16:43:07]	[CulturalDiffusion] inject 86,20 civ=0 culture=1.2 vitality=12.19 strength=4 stock=57.39 cap=7999.66 
[2026-10-06 16:43:07]	[CulturalDiffusion] inject 82,23 civ=3 culture=5 vitality=17.85 strength=7.19 stock=727.61 cap=14371.23 
[2026-10-06 16:43:07]	[CulturalDiffusion] inject 81,18 civ=3 culture=8 vitality=28.95 strength=11.55 stock=125.63 cap=23103.38 
[2026-10-06 16:43:07]	[CulturalDiffusion] inject 80,31 civ=3 culture=3 vitality=13.85 strength=4.72 stock=148.08 cap=9434.66 
[2026-10-06 16:43:07]	[CulturalDiffusion] frontier city=65536 ring=4 best=3254.32 bar=300 over=4/23 center=885.33 
[2026-10-06 16:43:07]	[CulturalDiffusion] frontier city=196609 ring=4 best=3254.32 bar=300 over=13/24 center=278.5 
[2026-10-06 16:43:07]	[CulturalDiffusion] frontier city=262146 ring=4 best=3254.32 bar=300 over=10/24 center=76.01 
[2026-10-06 16:43:07]	[CulturalDiffusion] frontier city=327683 ring=4 best=3254.32 bar=300 over=9/24 center=60.08 
[2026-10-06 16:43:07]	[CulturalDiffusion] frontier city=393220 ring=4 best=3254.32 bar=300 over=5/19 center=139.96 
[2026-10-06 16:43:07]	[CulturalDiffusion] frontier city=458757 ring=4 best=78.1 bar=300 over=0/24 center=57.39 
[2026-10-06 16:43:07]	[CulturalDiffusion] flip 92,42 -> player 0 via purchasePlot sent; pending confirmation next pass (was owner -1) 
[2026-10-06 16:43:07]	[CulturalDiffusion] flip 91,42 -> player 0 via purchasePlot sent; pending confirmation next pass (was owner -1) 
[2026-10-06 16:43:07]	[CulturalDiffusion] flip 93,41 -> player 0 via purchasePlot sent; pending confirmation next pass (was owner -1) 
[2026-10-06 16:43:07]	[CulturalDiffusion] flip 87,41 -> player 0 via purchasePlot sent; pending confirmation next pass (was owner -1) 
[2026-10-06 16:43:07]	[CulturalDiffusion] flip 84,16 -> player 3 via purchasePlot sent; pending confirmation next pass (was owner -1) 
[2026-10-06 16:43:07]	[CulturalDiffusion] state bytes=13380 field=397 claims=37 locked=37 passMs=56 
[2026-10-06 16:43:07]	[CulturalDiffusion] pass: 0 flip(s), 4 pending, 0 ceded (0 pending), 0 AI flip(s) (1 pending), 0 conquest(s) (0 pending), confirmed 11 claim/0 cede (0 dropped), 0 orphan(s) healed, 0 inner tile(s) released to base game, 397 active field tile(s) 
[2026-10-06 16:43:07]	[CulturalDiffusion] pass (turn 139): flips=0 field tiles=139 
[2026-10-06 16:43:08]	[CDH] JSERR Error: Expected this.unit to be non-null. @ fs://game/base-standard/ui/unit-flags/unit-flags.js:348 
[2026-10-06 16:43:10]	[CDH] JSERR Error: Expected this.unit to be non-null. @ fs://game/base-standard/ui/unit-flags/unit-flags.js:348 
[2026-10-06 16:43:12]	[CDH] JSERR Error: Expected this.unit to be non-null. @ fs://game/base-standard/ui/unit-flags/unit-flags.js:348 
[2026-10-06 16:43:12]	[CDH] JSERR Error: Expected this.unit to be non-null. @ fs://game/base-standard/ui/unit-flags/unit-flags.js:348 
[2026-10-06 16:43:12]	[CDH] JSERR Error: Expected this.unit to be non-null. @ fs://game/base-standard/ui/unit-flags/unit-flags.js:348 
[2026-10-06 16:43:13]	[CDH] JSERR Error: Expected this.unit to be non-null. @ fs://game/base-standard/ui/unit-flags/unit-flags.js:348 
[2026-10-06 16:43:14]	[CDH] JSERR Error: Expected this.unit to be non-null. @ fs://game/base-standard/ui/unit-flags/unit-flags.js:348 
[2026-10-06 16:43:18]	[CulturalDiffusion] notify: (92,42) unowned -> player 0 
[2026-10-06 16:43:18]	[CulturalDiffusion] pending 92,42 claim confirmed on the live map 
[2026-10-06 16:43:18]	[CulturalDiffusion] notify: (91,42) unowned -> player 0 
[2026-10-06 16:43:18]	[CulturalDiffusion] pending 91,42 claim confirmed on the live map 
[2026-10-06 16:43:18]	[CulturalDiffusion] notify: (93,41) unowned -> player 0 
[2026-10-06 16:43:18]	[CulturalDiffusion] pending 93,41 claim confirmed on the live map 
[2026-10-06 16:43:18]	[CulturalDiffusion] notify: (87,41) unowned -> player 0 
[2026-10-06 16:43:18]	[CulturalDiffusion] pending 87,41 claim confirmed on the live map 
[2026-10-06 16:43:18]	[CulturalDiffusion] notify: (84,16) unowned -> player 3 
[2026-10-06 16:43:18]	[CulturalDiffusion] pending 84,16 claim confirmed on the live map 
[2026-10-06 16:43:18]	[CulturalDiffusion] inject 92,32 civ=0 culture=38.5 vitality=55.06 strength=64.23 stock=1590.21 cap=128453.33 
[2026-10-06 16:43:18]	[CulturalDiffusion] inject 87,32 civ=0 culture=13 vitality=35.35 strength=27.16 stock=449.09 cap=54311.26 
[2026-10-06 16:43:18]	[CulturalDiffusion] inject 90,37 civ=0 culture=1 vitality=20.25 strength=4.22 stock=138.8 cap=8436.05 
[2026-10-06 16:43:18]	[CulturalDiffusion] inject 84,35 civ=0 culture=1 vitality=23.4 strength=4.44 stock=79.39 cap=8873.93 
[2026-10-06 16:43:18]	[CulturalDiffusion] inject 93,26 civ=0 culture=5 vitality=23.75 strength=12.7 stock=200.14 cap=25392.37 
[2026-10-06 16:43:18]	[CulturalDiffusion] inject 86,20 civ=0 culture=1.2 vitality=12.19 strength=3.98 stock=76.76 cap=7964.44 
[2026-10-06 16:43:18]	[CulturalDiffusion] inject 82,23 civ=3 culture=5 vitality=20.65 strength=7.64 stock=1123.94 cap=15279.43 
[2026-10-06 16:43:18]	[CulturalDiffusion] inject 81,18 civ=3 culture=8 vitality=31.75 strength=12.05 stock=180.67 cap=24108.69 
[2026-10-06 16:43:18]	[CulturalDiffusion] inject 80,31 civ=3 culture=4 vitality=14.85 strength=5.89 stock=225.21 cap=11776.01 
[2026-10-06 16:43:18]	[CulturalDiffusion] frontier city=65536 ring=4 best=3090.6 bar=300 over=5/23 center=1590.21 
[2026-10-06 16:43:18]	[CulturalDiffusion] frontier city=196609 ring=4 best=3090.6 bar=300 over=14/24 center=449.09 
[2026-10-06 16:43:18]	[CulturalDiffusion] frontier city=262146 ring=4 best=3090.6 bar=300 over=10/24 center=138.8 
[2026-10-06 16:43:18]	[CulturalDiffusion] frontier city=327683 ring=4 best=3090.6 bar=300 over=10/24 center=79.39 
[2026-10-06 16:43:18]	[CulturalDiffusion] frontier city=393220 ring=4 best=3090.6 bar=300 over=5/19 center=200.14 
[2026-10-06 16:43:18]	[CulturalDiffusion] frontier city=458757 ring=4 best=147.87 bar=300 over=0/24 center=76.76 
[2026-10-06 16:43:18]	[CulturalDiffusion] state bytes=14433 field=400 claims=42 locked=42 passMs=28 
[2026-10-06 16:43:18]	[CulturalDiffusion] pass: 0 flip(s), 0 pending, 0 ceded (0 pending), 0 AI flip(s) (0 pending), 0 conquest(s) (0 pending), confirmed 5 claim/0 cede (0 dropped), 0 orphan(s) healed, 0 inner tile(s) released to base game, 400 active field tile(s) 
[2026-10-06 16:43:18]	[CulturalDiffusion] pass (turn 140): flips=0 field tiles=144 
[2026-10-06 16:43:19]	[CDH] TURN k=3 turn=140 age=AGE_ANTIQUITY blocker=NEW_POPULATION 
[2026-10-06 16:43:28]	[CDH] OBS T3: age=AGE_ANTIQUITY turn=140 ownerChanges=0 missionaries=0 moved=0 idleWithMoves=0 gone=0 flipsNearMissionary=0 (district 0) onFlipped=0 jsErrors=29 amAuto=absent 
[2026-10-06 16:43:28]	[CDH] INV T3: claims=42 stale=0 localInner=1 district=0 center=0 pending=0 bytes=14418 
[2026-10-06 16:43:36]	[CDH] JSERR Error: Expected this.unit to be non-null. @ fs://game/base-standard/ui/unit-flags/unit-flags.js:348 
[2026-10-06 16:43:37]	[CDH] JSERR Error: Expected this.unit to be non-null. @ fs://game/base-standard/ui/unit-flags/unit-flags.js:348 
[2026-10-06 16:43:37]	[CDH] JSERR Error: Expected this.unit to be non-null. @ fs://game/base-standard/ui/unit-flags/unit-flags.js:348 
[2026-10-06 16:43:38]	[CDH] JSERR Error: Expected this.unit to be non-null. @ fs://game/base-standard/ui/unit-flags/unit-flags.js:348 
[2026-10-06 16:43:39]	[CDH] JSERR Error: Expected this.unit to be non-null. @ fs://game/base-standard/ui/unit-flags/unit-flags.js:348 
[2026-10-06 16:43:39]	[CDH] JSERR Error: Expected this.unit to be non-null. @ fs://game/base-standard/ui/unit-flags/unit-flags.js:348 
[2026-10-06 16:43:39]	[CDH] JSERR Error: Expected this.unit to be non-null. @ fs://game/base-standard/ui/unit-flags/unit-flags.js:348 
[2026-10-06 16:43:40]	[CDH] JSERR Error: Expected this.unit to be non-null. @ fs://game/base-standard/ui/unit-flags/unit-flags.js:348 
[2026-10-06 16:43:42]	[CulturalDiffusion] inject 92,32 civ=0 culture=38.5 vitality=55.06 strength=63.84 stock=2505.7 cap=127683.57 
[2026-10-06 16:43:42]	[CulturalDiffusion] inject 87,32 civ=0 culture=13 vitality=35.35 strength=26.99 stock=657.18 cap=53985.8 
[2026-10-06 16:43:42]	[CulturalDiffusion] inject 90,37 civ=0 culture=1 vitality=20.25 strength=4.19 stock=221.49 cap=8385.5 
[2026-10-06 16:43:42]	[CulturalDiffusion] inject 84,35 civ=0 culture=1 vitality=23.4 strength=4.41 stock=99.64 cap=8820.75 
[2026-10-06 16:43:42]	[CulturalDiffusion] inject 93,26 civ=0 culture=5 vitality=23.75 strength=12.62 stock=268.28 cap=25240.2 
[2026-10-06 16:43:42]	[CulturalDiffusion] inject 86,20 civ=0 culture=0 vitality=12.1 strength=0 stock=73.39 cap=0 
[2026-10-06 16:43:42]	[CulturalDiffusion] inject 82,23 civ=3 culture=5 vitality=20.65 strength=5.64 stock=1500.17 cap=11279.18 
[2026-10-06 16:43:42]	[CulturalDiffusion] inject 81,18 civ=3 culture=8 vitality=31.75 strength=8.9 stock=226.96 cap=17796.88 
[2026-10-06 16:43:42]	[CulturalDiffusion] inject 80,31 civ=3 culture=4 vitality=16.3 strength=4.49 stock=326.15 cap=8981.1 
[2026-10-06 16:43:42]	[CulturalDiffusion] frontier city=65536 ring=4 best=2935.07 bar=300 over=5/23 center=2505.7 
[2026-10-06 16:43:42]	[CulturalDiffusion] frontier city=196609 ring=4 best=2935.07 bar=300 over=15/24 center=657.18 
[2026-10-06 16:43:42]	[CulturalDiffusion] frontier city=262146 ring=4 best=2935.07 bar=300 over=10/24 center=221.49 
[2026-10-06 16:43:42]	[CulturalDiffusion] frontier city=327683 ring=4 best=2935.07 bar=300 over=11/24 center=99.64 
[2026-10-06 16:43:42]	[CulturalDiffusion] frontier city=393220 ring=4 best=2935.07 bar=300 over=7/19 center=268.28 
[2026-10-06 16:43:42]	[CulturalDiffusion] frontier city=458757 ring=4 best=230.43 bar=300 over=0/24 center=73.39 
[2026-10-06 16:43:42]	[CulturalDiffusion] flip 90,24 -> player 0 via purchasePlot sent; pending confirmation next pass (was owner -1) 
[2026-10-06 16:43:42]	[CulturalDiffusion] state bytes=14536 field=403 claims=42 locked=42 passMs=25 
[2026-10-06 16:43:42]	[CulturalDiffusion] pass: 0 flip(s), 1 pending, 0 ceded (0 pending), 0 AI flip(s) (0 pending), 0 conquest(s) (0 pending), confirmed 0 claim/0 cede (0 dropped), 0 orphan(s) healed, 0 inner tile(s) released to base game, 403 active field tile(s) 
[2026-10-06 16:43:42]	[CulturalDiffusion] pass (turn 141): flips=0 field tiles=146 
[2026-10-06 16:43:44]	[CDH] TURN k=4 turn=141 age=AGE_ANTIQUITY blocker=NEW_POPULATION 
[2026-10-06 16:43:53]	[CDH] OBS T4: age=AGE_ANTIQUITY turn=141 ownerChanges=1 missionaries=0 moved=0 idleWithMoves=0 gone=0 flipsNearMissionary=0 (district 0) onFlipped=0 jsErrors=37 amAuto=absent 
[2026-10-06 16:43:53]	[CDH] INV T4: claims=42 stale=0 localInner=1 district=0 center=0 pending=1 bytes=14521 
[2026-10-06 16:43:57]	[CDH] JSERR Error: Expected this.unit to be non-null. @ fs://game/base-standard/ui/unit-flags/unit-flags.js:348 
[2026-10-06 16:43:58]	[CDH] JSERR Error: Expected this.unit to be non-null. @ fs://game/base-standard/ui/unit-flags/unit-flags.js:348 
[2026-10-06 16:43:58]	[CDH] JSERR Error: Expected this.unit to be non-null. @ fs://game/base-standard/ui/unit-flags/unit-flags.js:348 
[2026-10-06 16:43:58]	[CDH] JSERR Error: Expected this.unit to be non-null. @ fs://game/base-standard/ui/unit-flags/unit-flags.js:348 
[2026-10-06 16:43:59]	[CDH] JSERR Error: Expected this.unit to be non-null. @ fs://game/base-standard/ui/unit-flags/unit-flags.js:348 
[2026-10-06 16:43:59]	[CDH] JSERR Error: Expected this.unit to be non-null. @ fs://game/base-standard/ui/unit-flags/unit-flags.js:348 
[2026-10-06 16:44:04]	[CulturalDiffusion] notify: (90,24) unowned -> player 0 
[2026-10-06 16:44:04]	[CulturalDiffusion] pending 90,24 claim confirmed on the live map 
[2026-10-06 16:44:04]	[CulturalDiffusion] inject 92,32 civ=0 culture=38.5 vitality=55.06 strength=63.93 stock=3628.91 cap=127869.03 
[2026-10-06 16:44:04]	[CulturalDiffusion] inject 87,32 civ=0 culture=13 vitality=35.35 strength=27.03 stock=901.71 cap=54064.21 
[2026-10-06 16:44:04]	[CulturalDiffusion] inject 90,37 civ=0 culture=1 vitality=20.25 strength=4.2 stock=325.51 cap=8397.68 
[2026-10-06 16:44:04]	[CulturalDiffusion] inject 84,35 civ=0 culture=1 vitality=23.4 strength=4.42 stock=120.74 cap=8833.56 
[2026-10-06 16:44:04]	[CulturalDiffusion] inject 93,26 civ=0 culture=5 vitality=22.35 strength=12.37 stock=342.35 cap=24745.03 
[2026-10-06 16:44:04]	[CulturalDiffusion] inject 86,20 civ=0 culture=0 vitality=9.52 strength=0 stock=70.09 cap=0 
[2026-10-06 16:44:04]	[CulturalDiffusion] inject 82,23 civ=3 culture=5 vitality=20.65 strength=5.65 stock=1518.96 cap=11306.38 
[2026-10-06 16:44:04]	[CulturalDiffusion] inject 81,18 civ=3 culture=8 vitality=32.75 strength=9.02 stock=277.23 cap=18034.48 
[2026-10-06 16:44:04]	[CulturalDiffusion] inject 80,31 civ=3 culture=5 vitality=17.75 strength=5.36 stock=457.74 cap=10723.12 
[2026-10-06 16:44:04]	[CulturalDiffusion] frontier city=65536 ring=4 best=2787.32 bar=300 over=5/23 center=3628.91 
[2026-10-06 16:44:04]	[CulturalDiffusion] frontier city=196609 ring=4 best=2787.32 bar=300 over=15/24 center=901.71 
[2026-10-06 16:44:04]	[CulturalDiffusion] frontier city=262146 ring=4 best=2787.32 bar=300 over=11/24 center=325.51 
[2026-10-06 16:44:04]	[CulturalDiffusion] frontier city=327683 ring=4 best=2787.32 bar=300 over=11/24 center=120.74 
[2026-10-06 16:44:04]	[CulturalDiffusion] frontier city=393220 ring=4 best=2787.32 bar=300 over=7/19 center=342.35 
[2026-10-06 16:44:04]	[CulturalDiffusion] frontier city=458757 ring=4 best=296.7 bar=300 over=0/24 center=70.09 
[2026-10-06 16:44:04]	[CulturalDiffusion] flip 87,25 -> player 0 via purchasePlot sent; pending confirmation next pass (was owner -1) 
[2026-10-06 16:44:04]	[CulturalDiffusion] state bytes=14953 field=408 claims=43 locked=43 passMs=25 
[2026-10-06 16:44:04]	[CulturalDiffusion] pass: 0 flip(s), 1 pending, 0 ceded (0 pending), 0 AI flip(s) (0 pending), 0 conquest(s) (0 pending), confirmed 1 claim/0 cede (0 dropped), 0 orphan(s) healed, 0 inner tile(s) released to base game, 408 active field tile(s) 
[2026-10-06 16:44:04]	[CulturalDiffusion] pass (turn 142): flips=0 field tiles=149 
[2026-10-06 16:44:06]	[CDH] TURN k=5 turn=142 age=AGE_ANTIQUITY blocker=NEW_POPULATION 
[2026-10-06 16:44:15]	[CDH] OBS T5: age=AGE_ANTIQUITY turn=142 ownerChanges=1 missionaries=0 moved=0 idleWithMoves=0 gone=0 flipsNearMissionary=0 (district 0) onFlipped=0 jsErrors=43 amAuto=absent 
[2026-10-06 16:44:15]	[CDH] INV T5: claims=43 stale=0 localInner=1 district=0 center=0 pending=1 bytes=14938 
[2026-10-06 16:44:15]	[CDH] SEED T5: 400 frontier tiles seeded, state bytes=18462 
[2026-10-06 16:44:17]	[CDH] JSERR Error: Expected this.unit to be non-null. @ fs://game/base-standard/ui/unit-flags/unit-flags.js:348 
[2026-10-06 16:44:18]	[CDH] JSERR Error: Expected this.unit to be non-null. @ fs://game/base-standard/ui/unit-flags/unit-flags.js:348 
[2026-10-06 16:44:18]	[CDH] JSERR Error: Expected this.unit to be non-null. @ fs://game/base-standard/ui/unit-flags/unit-flags.js:348 
[2026-10-06 16:44:18]	[CDH] JSERR Error: Expected this.unit to be non-null. @ fs://game/base-standard/ui/unit-flags/unit-flags.js:348 
[2026-10-06 16:44:19]	[CDH] JSERR Error: Expected this.unit to be non-null. @ fs://game/base-standard/ui/unit-flags/unit-flags.js:348 
[2026-10-06 16:44:22]	[CDH] JSERR Error: Expected this.unit to be non-null. @ fs://game/base-standard/ui/unit-flags/unit-flags.js:348 
[2026-10-06 16:44:25]	[CDH] TURN k=6 turn=143 age=AGE_ANTIQUITY blocker=NEW_POPULATION 
[2026-10-06 16:44:25]	[CulturalDiffusion] notify: (87,25) unowned -> player 0 
[2026-10-06 16:44:25]	[CulturalDiffusion] pending 87,25 claim confirmed on the live map 
[2026-10-06 16:44:25]	[CulturalDiffusion] inject 92,32 civ=0 culture=38.5 vitality=55.06 strength=62.3 stock=4910 cap=124601.3 
[2026-10-06 16:44:25]	[CulturalDiffusion] inject 87,32 civ=0 culture=13 vitality=37.25 strength=26.83 stock=1177.64 cap=53656.82 
[2026-10-06 16:44:25]	[CulturalDiffusion] inject 90,37 civ=0 culture=1 vitality=20.25 strength=4.09 stock=409.46 cap=8183.07 
[2026-10-06 16:44:25]	[CulturalDiffusion] inject 84,35 civ=0 culture=1 vitality=23.4 strength=4.3 stock=142.02 cap=8607.82 
[2026-10-06 16:44:25]	[CulturalDiffusion] inject 93,26 civ=0 culture=5 vitality=22.35 strength=12.06 stock=420.63 cap=24112.67 
[2026-10-06 16:44:25]	[CulturalDiffusion] inject 86,20 civ=0 culture=0 vitality=8.76 strength=0 stock=71.29 cap=0 
[2026-10-06 16:44:25]	[CulturalDiffusion] inject 82,23 civ=3 culture=5 vitality=20.65 strength=5.64 stock=1537.13 cap=11277.57 
[2026-10-06 16:44:25]	[CulturalDiffusion] inject 81,18 civ=3 culture=8 vitality=32.75 strength=8.99 stock=330.37 cap=17988.52 
[2026-10-06 16:44:25]	[CulturalDiffusion] inject 80,31 civ=3 culture=5 vitality=18.75 strength=5.45 stock=494.15 cap=10902.95 
[2026-10-06 16:44:25]	[CulturalDiffusion] frontier city=65536 ring=4 best=2646.95 bar=300 over=7/23 center=4910 
[2026-10-06 16:44:25]	[CulturalDiffusion] frontier city=196609 ring=4 best=3799 bar=300 over=17/24 center=1177.64 
[2026-10-06 16:44:25]	[CulturalDiffusion] frontier city=262146 ring=4 best=3799 bar=300 over=11/24 center=409.46 
[2026-10-06 16:44:25]	[CulturalDiffusion] frontier city=327683 ring=4 best=3799 bar=300 over=16/24 center=142.02 
[2026-10-06 16:44:25]	[CulturalDiffusion] frontier city=393220 ring=4 best=2646.95 bar=300 over=7/19 center=420.63 
[2026-10-06 16:44:25]	[CulturalDiffusion] frontier city=458757 ring=4 best=281.77 bar=300 over=0/24 center=71.29 
[2026-10-06 16:44:25]	[CulturalDiffusion] flip 86,39 -> player 0 via purchasePlot sent; pending confirmation next pass (was owner -1) 
[2026-10-06 16:44:25]	[CulturalDiffusion] flip 88,26 -> player 0 via purchasePlot sent; pending confirmation next pass (was owner -1) 
[2026-10-06 16:44:25]	[CulturalDiffusion] flip 84,28 -> player 0 via purchasePlot sent; pending confirmation next pass (was owner -1) 
[2026-10-06 16:44:25]	[CulturalDiffusion] flip 87,40 -> player 0 via purchasePlot sent; pending confirmation next pass (was owner -1) 
[2026-10-06 16:44:25]	[CulturalDiffusion] flip 87,26 -> player 0 via purchasePlot sent; pending confirmation next pass (was owner -1) 
[2026-10-06 16:44:25]	[CulturalDiffusion] flip 91,43 -> player 0 via purchasePlot sent; pending confirmation next pass (was owner -1) 
[2026-10-06 16:44:25]	[CulturalDiffusion] flip 90,43 -> player 0 via purchasePlot sent; pending confirmation next pass (was owner 33) 
[2026-10-06 16:44:25]	[CulturalDiffusion] flip 87,42 -> player 0 via purchasePlot sent; pending confirmation next pass (was owner -1) 
[2026-10-06 16:44:25]	[CulturalDiffusion] flip 86,42 -> player 4 via purchasePlot sent; pending confirmation next pass (was owner -1) 
[2026-10-06 16:44:25]	[CulturalDiffusion] state bytes=14983 field=418 claims=44 locked=44 passMs=35 
[2026-10-06 16:44:25]	[CulturalDiffusion] pass: 0 flip(s), 8 pending, 0 ceded (0 pending), 0 AI flip(s) (1 pending), 0 conquest(s) (0 pending), confirmed 1 claim/0 cede (0 dropped), 0 orphan(s) healed, 0 inner tile(s) released to base game, 418 active field tile(s) 
[2026-10-06 16:44:25]	[CulturalDiffusion] pass (turn 143): flips=0 field tiles=130 
[2026-10-06 16:44:27]	[CulturalDiffusion] flip 90,43 with teardown: torn=2 cleared=true buy=purchasePlot landed=true rebuilt=true restored=false improvement=IMPROVEMENT_CAMP 
[2026-10-06 16:44:34]	[CDH] OBS T6: age=AGE_ANTIQUITY turn=143 ownerChanges=9 missionaries=0 moved=0 idleWithMoves=0 gone=0 flipsNearMissionary=0 (district 0) onFlipped=0 jsErrors=49 amAuto=absent 
[2026-10-06 16:44:34]	[CDH] INV T6: claims=44 stale=0 localInner=1 district=0 center=0 pending=9 bytes=14968 
[2026-10-06 16:44:37]	[CDH] JSERR Error: Expected this.unit to be non-null. @ fs://game/base-standard/ui/unit-flags/unit-flags.js:348 
[2026-10-06 16:44:37]	[CDH] JSERR Error: Expected this.unit to be non-null. @ fs://game/base-standard/ui/unit-flags/unit-flags.js:348 
[2026-10-06 16:44:39]	[CDH] JSERR Error: Expected this.unit to be non-null. @ fs://game/base-standard/ui/unit-flags/unit-flags.js:348 
[2026-10-06 16:44:40]	[CDH] JSERR Error: Expected this.unit to be non-null. @ fs://game/base-standard/ui/unit-flags/unit-flags.js:348 
[2026-10-06 16:44:40]	[CDH] JSERR Error: Expected this.unit to be non-null. @ fs://game/base-standard/ui/unit-flags/unit-flags.js:348 
[2026-10-06 16:44:46]	[CulturalDiffusion] notify: (86,39) unowned -> player 0 
[2026-10-06 16:44:46]	[CulturalDiffusion] pending 86,39 claim confirmed on the live map 
[2026-10-06 16:44:46]	[CulturalDiffusion] notify: (88,26) unowned -> player 0 
[2026-10-06 16:44:46]	[CulturalDiffusion] pending 88,26 claim confirmed on the live map 
[2026-10-06 16:44:46]	[CulturalDiffusion] notify: (84,28) unowned -> player 0 
[2026-10-06 16:44:46]	[CulturalDiffusion] pending 84,28 claim confirmed on the live map 
[2026-10-06 16:44:46]	[CulturalDiffusion] notify: (87,40) unowned -> player 0 
[2026-10-06 16:44:46]	[CulturalDiffusion] pending 87,40 claim confirmed on the live map 
[2026-10-06 16:44:46]	[CulturalDiffusion] notify: (87,26) unowned -> player 0 
[2026-10-06 16:44:46]	[CulturalDiffusion] pending 87,26 claim confirmed on the live map 
[2026-10-06 16:44:46]	[CulturalDiffusion] notify: (91,43) unowned -> player 0 
[2026-10-06 16:44:46]	[CulturalDiffusion] pending 91,43 claim confirmed on the live map 
[2026-10-06 16:44:46]	[CulturalDiffusion] notify: (90,43) player 33 -> player 0 
[2026-10-06 16:44:46]	[CulturalDiffusion] pending 90,43 claim confirmed on the live map 
[2026-10-06 16:44:46]	[CulturalDiffusion] notify: (87,42) unowned -> player 0 
[2026-10-06 16:44:46]	[CulturalDiffusion] pending 87,42 claim confirmed on the live map 
[2026-10-06 16:44:46]	[CulturalDiffusion] notify: (86,42) unowned -> player 4 
[2026-10-06 16:44:46]	[CulturalDiffusion] pending 86,42 claim confirmed on the live map 
[2026-10-06 16:44:46]	[CulturalDiffusion] inject 92,32 civ=0 culture=38.5 vitality=55.06 strength=62.33 stock=6365.06 cap=124661.27 
[2026-10-06 16:44:46]	[CulturalDiffusion] inject 87,32 civ=0 culture=13 vitality=37.25 strength=26.84 stock=1484.5 cap=53682.65 
[2026-10-06 16:44:46]	[CulturalDiffusion] inject 90,37 civ=0 culture=1 vitality=21.95 strength=4.21 stock=430.99 cap=8421.29 
[2026-10-06 16:44:46]	[CulturalDiffusion] inject 84,35 civ=0 culture=1 vitality=23.4 strength=4.31 stock=163.79 cap=8611.96 
[2026-10-06 16:44:46]	[CulturalDiffusion] inject 93,26 civ=0 culture=5 vitality=22.35 strength=12.06 stock=504.41 cap=24124.27 
[2026-10-06 16:44:46]	[CulturalDiffusion] inject 86,20 civ=0 culture=0 vitality=8 strength=0 stock=75.84 cap=0 
[2026-10-06 16:44:46]	[CulturalDiffusion] inject 82,23 civ=3 culture=5 vitality=20.65 strength=5.64 stock=1554.95 cap=11284.82 
[2026-10-06 16:44:46]	[CulturalDiffusion] inject 81,18 civ=3 culture=8 vitality=32.75 strength=9 stock=386.21 cap=18000.09 
[2026-10-06 16:44:46]	[CulturalDiffusion] inject 80,31 civ=3 culture=5 vitality=20.55 strength=5.63 stock=533.08 cap=11265.67 
[2026-10-06 16:44:46]	[CulturalDiffusion] inject 79,39 civ=5 culture=0 vitality=2.67 strength=0 stock=1 cap=0 
[2026-10-06 16:44:46]	[CulturalDiffusion] frontier city=65536 ring=4 best=2513.6 bar=300 over=8/23 center=6365.06 
[2026-10-06 16:44:46]	[CulturalDiffusion] frontier city=196609 ring=4 best=3608.05 bar=300 over=17/24 center=1484.5 
[2026-10-06 16:44:46]	[CulturalDiffusion] frontier city=262146 ring=4 best=3608.05 bar=300 over=12/24 center=430.99 
[2026-10-06 16:44:46]	[CulturalDiffusion] frontier city=327683 ring=4 best=3608.05 bar=300 over=17/24 center=163.79 
[2026-10-06 16:44:46]	[CulturalDiffusion] frontier city=393220 ring=4 best=2513.6 bar=300 over=6/19 center=504.41 
[2026-10-06 16:44:46]	[CulturalDiffusion] frontier city=458757 ring=4 best=373.18 bar=300 over=1/24 center=75.84 
[2026-10-06 16:44:46]	[CulturalDiffusion] flip 88,24 -> player 0 via purchasePlot sent; pending confirmation next pass (was owner -1) 
[2026-10-06 16:44:46]	[CulturalDiffusion] flip 85,39 -> player 0 via purchasePlot sent; pending confirmation next pass (was owner -1) 
[2026-10-06 16:44:46]	[CulturalDiffusion] flip 81,36 -> player 0 via purchasePlot sent; pending confirmation next pass (was owner -1) 
[2026-10-06 16:44:46]	[CulturalDiffusion] flip 86,25 -> player 0 via purchasePlot sent; pending confirmation next pass (was owner -1) 
[2026-10-06 16:44:46]	[CulturalDiffusion] flip 86,41 -> player 0 via purchasePlot sent; pending confirmation next pass (was owner -1) 
[2026-10-06 16:44:46]	[CulturalDiffusion] flip 85,41 -> player 4 via purchasePlot sent; pending confirmation next pass (was owner -1) 
[2026-10-06 16:44:46]	[CulturalDiffusion] flip 85,16 -> player 3 via purchasePlot sent; pending confirmation next pass (was owner -1) 
[2026-10-06 16:44:46]	[CulturalDiffusion] state bytes=16654 field=432 claims=53 locked=53 passMs=34 
[2026-10-06 16:44:46]	[CulturalDiffusion] pass: 0 flip(s), 5 pending, 0 ceded (0 pending), 0 AI flip(s) (2 pending), 0 conquest(s) (0 pending), confirmed 9 claim/0 cede (0 dropped), 0 orphan(s) healed, 0 inner tile(s) released to base game, 432 active field tile(s) 
[2026-10-06 16:44:46]	[CulturalDiffusion] pass (turn 144): flips=0 field tiles=156 
[2026-10-06 16:44:47]	[CDH] TURN k=7 turn=144 age=AGE_ANTIQUITY blocker=NEW_POPULATION 
[2026-10-06 16:44:56]	[CDH] OBS T7: age=AGE_ANTIQUITY turn=144 ownerChanges=7 missionaries=0 moved=0 idleWithMoves=0 gone=0 flipsNearMissionary=0 (district 0) onFlipped=0 jsErrors=54 amAuto=absent 
[2026-10-06 16:44:56]	[CDH] INV T7: claims=53 stale=0 localInner=1 district=0 center=0 pending=7 bytes=16639 
[2026-10-06 16:45:05]	[CDH] JSERR Error: Expected this.unit to be non-null. @ fs://game/base-standard/ui/unit-flags/unit-flags.js:348 
[2026-10-06 16:45:08]	[CDH] JSERR Error: Expected this.unit to be non-null. @ fs://game/base-standard/ui/unit-flags/unit-flags.js:348 
[2026-10-06 16:45:10]	[CDH] JSERR Error: Expected this.unit to be non-null. @ fs://game/base-standard/ui/unit-flags/unit-flags.js:348 
[2026-10-06 16:45:12]	[CDH] JSERR Error: Expected this.unit to be non-null. @ fs://game/base-standard/ui/unit-flags/unit-flags.js:348 
[2026-10-06 16:45:13]	[CDH] JSERR Error: Expected this.unit to be non-null. @ fs://game/base-standard/ui/unit-flags/unit-flags.js:348 
[2026-10-06 16:45:13]	[CDH] JSERR Error: Expected this.unit to be non-null. @ fs://game/base-standard/ui/unit-flags/unit-flags.js:348 
[2026-10-06 16:45:14]	[CDH] JSERR Error: Expected this.unit to be non-null. @ fs://game/base-standard/ui/unit-flags/unit-flags.js:348 
[2026-10-06 16:45:14]	[CDH] JSERR Error: Expected this.unit to be non-null. @ fs://game/base-standard/ui/unit-flags/unit-flags.js:348 
[2026-10-06 16:45:14]	[CDH] JSERR Error: Expected this.unit to be non-null. @ fs://game/base-standard/ui/unit-flags/unit-flags.js:348 
[2026-10-06 16:45:14]	[CDH] JSERR Error: Expected this.unit to be non-null. @ fs://game/base-standard/ui/unit-flags/unit-flags.js:348 
[2026-10-06 16:45:14]	[CDH] JSERR Error: Expected this.unit to be non-null. @ fs://game/base-standard/ui/unit-flags/unit-flags.js:348 
[2026-10-06 16:45:14]	[CDH] JSERR Error: Expected this.unit to be non-null. @ fs://game/base-standard/ui/unit-flags/unit-flags.js:348 
[2026-10-06 16:45:14]	[CDH] JSERR Error: Expected this.unit to be non-null. @ fs://game/base-standard/ui/unit-flags/unit-flags.js:348 
[2026-10-06 16:45:15]	[CDH] JSERR Error: Expected this.unit to be non-null. @ fs://game/base-standard/ui/unit-flags/unit-flags.js:348 
[2026-10-06 16:45:15]	[CDH] JSERR Error: Expected this.unit to be non-null. @ fs://game/base-standard/ui/unit-flags/unit-flags.js:348 
[2026-10-06 16:45:16]	[CDH] JSERR Error: Expected this.unit to be non-null. @ fs://game/base-standard/ui/unit-flags/unit-flags.js:348 
[2026-10-06 16:45:17]	[CDH] TURN k=8 turn=145 age=AGE_ANTIQUITY blocker=NEW_POPULATION 
[2026-10-06 16:45:17]	[CulturalDiffusion] notify: (88,24) unowned -> player 0 
[2026-10-06 16:45:17]	[CulturalDiffusion] pending 88,24 claim confirmed on the live map 
[2026-10-06 16:45:17]	[CulturalDiffusion] notify: (85,39) unowned -> player 0 
[2026-10-06 16:45:17]	[CulturalDiffusion] pending 85,39 claim confirmed on the live map 
[2026-10-06 16:45:17]	[CulturalDiffusion] notify: (81,36) unowned -> player 0 
[2026-10-06 16:45:17]	[CulturalDiffusion] pending 81,36 claim confirmed on the live map 
[2026-10-06 16:45:17]	[CulturalDiffusion] notify: (86,25) unowned -> player 0 
[2026-10-06 16:45:17]	[CulturalDiffusion] pending 86,25 claim confirmed on the live map 
[2026-10-06 16:45:17]	[CulturalDiffusion] notify: (86,41) unowned -> player 0 
[2026-10-06 16:45:17]	[CulturalDiffusion] pending 86,41 claim confirmed on the live map 
[2026-10-06 16:45:17]	[CulturalDiffusion] notify: (85,41) unowned -> player 4 
[2026-10-06 16:45:17]	[CulturalDiffusion] pending 85,41 claim confirmed on the live map 
[2026-10-06 16:45:17]	[CulturalDiffusion] notify: (85,16) unowned -> player 3 
[2026-10-06 16:45:17]	[CulturalDiffusion] pending 85,16 claim confirmed on the live map 
[2026-10-06 16:45:17]	[CulturalDiffusion] inject 92,32 civ=0 culture=38.5 vitality=55.06 strength=62.26 stock=7979.64 cap=124522.92 
[2026-10-06 16:45:17]	[CulturalDiffusion] inject 87,32 civ=0 culture=13 vitality=42.9 strength=28.17 stock=1839.64 cap=56340.09 
[2026-10-06 16:45:17]	[CulturalDiffusion] inject 90,37 civ=0 culture=1 vitality=21.95 strength=4.21 stock=505.9 cap=8411.94 
[2026-10-06 16:45:17]	[CulturalDiffusion] inject 84,35 civ=0 culture=1 vitality=23.4 strength=4.3 stock=185.92 cap=8602.4 
[2026-10-06 16:45:17]	[CulturalDiffusion] inject 93,26 civ=0 culture=5 vitality=22.35 strength=12.05 stock=593 cap=24097.5 
[2026-10-06 16:45:17]	[CulturalDiffusion] inject 86,20 civ=0 culture=0 vitality=7.24 strength=0 stock=79.71 cap=0 
[2026-10-06 16:45:17]	[CulturalDiffusion] inject 82,23 civ=3 culture=5 vitality=20.65 strength=5.62 stock=1572.05 cap=11242.83 
[2026-10-06 16:45:17]	[CulturalDiffusion] inject 81,18 civ=3 culture=8 vitality=32.75 strength=8.97 stock=444.14 cap=17933.11 
[2026-10-06 16:45:17]	[CulturalDiffusion] inject 80,31 civ=3 culture=5 vitality=20.55 strength=5.61 stock=572.71 cap=11223.74 
[2026-10-06 16:45:17]	[CulturalDiffusion] inject 79,39 civ=5 culture=1 vitality=4.7 strength=1.77 stock=10.69 cap=3549.21 
[2026-10-06 16:45:17]	[CulturalDiffusion] frontier city=65536 ring=4 best=2386.92 bar=300 over=7/23 center=7979.64 
[2026-10-06 16:45:17]	[CulturalDiffusion] frontier city=196609 ring=4 best=3426.65 bar=300 over=17/24 center=1839.64 
[2026-10-06 16:45:17]	[CulturalDiffusion] frontier city=262146 ring=4 best=3426.65 bar=300 over=13/24 center=505.9 
[2026-10-06 16:45:17]	[CulturalDiffusion] frontier city=327683 ring=4 best=3426.65 bar=300 over=16/24 center=185.92 
[2026-10-06 16:45:17]	[CulturalDiffusion] frontier city=393220 ring=4 best=2386.92 bar=300 over=6/19 center=593 
[2026-10-06 16:45:17]	[CulturalDiffusion] frontier city=458757 ring=4 best=364.7 bar=300 over=1/24 center=79.71 
[2026-10-06 16:45:17]	[CulturalDiffusion] flip 81,37 -> player 0 via purchasePlot sent; pending confirmation next pass (was owner -1) 
[2026-10-06 16:45:17]	[CulturalDiffusion] flip 85,40 -> player 4 via purchasePlot sent; pending confirmation next pass (was owner -1) 
[2026-10-06 16:45:17]	[CulturalDiffusion] state bytes=17730 field=434 claims=60 locked=60 passMs=33 
[2026-10-06 16:45:17]	[CulturalDiffusion] pass: 0 flip(s), 1 pending, 0 ceded (0 pending), 0 AI flip(s) (1 pending), 0 conquest(s) (0 pending), confirmed 7 claim/0 cede (0 dropped), 0 orphan(s) healed, 0 inner tile(s) released to base game, 434 active field tile(s) 
[2026-10-06 16:45:17]	[CulturalDiffusion] pass (turn 145): flips=0 field tiles=156 
[2026-10-06 16:45:26]	[CDH] OBS T8: age=AGE_ANTIQUITY turn=145 ownerChanges=2 missionaries=0 moved=0 idleWithMoves=0 gone=0 flipsNearMissionary=0 (district 0) onFlipped=0 jsErrors=70 amAuto=absent 
[2026-10-06 16:45:26]	[CDH] INV T8: claims=60 stale=0 localInner=1 district=0 center=0 pending=2 bytes=17715 
[2026-10-06 16:45:32]	[CDH] JSERR Error: Expected this.unit to be non-null. @ fs://game/base-standard/ui/unit-flags/unit-flags.js:348 
[2026-10-06 16:45:32]	[CDH] JSERR Error: Expected this.unit to be non-null. @ fs://game/base-standard/ui/unit-flags/unit-flags.js:348 
[2026-10-06 16:45:34]	[CDH] JSERR Error: Expected this.unit to be non-null. @ fs://game/base-standard/ui/unit-flags/unit-flags.js:348 
[2026-10-06 16:45:35]	[CDH] JSERR Error: Expected this.unit to be non-null. @ fs://game/base-standard/ui/unit-flags/unit-flags.js:348 
[2026-10-06 16:45:35]	[CDH] JSERR Error: Expected this.unit to be non-null. @ fs://game/base-standard/ui/unit-flags/unit-flags.js:348 
[2026-10-06 16:45:37]	[CDH] JSERR Error: Expected this.unit to be non-null. @ fs://game/base-standard/ui/unit-flags/unit-flags.js:348 
[2026-10-06 16:45:39]	[CDH] JSERR Error: Expected this.unit to be non-null. @ fs://game/base-standard/ui/unit-flags/unit-flags.js:348 
[2026-10-06 16:45:39]	[CDH] JSERR Error: Expected this.unit to be non-null. @ fs://game/base-standard/ui/unit-flags/unit-flags.js:348 
[2026-10-06 16:45:39]	[CDH] JSERR Error: Expected this.unit to be non-null. @ fs://game/base-standard/ui/unit-flags/unit-flags.js:348 
[2026-10-06 16:45:41]	[CDH] JSERR Error: Expected this.unit to be non-null. @ fs://game/base-standard/ui/unit-flags/unit-flags.js:348 
[2026-10-06 16:45:41]	[CDH] JSERR Error: Expected this.unit to be non-null. @ fs://game/base-standard/ui/unit-flags/unit-flags.js:348 
[2026-10-06 16:45:41]	[CDH] JSERR Error: Expected this.unit to be non-null. @ fs://game/base-standard/ui/unit-flags/unit-flags.js:348 
[2026-10-06 16:45:41]	[CDH] JSERR Error: Expected this.unit to be non-null. @ fs://game/base-standard/ui/unit-flags/unit-flags.js:348 
[2026-10-06 16:45:42]	[CDH] JSERR Error: Expected this.unit to be non-null. @ fs://game/base-standard/ui/unit-flags/unit-flags.js:348 
[2026-10-06 16:45:42]	[CDH] JSERR Error: Expected this.unit to be non-null. @ fs://game/base-standard/ui/unit-flags/unit-flags.js:348 
[2026-10-06 16:45:42]	[CDH] JSERR Error: Expected this.unit to be non-null. @ fs://game/base-standard/ui/unit-flags/unit-flags.js:348 
[2026-10-06 16:45:42]	[CDH] JSERR Error: Expected this.unit to be non-null. @ fs://game/base-standard/ui/unit-flags/unit-flags.js:348 
[2026-10-06 16:45:44]	[CDH] TURN k=9 turn=146 age=AGE_ANTIQUITY blocker=NEW_POPULATION 
[2026-10-06 16:45:44]	[CulturalDiffusion] notify: (81,37) unowned -> player 0 
[2026-10-06 16:45:44]	[CulturalDiffusion] pending 81,37 claim confirmed on the live map 
[2026-10-06 16:45:44]	[CulturalDiffusion] notify: (85,40) unowned -> player 4 
[2026-10-06 16:45:44]	[CulturalDiffusion] pending 85,40 claim confirmed on the live map 
[2026-10-06 16:45:44]	[CulturalDiffusion] inject 92,32 civ=0 culture=38.5 vitality=55.06 strength=61.79 stock=9727.43 cap=123581.68 
[2026-10-06 16:45:44]	[CulturalDiffusion] inject 87,32 civ=0 culture=13 vitality=42.9 strength=27.96 stock=2221.07 cap=55914.23 
[2026-10-06 16:45:44]	[CulturalDiffusion] inject 90,37 civ=0 culture=1 vitality=21.95 strength=4.17 stock=525.96 cap=8348.36 
[2026-10-06 16:45:44]	[CulturalDiffusion] inject 84,35 civ=0 culture=1 vitality=23.4 strength=4.27 stock=208.17 cap=8537.38 
[2026-10-06 16:45:44]	[CulturalDiffusion] inject 93,26 civ=0 culture=5 vitality=22.35 strength=11.96 stock=685.12 cap=23915.35 
[2026-10-06 16:45:44]	[CulturalDiffusion] inject 86,20 civ=0 culture=0 vitality=14.46 strength=0 stock=82.95 cap=0 
[2026-10-06 16:45:44]	[CulturalDiffusion] inject 82,23 civ=3 culture=5 vitality=20.65 strength=5.61 stock=1588.65 cap=11226.53 
[2026-10-06 16:45:44]	[CulturalDiffusion] inject 81,18 civ=3 culture=8 vitality=33.1 strength=8.99 stock=504.29 cap=17973.86 
[2026-10-06 16:45:44]	[CulturalDiffusion] inject 80,31 civ=3 culture=5 vitality=20.55 strength=5.6 stock=612.81 cap=11207.47 
[2026-10-06 16:45:44]	[CulturalDiffusion] inject 79,39 civ=5 culture=1 vitality=7.7 strength=2.31 stock=22.07 cap=4615.6 
[2026-10-06 16:45:44]	[CulturalDiffusion] frontier city=65536 ring=4 best=2266.58 bar=300 over=7/23 center=9727.43 
[2026-10-06 16:45:44]	[CulturalDiffusion] frontier city=196609 ring=4 best=4236.12 bar=300 over=17/24 center=2221.07 
[2026-10-06 16:45:44]	[CulturalDiffusion] frontier city=262146 ring=4 best=3254.32 bar=300 over=12/24 center=525.96 
[2026-10-06 16:45:44]	[CulturalDiffusion] frontier city=327683 ring=4 best=3254.32 bar=300 over=16/24 center=208.17 
[2026-10-06 16:45:44]	[CulturalDiffusion] frontier city=393220 ring=4 best=2266.58 bar=300 over=7/19 center=685.12 
[2026-10-06 16:45:44]	[CulturalDiffusion] frontier city=458757 ring=4 best=346.37 bar=300 over=1/24 center=82.95 
[2026-10-06 16:45:44]	[CulturalDiffusion] flip 84,40 -> player 4 via purchasePlot sent; pending confirmation next pass (was owner -1) 
[2026-10-06 16:45:44]	[CulturalDiffusion] state bytes=17491 field=434 claims=62 locked=62 passMs=32 
[2026-10-06 16:45:44]	[CulturalDiffusion] pass: 0 flip(s), 0 pending, 0 ceded (0 pending), 0 AI flip(s) (1 pending), 0 conquest(s) (0 pending), confirmed 2 claim/0 cede (0 dropped), 0 orphan(s) healed, 0 inner tile(s) released to base game, 434 active field tile(s) 
[2026-10-06 16:45:44]	[CulturalDiffusion] pass (turn 146): flips=0 field tiles=157 
[2026-10-06 16:45:53]	[CDH] OBS T9: age=AGE_ANTIQUITY turn=146 ownerChanges=1 missionaries=0 moved=0 idleWithMoves=0 gone=0 flipsNearMissionary=0 (district 0) onFlipped=0 jsErrors=87 amAuto=absent 
[2026-10-06 16:45:53]	[CDH] INV T9: claims=62 stale=0 localInner=1 district=0 center=0 pending=1 bytes=17476 
[2026-10-06 16:46:00]	[CDH] JSERR Error: Expected this.unit to be non-null. @ fs://game/base-standard/ui/unit-flags/unit-flags.js:348 
[2026-10-06 16:46:00]	[CDH] JSERR Error: Expected this.unit to be non-null. @ fs://game/base-standard/ui/unit-flags/unit-flags.js:348 
[2026-10-06 16:46:00]	[CDH] JSERR Error: Expected this.unit to be non-null. @ fs://game/base-standard/ui/unit-flags/unit-flags.js:348 
[2026-10-06 16:46:00]	[CDH] JSERR Error: Expected this.unit to be non-null. @ fs://game/base-standard/ui/unit-flags/unit-flags.js:348 
[2026-10-06 16:46:03]	[CDH] JSERR Error: Expected this.unit to be non-null. @ fs://game/base-standard/ui/unit-flags/unit-flags.js:348 
[2026-10-06 16:46:05]	[CDH] JSERR Error: Expected this.unit to be non-null. @ fs://game/base-standard/ui/unit-flags/unit-flags.js:348 
[2026-10-06 16:46:05]	[CDH] JSERR Error: Expected this.unit to be non-null. @ fs://game/base-standard/ui/unit-flags/unit-flags.js:348 
[2026-10-06 16:46:06]	[CDH] JSERR Error: Expected this.unit to be non-null. @ fs://game/base-standard/ui/unit-flags/unit-flags.js:348 
[2026-10-06 16:46:07]	[CDH] JSERR Error: Expected this.unit to be non-null. @ fs://game/base-standard/ui/unit-flags/unit-flags.js:348 
[2026-10-06 16:46:08]	[CDH] JSERR Error: Expected this.unit to be non-null. @ fs://game/base-standard/ui/unit-flags/unit-flags.js:348 
[2026-10-06 16:46:08]	[CDH] JSERR Error: Expected this.unit to be non-null. @ fs://game/base-standard/ui/unit-flags/unit-flags.js:348 
[2026-10-06 16:46:08]	[CDH] JSERR Error: Expected this.unit to be non-null. @ fs://game/base-standard/ui/unit-flags/unit-flags.js:348 
[2026-10-06 16:46:08]	[CDH] JSERR Error: Expected this.unit to be non-null. @ fs://game/base-standard/ui/unit-flags/unit-flags.js:348 
[2026-10-06 16:46:08]	[CDH] JSERR Error: Expected this.unit to be non-null. @ fs://game/base-standard/ui/unit-flags/unit-flags.js:348 
[2026-10-06 16:46:08]	[CDH] JSERR Error: Expected this.unit to be non-null. @ fs://game/base-standard/ui/unit-flags/unit-flags.js:348 
[2026-10-06 16:46:08]	[CDH] JSERR Error: Expected this.unit to be non-null. @ fs://game/base-standard/ui/unit-flags/unit-flags.js:348 
[2026-10-06 16:46:11]	[CulturalDiffusion] notify: (84,40) unowned -> player 4 
[2026-10-06 16:46:11]	[CulturalDiffusion] pending 84,40 claim confirmed on the live map 
[2026-10-06 16:46:11]	[CulturalDiffusion] inject 92,32 civ=0 culture=38.5 vitality=54.45 strength=61.77 stock=11609.56 cap=123539.81 
[2026-10-06 16:46:11]	[CulturalDiffusion] inject 87,32 civ=0 culture=13 vitality=42.9 strength=28.06 stock=2631.15 cap=56115.32 
[2026-10-06 16:46:11]	[CulturalDiffusion] inject 90,37 civ=0 culture=1 vitality=21.95 strength=4.19 stock=545.88 cap=8378.38 
[2026-10-06 16:46:11]	[CulturalDiffusion] inject 84,35 civ=0 culture=1 vitality=23.4 strength=4.28 stock=230.7 cap=8568.08 
[2026-10-06 16:46:11]	[CulturalDiffusion] inject 93,26 civ=0 culture=5 vitality=22.35 strength=12 stock=781.52 cap=24001.36 
[2026-10-06 16:46:11]	[CulturalDiffusion] inject 86,20 civ=0 culture=0 vitality=13.05 strength=0 stock=85.61 cap=0 
[2026-10-06 16:46:11]	[CulturalDiffusion] inject 82,23 civ=3 culture=5 vitality=20.65 strength=5.61 stock=1604.89 cap=11229.71 
[2026-10-06 16:46:11]	[CulturalDiffusion] inject 81,18 civ=3 culture=8 vitality=33.1 strength=8.99 stock=566.26 cap=17978.95 
[2026-10-06 16:46:11]	[CulturalDiffusion] inject 80,31 civ=3 culture=5 vitality=20.55 strength=5.61 stock=652.31 cap=11210.65 
[2026-10-06 16:46:11]	[CulturalDiffusion] inject 79,39 civ=5 culture=1 vitality=9.25 strength=2.46 stock=34.46 cap=4929.23 
[2026-10-06 16:46:11]	[CulturalDiffusion] frontier city=65536 ring=4 best=2152.25 bar=300 over=7/23 center=11609.56 
[2026-10-06 16:46:11]	[CulturalDiffusion] frontier city=196609 ring=4 best=5599.96 bar=300 over=17/24 center=2631.15 
[2026-10-06 16:46:11]	[CulturalDiffusion] frontier city=262146 ring=4 best=3090.6 bar=300 over=12/24 center=545.88 
[2026-10-06 16:46:11]	[CulturalDiffusion] frontier city=327683 ring=4 best=3090.6 bar=300 over=16/24 center=230.7 
[2026-10-06 16:46:11]	[CulturalDiffusion] frontier city=393220 ring=4 best=2152.25 bar=300 over=8/19 center=781.52 
[2026-10-06 16:46:11]	[CulturalDiffusion] frontier city=458757 ring=4 best=328.96 bar=300 over=1/24 center=85.61 
[2026-10-06 16:46:11]	[CulturalDiffusion] flip 80,34 -> player 0 via purchasePlot sent; pending confirmation next pass (was owner -1) 
[2026-10-06 16:46:11]	[CulturalDiffusion] flip 83,40 -> player 4 via purchasePlot sent; pending confirmation next pass (was owner -1) 
[2026-10-06 16:46:11]	[CulturalDiffusion] state bytes=18446 field=436 claims=63 locked=63 passMs=32 
[2026-10-06 16:46:11]	[CulturalDiffusion] pass: 0 flip(s), 1 pending, 0 ceded (0 pending), 0 AI flip(s) (1 pending), 0 conquest(s) (0 pending), confirmed 1 claim/0 cede (0 dropped), 0 orphan(s) healed, 0 inner tile(s) released to base game, 436 active field tile(s) 
[2026-10-06 16:46:11]	[CulturalDiffusion] pass (turn 147): flips=0 field tiles=158 
[2026-10-06 16:46:12]	[CDH] TURN k=10 turn=147 age=AGE_ANTIQUITY blocker=NEW_POPULATION 
[2026-10-06 16:46:21]	[CDH] OBS T10: age=AGE_ANTIQUITY turn=147 ownerChanges=2 missionaries=0 moved=0 idleWithMoves=0 gone=0 flipsNearMissionary=0 (district 0) onFlipped=0 jsErrors=103 amAuto=absent 
[2026-10-06 16:46:21]	[CDH] INV T10: claims=63 stale=0 localInner=1 district=0 center=0 pending=2 bytes=18431 
[2026-10-06 16:46:21]	[CDH] SEED T10: 400 frontier tiles seeded, state bytes=21980 
[2026-10-06 16:47:42]	[CDH] ENDTURN stuck on turn 147 blocker=NEW_POPULATION: one Autoplay turn 
[2026-10-06 16:47:43]	[CulturalDiffusion] capture: city 524293 now player 3's (from 0); culture transferred on 28 of 28 tile(s) 
[2026-10-06 16:47:45]	[CDH] JSERR Error: Expected this.unit to be non-null. @ fs://game/base-standard/ui/unit-flags/unit-flags.js:348 
[2026-10-06 16:47:48]	[CDH] JSREJ Timeout 5000ms exceeded for waitUntilValue on . 
[2026-10-06 16:47:48]	[CDH] JSREJ Timeout 5000ms exceeded for waitUntilValue on . 
[2026-10-06 16:47:49]	[CDH] JSERR Error: Expected this.unit to be non-null. @ fs://game/base-standard/ui/unit-flags/unit-flags.js:348 
[2026-10-06 16:47:49]	[CDH] JSERR Error: Expected this.unit to be non-null. @ fs://game/base-standard/ui/unit-flags/unit-flags.js:348 
[2026-10-06 16:47:52]	[CDH] JSERR Error: Expected this.unit to be non-null. @ fs://game/base-standard/ui/unit-flags/unit-flags.js:348 
[2026-10-06 16:47:52]	[CDH] JSERR Error: Expected this.unit to be non-null. @ fs://game/base-standard/ui/unit-flags/unit-flags.js:348 
[2026-10-06 16:47:52]	[CDH] JSERR Error: Expected this.unit to be non-null. @ fs://game/base-standard/ui/unit-flags/unit-flags.js:348 
[2026-10-06 16:47:52]	[CDH] JSERR Error: Expected this.unit to be non-null. @ fs://game/base-standard/ui/unit-flags/unit-flags.js:348 
[2026-10-06 16:47:52]	[CDH] JSERR Error: Expected this.unit to be non-null. @ fs://game/base-standard/ui/unit-flags/unit-flags.js:348 
[2026-10-06 16:47:52]	[CDH] JSERR Error: Expected this.unit to be non-null. @ fs://game/base-standard/ui/unit-flags/unit-flags.js:348 
[2026-10-06 16:47:52]	[CDH] JSERR Error: Expected this.unit to be non-null. @ fs://game/base-standard/ui/unit-flags/unit-flags.js:348 
[2026-10-06 16:47:53]	[CDH] JSERR Error: Expected this.unit to be non-null. @ fs://game/base-standard/ui/unit-flags/unit-flags.js:348 
[2026-10-06 16:47:56]	[CDH] TURN k=11 turn=148 age=AGE_ANTIQUITY blocker=NONE 
[2026-10-06 16:47:56]	[CulturalDiffusion] pending 80,34 claim NOT APPLIED on the live map - dropped 
[2026-10-06 16:47:56]	[CulturalDiffusion] notify: (83,40) unowned -> player 4 
[2026-10-06 16:47:56]	[CulturalDiffusion] pending 83,40 claim confirmed on the live map 
[2026-10-06 16:47:56]	[CulturalDiffusion] inject 92,32 civ=0 culture=39.6 vitality=63.63 strength=79.24 stock=14344.91 cap=158484.58 
[2026-10-06 16:47:56]	[CulturalDiffusion] inject 87,32 civ=0 culture=13 vitality=33.57 strength=30.72 stock=3118.79 cap=61430.77 
[2026-10-06 16:47:56]	[CulturalDiffusion] inject 90,37 civ=0 culture=1 vitality=23 strength=5.08 stock=573.54 cap=10158.32 
[2026-10-06 16:47:56]	[CulturalDiffusion] inject 93,26 civ=0 culture=5 vitality=30.83 strength=16.02 stock=924.9 cap=32040.15 
[2026-10-06 16:47:56]	[CulturalDiffusion] inject 86,20 civ=0 culture=0 vitality=13.83 strength=0 stock=89.93 cap=0 
[2026-10-06 16:47:56]	[CulturalDiffusion] inject 82,23 civ=3 culture=5 vitality=23.65 strength=5.92 stock=1625.46 cap=11835.25 
[2026-10-06 16:47:56]	[CulturalDiffusion] inject 81,18 civ=3 culture=8 vitality=33.1 strength=9.03 stock=630.21 cap=18069.85 
[2026-10-06 16:47:56]	[CulturalDiffusion] inject 80,31 civ=3 culture=5 vitality=20.55 strength=5.63 stock=691.45 cap=11267.32 
[2026-10-06 16:47:56]	[CulturalDiffusion] inject 84,35 civ=3 culture=3 vitality=25.6 strength=4.37 stock=116.63 cap=8730.1 
[2026-10-06 16:47:56]	[CulturalDiffusion] frontier city=65536 ring=4 best=2043.64 bar=300 over=9/23 center=14344.91 
[2026-10-06 16:47:56]	[CulturalDiffusion] frontier city=196609 ring=4 best=7201.98 bar=300 over=18/24 center=3118.79 
[2026-10-06 16:47:56]	[CulturalDiffusion] frontier city=262146 ring=4 best=3799 bar=300 over=14/24 center=573.54 
[2026-10-06 16:47:56]	[CulturalDiffusion] frontier city=393220 ring=4 best=2043.64 bar=300 over=8/19 center=924.9 
[2026-10-06 16:47:56]	[CulturalDiffusion] frontier city=458757 ring=4 best=312.41 bar=300 over=1/24 center=89.93 
[2026-10-06 16:47:56]	[CulturalDiffusion] flip 86,37 -> player 0 via purchasePlot sent; pending confirmation next pass (was owner 3) 
[2026-10-06 16:47:56]	[CulturalDiffusion] flip 83,32 -> player 0 via purchasePlot sent; pending confirmation next pass (was owner 3) 
[2026-10-06 16:47:56]	[CulturalDiffusion] flip 83,31 -> player 0 via purchasePlot sent; pending confirmation next pass (was owner 3) 
[2026-10-06 16:47:56]	[CulturalDiffusion] flip 83,33 -> player 0 via purchasePlot sent; pending confirmation next pass (was owner 3) 
[2026-10-06 16:47:56]	[CulturalDiffusion] flip 83,30 -> player 0 via purchasePlot sent; pending confirmation next pass (was owner 3) 
[2026-10-06 16:47:56]	[CulturalDiffusion] flip 86,38 -> player 0 via purchasePlot sent; pending confirmation next pass (was owner -1) 
[2026-10-06 16:47:56]	[CulturalDiffusion] flip 86,40 -> player 0 via purchasePlot sent; pending confirmation next pass (was owner -1) 
[2026-10-06 16:47:56]	[CulturalDiffusion] flip 87,43 -> player 0 via purchasePlot sent; pending confirmation next pass (was owner -1) 
[2026-10-06 16:47:56]	[CulturalDiffusion] flip 85,20 -> player 3 via purchasePlot sent; pending confirmation next pass (was owner 0) 
[2026-10-06 16:47:56]	[CulturalDiffusion] flip 85,18 -> player 3 via purchasePlot sent; pending confirmation next pass (was owner 0) 
[2026-10-06 16:47:56]	[CulturalDiffusion] flip 84,17 -> player 3 via purchasePlot sent; pending confirmation next pass (was owner 0) 
[2026-10-06 16:47:56]	[CulturalDiffusion] flip 85,19 -> player 3 via purchasePlot sent; pending confirmation next pass (was owner 0) 
[2026-10-06 16:47:56]	[CulturalDiffusion] flip 85,17 -> player 3 via purchasePlot sent; pending confirmation next pass (was owner 0) 
[2026-10-06 16:47:56]	[CulturalDiffusion] state bytes=18184 field=412 claims=64 locked=64 passMs=46 
[2026-10-06 16:47:56]	[CulturalDiffusion] pass: 0 flip(s), 8 pending, 0 ceded (0 pending), 0 AI flip(s) (5 pending), 0 conquest(s) (0 pending), confirmed 1 claim/0 cede (1 dropped), 0 orphan(s) healed, 0 inner tile(s) released to base game, 412 active field tile(s) 
[2026-10-06 16:47:56]	[CulturalDiffusion] pass (turn 148): flips=0 field tiles=130 
[2026-10-06 16:47:58]	[CulturalDiffusion] flip 86,37 with teardown: torn=2 cleared=true buy=purchasePlot landed=true rebuilt=true restored=false improvement=IMPROVEMENT_FARM 
[2026-10-06 16:47:58]	[CulturalDiffusion] flip 83,32 with teardown: torn=2 cleared=true buy=purchasePlot landed=true rebuilt=true restored=false improvement=IMPROVEMENT_WOODCUTTER_RESOURCE 
[2026-10-06 16:47:58]	[CulturalDiffusion] flip 83,31 with teardown: torn=2 cleared=true buy=purchasePlot landed=true rebuilt=true restored=false improvement=IMPROVEMENT_FARM 
[2026-10-06 16:47:58]	[CulturalDiffusion] flip 85,18 with teardown: torn=2 cleared=true buy=purchasePlot landed=true rebuilt=true restored=false improvement=IMPROVEMENT_BARAY 
[2026-10-06 16:48:05]	[CDH] OBS T11: age=AGE_ANTIQUITY turn=148 ownerChanges=13 missionaries=0 moved=0 idleWithMoves=0 gone=0 flipsNearMissionary=0 (district 0) onFlipped=0 jsErrors=116 amAuto=absent 
[2026-10-06 16:48:05]	[CDH] INV T11: claims=64 stale=6 localInner=1 district=0 center=0 pending=13 bytes=18169 
[2026-10-06 16:48:12]	[CDH] JSERR Error: Expected this.unit to be non-null. @ fs://game/base-standard/ui/unit-flags/unit-flags.js:348 
[2026-10-06 16:48:12]	[CDH] JSERR Error: Expected this.unit to be non-null. @ fs://game/base-standard/ui/unit-flags/unit-flags.js:348 
[2026-10-06 16:48:12]	[CDH] JSERR Error: Expected this.unit to be non-null. @ fs://game/base-standard/ui/unit-flags/unit-flags.js:348 
[2026-10-06 16:48:12]	[CDH] JSERR Error: Expected this.unit to be non-null. @ fs://game/base-standard/ui/unit-flags/unit-flags.js:348 
[2026-10-06 16:48:12]	[CDH] JSERR Error: Expected this.unit to be non-null. @ fs://game/base-standard/ui/unit-flags/unit-flags.js:348 
[2026-10-06 16:48:15]	[CDH] JSERR Error: Expected this.unit to be non-null. @ fs://game/base-standard/ui/unit-flags/unit-flags.js:348 
[2026-10-06 16:48:19]	[CDH] JSERR Error: Expected this.unit to be non-null. @ fs://game/base-standard/ui/unit-flags/unit-flags.js:348 
[2026-10-06 16:48:19]	[CDH] JSERR Error: Expected this.unit to be non-null. @ fs://game/base-standard/ui/unit-flags/unit-flags.js:348 
[2026-10-06 16:48:22]	[CulturalDiffusion] notify: (86,37) player 3 -> player 0 
[2026-10-06 16:48:22]	[CulturalDiffusion] pending 86,37 claim confirmed on the live map 
[2026-10-06 16:48:22]	[CulturalDiffusion] notify: (83,32) player 3 -> player 0 
[2026-10-06 16:48:22]	[CulturalDiffusion] pending 83,32 claim confirmed on the live map 
[2026-10-06 16:48:22]	[CulturalDiffusion] notify: (83,31) player 3 -> player 0 
[2026-10-06 16:48:22]	[CulturalDiffusion] pending 83,31 claim confirmed on the live map 
[2026-10-06 16:48:22]	[CulturalDiffusion] notify: (83,33) player 3 -> player 0 
[2026-10-06 16:48:22]	[CulturalDiffusion] pending 83,33 claim confirmed on the live map 
[2026-10-06 16:48:22]	[CulturalDiffusion] notify: (83,30) player 3 -> player 0 
[2026-10-06 16:48:22]	[CulturalDiffusion] pending 83,30 claim confirmed on the live map 
[2026-10-06 16:48:22]	[CulturalDiffusion] notify: (86,38) unowned -> player 0 
[2026-10-06 16:48:22]	[CulturalDiffusion] pending 86,38 claim confirmed on the live map 
[2026-10-06 16:48:22]	[CulturalDiffusion] notify: (86,40) unowned -> player 0 
[2026-10-06 16:48:22]	[CulturalDiffusion] pending 86,40 claim confirmed on the live map 
[2026-10-06 16:48:22]	[CulturalDiffusion] notify: (87,43) unowned -> player 0 
[2026-10-06 16:48:22]	[CulturalDiffusion] pending 87,43 claim confirmed on the live map 
[2026-10-06 16:48:22]	[CulturalDiffusion] notify: (85,20) player 0 -> player 3 
[2026-10-06 16:48:22]	[CulturalDiffusion] pending 85,20 claim confirmed on the live map 
[2026-10-06 16:48:22]	[CulturalDiffusion] notify: (85,18) player 0 -> player 3 
[2026-10-06 16:48:22]	[CulturalDiffusion] pending 85,18 claim confirmed on the live map 
[2026-10-06 16:48:22]	[CulturalDiffusion] notify: (84,17) player 0 -> player 3 
[2026-10-06 16:48:22]	[CulturalDiffusion] pending 84,17 claim confirmed on the live map 
[2026-10-06 16:48:22]	[CulturalDiffusion] notify: (85,19) player 0 -> player 3 
[2026-10-06 16:48:22]	[CulturalDiffusion] pending 85,19 claim confirmed on the live map 
[2026-10-06 16:48:22]	[CulturalDiffusion] notify: (85,17) player 0 -> player 3 
[2026-10-06 16:48:22]	[CulturalDiffusion] pending 85,17 claim confirmed on the live map 
[2026-10-06 16:48:22]	[CulturalDiffusion] inject 92,32 civ=0 culture=39.6 vitality=63.72 strength=80.48 stock=17369.67 cap=160951.12 
[2026-10-06 16:48:22]	[CulturalDiffusion] inject 87,32 civ=0 culture=14 vitality=36.96 strength=33.84 stock=3703.71 cap=67672.93 
[2026-10-06 16:48:22]	[CulturalDiffusion] inject 90,37 civ=0 culture=1 vitality=26.2 strength=5.4 stock=603.92 cap=10792.47 
[2026-10-06 16:48:22]	[CulturalDiffusion] inject 93,26 civ=0 culture=5 vitality=31.92 strength=16.46 stock=1081.53 cap=32920.15 
[2026-10-06 16:48:22]	[CulturalDiffusion] inject 86,20 civ=0 culture=0 vitality=9.55 strength=0 stock=93.55 cap=0 
[2026-10-06 16:48:22]	[CulturalDiffusion] inject 82,23 civ=3 culture=5 vitality=23.95 strength=10.64 stock=1719.37 cap=21285.61 
[2026-10-06 16:48:22]	[CulturalDiffusion] inject 81,18 civ=3 culture=8 vitality=35.4 strength=16.56 stock=768.74 cap=33125.18 
[2026-10-06 16:48:22]	[CulturalDiffusion] inject 80,31 civ=3 culture=4 vitality=17 strength=8.17 stock=757.05 cap=16330.32 
[2026-10-06 16:48:22]	[CulturalDiffusion] inject 84,35 civ=3 culture=3 vitality=25.05 strength=7.76 stock=153.22 cap=15513.51 
[2026-10-06 16:48:22]	[CulturalDiffusion] frontier city=65536 ring=4 best=1940.45 bar=300 over=9/23 center=17369.67 
[2026-10-06 16:48:22]	[CulturalDiffusion] frontier city=196609 ring=4 best=9170.21 bar=300 over=19/24 center=3703.71 
[2026-10-06 16:48:22]	[CulturalDiffusion] frontier city=262146 ring=4 best=3608.05 bar=300 over=14/24 center=603.92 
[2026-10-06 16:48:22]	[CulturalDiffusion] frontier city=393220 ring=4 best=1940.45 bar=300 over=8/19 center=1081.53 
[2026-10-06 16:48:22]	[CulturalDiffusion] frontier city=458757 ring=4 best=296.7 bar=300 over=0/24 center=93.55 
[2026-10-06 16:48:22]	[CulturalDiffusion] flip 86,36 -> player 0 via purchasePlot sent; pending confirmation next pass (was owner 3) 
[2026-10-06 16:48:22]	[CulturalDiffusion] flip 85,37 -> player 0 via purchasePlot sent; pending confirmation next pass (was owner 3) 
[2026-10-06 16:48:22]	[CulturalDiffusion] flip 82,32 -> player 0 via purchasePlot sent; pending confirmation next pass (was owner 3) 
[2026-10-06 16:48:22]	[CulturalDiffusion] flip 82,31 -> player 0 via purchasePlot sent; pending confirmation next pass (was owner 3) 
[2026-10-06 16:48:22]	[CulturalDiffusion] flip 82,33 -> player 0 via purchasePlot sent; pending confirmation next pass (was owner 3) 
[2026-10-06 16:48:22]	[CulturalDiffusion] flip 85,38 -> player 0 via purchasePlot sent; pending confirmation next pass (was owner -1) 
[2026-10-06 16:48:22]	[CulturalDiffusion] flip 86,18 -> player 3 via purchasePlot sent; pending confirmation next pass (was owner 0) 
[2026-10-06 16:48:22]	[CulturalDiffusion] flip 86,17 -> player 3 via purchasePlot sent; pending confirmation next pass (was owner 0) 
[2026-10-06 16:48:22]	[CulturalDiffusion] flip 86,16 -> player 3 via purchasePlot sent; pending confirmation next pass (was owner -1) 
[2026-10-06 16:48:22]	[CulturalDiffusion] state bytes=19266 field=412 claims=77 locked=77 passMs=65 
[2026-10-06 16:48:22]	[CulturalDiffusion] pass: 0 flip(s), 6 pending, 0 ceded (0 pending), 0 AI flip(s) (3 pending), 0 conquest(s) (0 pending), confirmed 13 claim/0 cede (0 dropped), 0 orphan(s) healed, 0 inner tile(s) released to base game, 412 active field tile(s) 
[2026-10-06 16:48:22]	[CulturalDiffusion] pass (turn 149): flips=0 field tiles=146 
[2026-10-06 16:48:24]	[CDH] TURN k=12 turn=149 age=AGE_ANTIQUITY blocker=CULTURE 
[2026-10-06 16:48:24]	[CulturalDiffusion] flip 85,37 with teardown: torn=2 cleared=true buy=purchasePlot landed=true rebuilt=true restored=false improvement=IMPROVEMENT_WOODCUTTER 
[2026-10-06 16:48:24]	[CulturalDiffusion] flip 82,32 with teardown: torn=2 cleared=true buy=purchasePlot landed=true rebuilt=true restored=false improvement=IMPROVEMENT_FARM 
[2026-10-06 16:48:24]	[CulturalDiffusion] flip 82,31 with teardown: torn=2 cleared=true buy=purchasePlot landed=true rebuilt=true restored=false improvement=IMPROVEMENT_FARM 
[2026-10-06 16:48:33]	[CDH] OBS T12: age=AGE_ANTIQUITY turn=149 ownerChanges=9 missionaries=0 moved=0 idleWithMoves=0 gone=0 flipsNearMissionary=0 (district 0) onFlipped=0 jsErrors=124 amAuto=absent 
[2026-10-06 16:48:33]	[CDH] INV T12: claims=77 stale=6 localInner=6 district=0 center=0 pending=9 bytes=19251 
[2026-10-06 16:48:36]	[CDH] JSERR Error: Expected this.unit to be non-null. @ fs://game/base-standard/ui/unit-flags/unit-flags.js:348 
[2026-10-06 16:48:37]	[CDH] JSERR Error: Expected this.unit to be non-null. @ fs://game/base-standard/ui/unit-flags/unit-flags.js:348 
[2026-10-06 16:48:38]	[CDH] JSERR Error: Expected this.unit to be non-null. @ fs://game/base-standard/ui/unit-flags/unit-flags.js:348 
[2026-10-06 16:48:38]	[CDH] JSERR Error: Expected this.unit to be non-null. @ fs://game/base-standard/ui/unit-flags/unit-flags.js:348 
[2026-10-06 16:48:38]	[CDH] JSERR Error: Expected this.unit to be non-null. @ fs://game/base-standard/ui/unit-flags/unit-flags.js:348 
[2026-10-06 16:48:39]	[CDH] JSERR Error: Expected this.unit to be non-null. @ fs://game/base-standard/ui/unit-flags/unit-flags.js:348 
[2026-10-06 16:48:39]	[CDH] JSERR Error: Expected this.unit to be non-null. @ fs://game/base-standard/ui/unit-flags/unit-flags.js:348 
[2026-10-06 16:48:40]	[CDH] JSERR Error: Expected this.unit to be non-null. @ fs://game/base-standard/ui/unit-flags/unit-flags.js:348 
[2026-10-06 16:48:41]	[CDH] JSERR Error: Expected this.unit to be non-null. @ fs://game/base-standard/ui/unit-flags/unit-flags.js:348 
[2026-10-06 16:48:43]	[CDH] JSERR Error: Expected this.unit to be non-null. @ fs://game/base-standard/ui/unit-flags/unit-flags.js:348 
[2026-10-06 16:48:43]	[CDH] JSERR Error: Expected this.unit to be non-null. @ fs://game/base-standard/ui/unit-flags/unit-flags.js:348 
[2026-10-06 16:48:44]	[CDH] JSERR Error: Expected this.unit to be non-null. @ fs://game/base-standard/ui/unit-flags/unit-flags.js:348 
[2026-10-06 16:48:44]	[CDH] JSERR Error: Expected this.unit to be non-null. @ fs://game/base-standard/ui/unit-flags/unit-flags.js:348 
[2026-10-06 16:48:45]	[CDH] JSERR Error: Expected this.unit to be non-null. @ fs://game/base-standard/ui/unit-flags/unit-flags.js:348 
[2026-10-06 16:48:47]	[CulturalDiffusion] notify: (86,36) player 3 -> player 0 
[2026-10-06 16:48:47]	[CulturalDiffusion] pending 86,36 claim confirmed on the live map 
[2026-10-06 16:48:47]	[CulturalDiffusion] notify: (85,37) player 3 -> player 0 
[2026-10-06 16:48:47]	[CulturalDiffusion] pending 85,37 claim confirmed on the live map 
[2026-10-06 16:48:47]	[CulturalDiffusion] notify: (82,32) player 3 -> player 0 
[2026-10-06 16:48:47]	[CulturalDiffusion] pending 82,32 claim confirmed on the live map 
[2026-10-06 16:48:47]	[CulturalDiffusion] notify: (82,31) player 3 -> player 0 
[2026-10-06 16:48:47]	[CulturalDiffusion] pending 82,31 claim confirmed on the live map 
[2026-10-06 16:48:47]	[CulturalDiffusion] notify: (82,33) player 3 -> player 0 
[2026-10-06 16:48:47]	[CulturalDiffusion] pending 82,33 claim confirmed on the live map 
[2026-10-06 16:48:47]	[CulturalDiffusion] notify: (85,38) unowned -> player 0 
[2026-10-06 16:48:47]	[CulturalDiffusion] pending 85,38 claim confirmed on the live map 
[2026-10-06 16:48:47]	[CulturalDiffusion] notify: (86,18) player 0 -> player 3 
[2026-10-06 16:48:47]	[CulturalDiffusion] pending 86,18 claim confirmed on the live map 
[2026-10-06 16:48:47]	[CulturalDiffusion] notify: (86,17) player 0 -> player 3 
[2026-10-06 16:48:47]	[CulturalDiffusion] pending 86,17 claim confirmed on the live map 
[2026-10-06 16:48:47]	[CulturalDiffusion] notify: (86,16) unowned -> player 3 
[2026-10-06 16:48:47]	[CulturalDiffusion] pending 86,16 claim confirmed on the live map 
[2026-10-06 16:48:47]	[CulturalDiffusion] inject 92,32 civ=0 culture=39.6 vitality=64.2 strength=81.87 stock=20689.24 cap=163744.76 
[2026-10-06 16:48:47]	[CulturalDiffusion] inject 87,32 civ=0 culture=14 vitality=40.24 strength=35.37 stock=4361.17 cap=70737.4 
[2026-10-06 16:48:47]	[CulturalDiffusion] inject 90,37 civ=0 culture=1 vitality=26.2 strength=5.48 stock=634.84 cap=10950.92 
[2026-10-06 16:48:47]	[CulturalDiffusion] inject 93,26 civ=0 culture=5 vitality=32.4 strength=16.79 stock=1250.3 cap=33578.88 
[2026-10-06 16:48:47]	[CulturalDiffusion] inject 86,20 civ=0 culture=0 vitality=9.55 strength=0 stock=96.53 cap=0 
[2026-10-06 16:48:47]	[CulturalDiffusion] inject 82,23 civ=3 culture=5 vitality=23.95 strength=10.64 stock=1813.21 cap=21271.98 
[2026-10-06 16:48:47]	[CulturalDiffusion] inject 81,18 civ=3 culture=8 vitality=35.4 strength=16.55 stock=917.04 cap=33103.97 
[2026-10-06 16:48:47]	[CulturalDiffusion] inject 80,31 civ=3 culture=4 vitality=15.15 strength=7.84 stock=819.93 cap=15674.87 
[2026-10-06 16:48:47]	[CulturalDiffusion] inject 84,35 civ=3 culture=3 vitality=22.6 strength=7.48 stock=191.61 cap=14955.03 
[2026-10-06 16:48:47]	[CulturalDiffusion] frontier city=65536 ring=4 best=1842.43 bar=300 over=8/23 center=20689.24 
[2026-10-06 16:48:47]	[CulturalDiffusion] frontier city=196609 ring=4 best=11532.55 bar=300 over=18/24 center=4361.17 
[2026-10-06 16:48:47]	[CulturalDiffusion] frontier city=262146 ring=4 best=3473.93 bar=300 over=14/24 center=634.84 
[2026-10-06 16:48:47]	[CulturalDiffusion] frontier city=393220 ring=4 best=1842.43 bar=300 over=8/19 center=1250.3 
[2026-10-06 16:48:47]	[CulturalDiffusion] frontier city=458757 ring=4 best=281.77 bar=300 over=0/24 center=96.53 
[2026-10-06 16:48:47]	[CulturalDiffusion] flip 81,32 -> player 0 via purchasePlot sent; pending confirmation next pass (was owner 3) 
[2026-10-06 16:48:47]	[CulturalDiffusion] flip 84,38 -> player 0 via purchasePlot sent; pending confirmation next pass (was owner -1) 
[2026-10-06 16:48:47]	[CulturalDiffusion] state bytes=19925 field=412 claims=86 locked=86 passMs=30 
[2026-10-06 16:48:47]	[CulturalDiffusion] pass: 0 flip(s), 2 pending, 0 ceded (0 pending), 0 AI flip(s) (0 pending), 0 conquest(s) (0 pending), confirmed 9 claim/0 cede (0 dropped), 0 orphan(s) healed, 0 inner tile(s) released to base game, 412 active field tile(s) 
[2026-10-06 16:48:47]	[CulturalDiffusion] pass (turn 150): flips=0 field tiles=146 
[2026-10-06 16:48:49]	[CDH] TURN k=13 turn=150 age=AGE_ANTIQUITY blocker=CULTURE 
[2026-10-06 16:48:58]	[CDH] OBS T13: age=AGE_ANTIQUITY turn=150 ownerChanges=2 missionaries=0 moved=0 idleWithMoves=0 gone=0 flipsNearMissionary=0 (district 0) onFlipped=0 jsErrors=138 amAuto=absent 
[2026-10-06 16:48:58]	[CDH] INV T13: claims=86 stale=6 localInner=8 district=0 center=0 pending=2 bytes=19910 
[2026-10-06 16:49:01]	[CDH] JSERR Error: Expected this.unit to be non-null. @ fs://game/base-standard/ui/unit-flags/unit-flags.js:348 
[2026-10-06 16:49:04]	[CDH] JSERR Error: Expected this.unit to be non-null. @ fs://game/base-standard/ui/unit-flags/unit-flags.js:348 
[2026-10-06 16:49:04]	[CDH] JSERR Error: Expected this.unit to be non-null. @ fs://game/base-standard/ui/unit-flags/unit-flags.js:348 
[2026-10-06 16:49:07]	[CDH] JSERR Error: Expected this.unit to be non-null. @ fs://game/base-standard/ui/unit-flags/unit-flags.js:348 
[2026-10-06 16:49:07]	[CDH] JSERR Error: Expected this.unit to be non-null. @ fs://game/base-standard/ui/unit-flags/unit-flags.js:348 
[2026-10-06 16:49:08]	[CDH] JSERR Error: Expected this.unit to be non-null. @ fs://game/base-standard/ui/unit-flags/unit-flags.js:348 
[2026-10-06 16:49:12]	[CulturalDiffusion] notify: (81,32) player 3 -> player 0 
[2026-10-06 16:49:12]	[CulturalDiffusion] pending 81,32 claim confirmed on the live map 
[2026-10-06 16:49:12]	[CulturalDiffusion] notify: (84,38) unowned -> player 0 
[2026-10-06 16:49:12]	[CulturalDiffusion] pending 84,38 claim confirmed on the live map 
[2026-10-06 16:49:12]	[CulturalDiffusion] inject 92,32 civ=0 culture=39.6 vitality=64.2 strength=81.89 stock=24225.75 cap=163781.27 
[2026-10-06 16:49:12]	[CulturalDiffusion] inject 87,32 civ=0 culture=14 vitality=40.24 strength=35.38 stock=5056.93 cap=70753.17 
[2026-10-06 16:49:12]	[CulturalDiffusion] inject 90,37 civ=0 culture=1 vitality=26.2 strength=5.48 stock=665.54 cap=10953.36 
[2026-10-06 16:49:12]	[CulturalDiffusion] inject 93,26 civ=0 culture=5 vitality=32.4 strength=16.79 stock=1426.76 cap=33586.37 
[2026-10-06 16:49:12]	[CulturalDiffusion] inject 86,20 civ=0 culture=0 vitality=9.55 strength=0 stock=98.93 cap=0 
[2026-10-06 16:49:12]	[CulturalDiffusion] inject 82,23 civ=3 culture=5 vitality=21.15 strength=10.04 stock=1897.17 cap=20084.82 
[2026-10-06 16:49:12]	[CulturalDiffusion] inject 81,18 civ=3 culture=8 vitality=32.6 strength=15.86 stock=1066.19 cap=31718.56 
[2026-10-06 16:49:12]	[CulturalDiffusion] inject 80,31 civ=3 culture=4 vitality=15.15 strength=7.73 stock=881.44 cap=15458.32 
[2026-10-06 16:49:12]	[CulturalDiffusion] inject 84,35 civ=3 culture=3 vitality=22.6 strength=7.37 stock=232.14 cap=14748.42 
[2026-10-06 16:49:12]	[CulturalDiffusion] frontier city=65536 ring=4 best=1749.31 bar=300 over=9/23 center=24225.75 
[2026-10-06 16:49:12]	[CulturalDiffusion] frontier city=196609 ring=4 best=14317.65 bar=300 over=19/24 center=5056.93 
[2026-10-06 16:49:12]	[CulturalDiffusion] frontier city=262146 ring=4 best=4137.85 bar=300 over=14/24 center=665.54 
[2026-10-06 16:49:12]	[CulturalDiffusion] frontier city=393220 ring=4 best=2127.78 bar=300 over=8/19 center=1426.76 
[2026-10-06 16:49:12]	[CulturalDiffusion] frontier city=458757 ring=4 best=267.58 bar=300 over=0/24 center=98.93 
[2026-10-06 16:49:12]	[CulturalDiffusion] state bytes=19749 field=416 claims=88 locked=88 passMs=29 
[2026-10-06 16:49:12]	[CulturalDiffusion] pass: 0 flip(s), 0 pending, 0 ceded (0 pending), 0 AI flip(s) (0 pending), 0 conquest(s) (0 pending), confirmed 2 claim/0 cede (0 dropped), 0 orphan(s) healed, 0 inner tile(s) released to base game, 416 active field tile(s) 
[2026-10-06 16:49:12]	[CulturalDiffusion] pass (turn 151): flips=0 field tiles=147 
[2026-10-06 16:49:14]	[CDH] TURN k=14 turn=151 age=AGE_ANTIQUITY blocker=CULTURE 
[2026-10-06 16:49:23]	[CDH] OBS T14: age=AGE_ANTIQUITY turn=151 ownerChanges=0 missionaries=0 moved=0 idleWithMoves=0 gone=0 flipsNearMissionary=0 (district 0) onFlipped=0 jsErrors=144 amAuto=absent 
[2026-10-06 16:49:23]	[CDH] INV T14: claims=88 stale=6 localInner=8 district=0 center=0 pending=0 bytes=19734 
[2026-10-06 16:49:27]	[CDH] JSERR Error: Expected this.unit to be non-null. @ fs://game/base-standard/ui/unit-flags/unit-flags.js:348 
[2026-10-06 16:49:27]	[CDH] JSERR Error: Expected this.unit to be non-null. @ fs://game/base-standard/ui/unit-flags/unit-flags.js:348 
[2026-10-06 16:49:28]	[CDH] JSERR Error: Expected this.unit to be non-null. @ fs://game/base-standard/ui/unit-flags/unit-flags.js:348 
[2026-10-06 16:49:29]	[CDH] JSERR Error: Expected this.unit to be non-null. @ fs://game/base-standard/ui/unit-flags/unit-flags.js:348 
[2026-10-06 16:49:30]	[CDH] JSERR Error: Expected this.unit to be non-null. @ fs://game/base-standard/ui/unit-flags/unit-flags.js:348 
[2026-10-06 16:49:30]	[CDH] JSERR Error: Expected this.unit to be non-null. @ fs://game/base-standard/ui/unit-flags/unit-flags.js:348 
[2026-10-06 16:49:31]	[CDH] JSERR Error: Expected this.unit to be non-null. @ fs://game/base-standard/ui/unit-flags/unit-flags.js:348 
[2026-10-06 16:49:36]	[CulturalDiffusion] inject 92,32 civ=0 culture=39.6 vitality=64.2 strength=82.15 stock=27975.58 cap=164299.55 
[2026-10-06 16:49:36]	[CulturalDiffusion] inject 87,32 civ=0 culture=14 vitality=40.24 strength=35.49 stock=5790.5 cap=70977.06 
[2026-10-06 16:49:36]	[CulturalDiffusion] inject 90,37 civ=0 culture=1 vitality=26.2 strength=5.49 stock=696.15 cap=10988.02 
[2026-10-06 16:49:36]	[CulturalDiffusion] inject 93,26 civ=0 culture=5 vitality=32.4 strength=16.85 stock=1610.87 cap=33692.65 
[2026-10-06 16:49:36]	[CulturalDiffusion] inject 86,20 civ=0 culture=0 vitality=9.55 strength=0 stock=100.8 cap=0 
[2026-10-06 16:49:36]	[CulturalDiffusion] inject 82,23 civ=3 culture=5 vitality=19.65 strength=9.98 stock=1979.74 cap=19968.69 
[2026-10-06 16:49:36]	[CulturalDiffusion] inject 81,18 civ=3 culture=8 vitality=31.1 strength=15.91 stock=1223.14 cap=31828.54 
[2026-10-06 16:49:36]	[CulturalDiffusion] inject 80,31 civ=3 culture=4 vitality=15.15 strength=7.88 stock=944.43 cap=15769.78 
[2026-10-06 16:49:36]	[CulturalDiffusion] inject 84,35 civ=3 culture=3 vitality=22.6 strength=7.52 stock=276.08 cap=15045.58 
[2026-10-06 16:49:36]	[CulturalDiffusion] inject 91,45 civ=4 culture=3 vitality=5.35 strength=6.18 stock=10.76 cap=12359.87 
[2026-10-06 16:49:36]	[CulturalDiffusion] frontier city=65536 ring=4 best=1769.93 bar=300 over=9/23 center=27975.58 
[2026-10-06 16:49:36]	[CulturalDiffusion] frontier city=196609 ring=4 best=17540.09 bar=300 over=19/24 center=5790.5 
[2026-10-06 16:49:36]	[CulturalDiffusion] frontier city=262146 ring=4 best=4845.15 bar=300 over=14/24 center=696.15 
[2026-10-06 16:49:36]	[CulturalDiffusion] frontier city=393220 ring=4 best=2534.43 bar=300 over=8/19 center=1610.87 
[2026-10-06 16:49:36]	[CulturalDiffusion] frontier city=458757 ring=4 best=259.55 bar=300 over=0/24 center=100.8 
[2026-10-06 16:49:36]	[CulturalDiffusion] flip 83,29 -> player 0 via purchasePlot sent; pending confirmation next pass (was owner 3) 
[2026-10-06 16:49:36]	[CulturalDiffusion] flip 85,25 -> player 0 via purchasePlot sent; pending confirmation next pass (was owner -1) 
[2026-10-06 16:49:36]	[CulturalDiffusion] state bytes=20561 field=417 claims=88 locked=72 passMs=27 
[2026-10-06 16:49:36]	[CulturalDiffusion] pass: 0 flip(s), 2 pending, 0 ceded (0 pending), 0 AI flip(s) (0 pending), 0 conquest(s) (0 pending), confirmed 0 claim/0 cede (0 dropped), 0 orphan(s) healed, 0 inner tile(s) released to base game, 417 active field tile(s) 
[2026-10-06 16:49:36]	[CulturalDiffusion] pass (turn 152): flips=0 field tiles=147 
[2026-10-06 16:49:37]	[CDH] TURN k=15 turn=152 age=AGE_ANTIQUITY blocker=NEW_POPULATION 
[2026-10-06 16:49:46]	[CDH] OBS T15: age=AGE_ANTIQUITY turn=152 ownerChanges=2 missionaries=0 moved=0 idleWithMoves=0 gone=0 flipsNearMissionary=0 (district 0) onFlipped=0 jsErrors=151 amAuto=absent 
[2026-10-06 16:49:46]	[CDH] INV T15: claims=88 stale=7 localInner=8 district=0 center=0 pending=2 bytes=20546 
[2026-10-06 16:49:46]	[CDH] SEED T15: 400 frontier tiles seeded, state bytes=24330 
[2026-10-06 16:49:50]	[CDH] JSERR Error: Expected this.unit to be non-null. @ fs://game/base-standard/ui/unit-flags/unit-flags.js:348 
[2026-10-06 16:49:51]	[CDH] JSERR Error: Expected this.unit to be non-null. @ fs://game/base-standard/ui/unit-flags/unit-flags.js:348 
[2026-10-06 16:49:52]	[CDH] JSERR Error: Expected this.unit to be non-null. @ fs://game/base-standard/ui/unit-flags/unit-flags.js:348 
[2026-10-06 16:49:55]	[CDH] JSERR Error: Expected this.unit to be non-null. @ fs://game/base-standard/ui/unit-flags/unit-flags.js:348 
[2026-10-06 16:49:58]	[CDH] TURN k=16 turn=153 age=AGE_ANTIQUITY blocker=NEW_POPULATION 
[2026-10-06 16:49:59]	[CulturalDiffusion] notify: (83,29) player 3 -> player 0 
[2026-10-06 16:49:59]	[CulturalDiffusion] pending 83,29 claim confirmed on the live map 
[2026-10-06 16:49:59]	[CulturalDiffusion] notify: (85,25) unowned -> player 0 
[2026-10-06 16:49:59]	[CulturalDiffusion] pending 85,25 claim confirmed on the live map 
[2026-10-06 16:49:59]	[CulturalDiffusion] inject 92,32 civ=0 culture=39.6 vitality=64.2 strength=82.38 stock=31922.12 cap=164754.21 
[2026-10-06 16:49:59]	[CulturalDiffusion] inject 87,32 civ=0 culture=14 vitality=40.64 strength=35.71 stock=6562.39 cap=71419.36 
[2026-10-06 16:49:59]	[CulturalDiffusion] inject 90,37 civ=0 culture=1 vitality=26.2 strength=5.51 stock=726.64 cap=11018.43 
[2026-10-06 16:49:59]	[CulturalDiffusion] inject 93,26 civ=0 culture=5 vitality=32.4 strength=16.89 stock=1801.92 cap=33785.89 
[2026-10-06 16:49:59]	[CulturalDiffusion] inject 86,20 civ=0 culture=0 vitality=9.55 strength=0 stock=123.25 cap=0 
[2026-10-06 16:49:59]	[CulturalDiffusion] inject 82,23 civ=3 culture=5 vitality=19.65 strength=9.97 stock=2061.64 cap=19949.02 
[2026-10-06 16:49:59]	[CulturalDiffusion] inject 81,18 civ=3 culture=8 vitality=31.1 strength=15.9 stock=1386.33 cap=31797.19 
[2026-10-06 16:49:59]	[CulturalDiffusion] inject 80,31 civ=3 culture=4 vitality=15.15 strength=7.88 stock=1008.87 cap=15754.24 
[2026-10-06 16:49:59]	[CulturalDiffusion] inject 84,35 civ=3 culture=3 vitality=22.6 strength=7.52 stock=326.43 cap=15030.76 
[2026-10-06 16:49:59]	[CulturalDiffusion] inject 91,45 civ=4 culture=3 vitality=6.1 strength=6.48 stock=28.29 cap=12954.25 
[2026-10-06 16:49:59]	[CulturalDiffusion] frontier city=65536 ring=4 best=2026.67 bar=300 over=10/23 center=31922.12 
[2026-10-06 16:49:59]	[CulturalDiffusion] frontier city=196609 ring=4 best=20981.68 bar=300 over=23/24 center=6562.39 
[2026-10-06 16:49:59]	[CulturalDiffusion] frontier city=262146 ring=4 best=5595.12 bar=300 over=16/24 center=726.64 
[2026-10-06 16:49:59]	[CulturalDiffusion] frontier city=393220 ring=4 best=2967.65 bar=300 over=8/19 center=1801.92 
[2026-10-06 16:49:59]	[CulturalDiffusion] frontier city=458757 ring=4 best=249.93 bar=300 over=0/24 center=123.25 
[2026-10-06 16:49:59]	[CulturalDiffusion] flip 84,34 -> player 0 via purchasePlot sent; pending confirmation next pass (was owner 3) 
[2026-10-06 16:49:59]	[CulturalDiffusion] flip 84,37 -> player 0 via purchasePlot sent; pending confirmation next pass (was owner 3) 
[2026-10-06 16:49:59]	[CulturalDiffusion] flip 82,30 -> player 0 via purchasePlot sent; pending confirmation next pass (was owner 3) 
[2026-10-06 16:49:59]	[CulturalDiffusion] flip 82,29 -> player 0 via purchasePlot sent; pending confirmation next pass (was owner -1) 
[2026-10-06 16:49:59]	[CulturalDiffusion] flip 83,37 -> player 0 via purchasePlot sent; pending confirmation next pass (was owner 3) 
[2026-10-06 16:49:59]	[CulturalDiffusion] flip 81,33 -> player 0 via purchasePlot sent; pending confirmation next pass (was owner 3) 
[2026-10-06 16:49:59]	[CulturalDiffusion] state bytes=19355 field=418 claims=89 locked=64 passMs=34 
[2026-10-06 16:49:59]	[CulturalDiffusion] pass: 0 flip(s), 6 pending, 0 ceded (0 pending), 0 AI flip(s) (0 pending), 0 conquest(s) (0 pending), confirmed 2 claim/0 cede (0 dropped), 0 orphan(s) healed, 0 inner tile(s) released to base game, 418 active field tile(s) 
[2026-10-06 16:49:59]	[CulturalDiffusion] pass (turn 153): flips=0 field tiles=148 
[2026-10-06 16:50:07]	[CDH] OBS T16: age=AGE_ANTIQUITY turn=153 ownerChanges=6 missionaries=0 moved=0 idleWithMoves=0 gone=0 flipsNearMissionary=0 (district 0) onFlipped=0 jsErrors=155 amAuto=absent 
[2026-10-06 16:50:07]	[CDH] INV T16: claims=89 stale=5 localInner=8 district=0 center=0 pending=6 bytes=19340 
[2026-10-06 16:50:14]	[CDH] JSERR Error: Expected this.unit to be non-null. @ fs://game/base-standard/ui/unit-flags/unit-flags.js:348 
[2026-10-06 16:50:19]	[CDH] JSERR Error: Expected this.unit to be non-null. @ fs://game/base-standard/ui/unit-flags/unit-flags.js:348 
[2026-10-06 16:50:19]	[CDH] JSERR Error: Expected this.unit to be non-null. @ fs://game/base-standard/ui/unit-flags/unit-flags.js:348 
[2026-10-06 16:50:19]	[CDH] JSERR Error: Expected this.unit to be non-null. @ fs://game/base-standard/ui/unit-flags/unit-flags.js:348 
[2026-10-06 16:50:19]	[CDH] JSERR Error: Expected this.unit to be non-null. @ fs://game/base-standard/ui/unit-flags/unit-flags.js:348 
[2026-10-06 16:50:20]	[CDH] JSERR Error: Expected this.unit to be non-null. @ fs://game/base-standard/ui/unit-flags/unit-flags.js:348 
[2026-10-06 16:50:25]	[CulturalDiffusion] notify: (84,34) player 3 -> player 0 
[2026-10-06 16:50:25]	[CulturalDiffusion] pending 84,34 claim confirmed on the live map 
[2026-10-06 16:50:25]	[CulturalDiffusion] notify: (84,37) player 3 -> player 0 
[2026-10-06 16:50:25]	[CulturalDiffusion] pending 84,37 claim confirmed on the live map 
[2026-10-06 16:50:25]	[CulturalDiffusion] notify: (82,30) player 3 -> player 0 
[2026-10-06 16:50:25]	[CulturalDiffusion] pending 82,30 claim confirmed on the live map 
[2026-10-06 16:50:25]	[CulturalDiffusion] notify: (82,29) unowned -> player 0 
[2026-10-06 16:50:25]	[CulturalDiffusion] pending 82,29 claim confirmed on the live map 
[2026-10-06 16:50:25]	[CulturalDiffusion] notify: (83,37) player 3 -> player 0 
[2026-10-06 16:50:25]	[CulturalDiffusion] pending 83,37 claim confirmed on the live map 
[2026-10-06 16:50:25]	[CulturalDiffusion] notify: (81,33) player 3 -> player 0 
[2026-10-06 16:50:25]	[CulturalDiffusion] pending 81,33 claim confirmed on the live map 
[2026-10-06 16:50:25]	[CulturalDiffusion] inject 92,32 civ=0 culture=39.6 vitality=64.2 strength=64.25 stock=34781.2 cap=128506.88 
[2026-10-06 16:50:25]	[CulturalDiffusion] inject 87,32 civ=0 culture=14 vitality=40.24 strength=27.76 stock=7114.15 cap=55514.7 
[2026-10-06 16:50:25]	[CulturalDiffusion] inject 90,37 civ=0 culture=1 vitality=26.2 strength=4.3 stock=744.17 cap=8594.28 
[2026-10-06 16:50:25]	[CulturalDiffusion] inject 93,26 civ=0 culture=5 vitality=32.4 strength=13.18 stock=1937.45 cap=26352.71 
[2026-10-06 16:50:25]	[CulturalDiffusion] inject 86,20 civ=0 culture=0 vitality=9.55 strength=0 stock=142.94 cap=0 
[2026-10-06 16:50:25]	[CulturalDiffusion] inject 82,23 civ=3 culture=5 vitality=19.15 strength=10.25 stock=2147.8 cap=20498.72 
[2026-10-06 16:50:25]	[CulturalDiffusion] inject 81,18 civ=3 culture=8 vitality=30.4 strength=16.35 stock=1561.84 cap=32707.81 
[2026-10-06 16:50:25]	[CulturalDiffusion] inject 80,31 civ=3 culture=4 vitality=14.45 strength=8.03 stock=1076.48 cap=16066.82 
[2026-10-06 16:50:25]	[CulturalDiffusion] inject 84,35 civ=3 culture=3 vitality=21.9 strength=7.71 stock=382.93 cap=15414.22 
[2026-10-06 16:50:25]	[CulturalDiffusion] inject 91,45 civ=4 culture=3 vitality=6.1 strength=6.43 stock=50.04 cap=12866.91 
[2026-10-06 16:50:25]	[CulturalDiffusion] frontier city=65536 ring=4 best=2296.84 bar=300 over=11/23 center=34781.2 
[2026-10-06 16:50:25]	[CulturalDiffusion] frontier city=196609 ring=4 best=23941.59 bar=300 over=23/24 center=7114.15 
[2026-10-06 16:50:25]	[CulturalDiffusion] frontier city=262146 ring=4 best=6384.42 bar=300 over=17/24 center=744.17 
[2026-10-06 16:50:25]	[CulturalDiffusion] frontier city=393220 ring=4 best=3427.01 bar=300 over=8/19 center=1937.45 
[2026-10-06 16:50:25]	[CulturalDiffusion] frontier city=458757 ring=4 best=307.2 bar=300 over=1/24 center=142.94 
[2026-10-06 16:50:25]	[CulturalDiffusion] flip 83,36 -> player 0 via purchasePlot sent; pending confirmation next pass (was owner 3) 
[2026-10-06 16:50:25]	[CulturalDiffusion] state bytes=19834 field=418 claims=94 locked=59 passMs=37 
[2026-10-06 16:50:25]	[CulturalDiffusion] pass: 0 flip(s), 1 pending, 0 ceded (0 pending), 0 AI flip(s) (0 pending), 0 conquest(s) (0 pending), confirmed 6 claim/0 cede (0 dropped), 0 orphan(s) healed, 0 inner tile(s) released to base game, 418 active field tile(s) 
[2026-10-06 16:50:25]	[CulturalDiffusion] pass (turn 154): flips=0 field tiles=149 
[2026-10-06 16:50:27]	[CDH] TURN k=17 turn=154 age=AGE_ANTIQUITY blocker=NEW_POPULATION 
[2026-10-06 16:50:36]	[CDH] OBS T17: age=AGE_ANTIQUITY turn=154 ownerChanges=1 missionaries=0 moved=0 idleWithMoves=0 gone=0 flipsNearMissionary=0 (district 0) onFlipped=0 jsErrors=161 amAuto=absent 
[2026-10-06 16:50:36]	[CDH] INV T17: claims=94 stale=5 localInner=8 district=0 center=0 pending=1 bytes=19819 
[2026-10-06 16:50:49]	[CDH] JSERR Error: Expected this.unit to be non-null. @ fs://game/base-standard/ui/unit-flags/unit-flags.js:348 
[2026-10-06 16:50:53]	[CDH] JSERR Error: Expected this.unit to be non-null. @ fs://game/base-standard/ui/unit-flags/unit-flags.js:348 
[2026-10-06 16:50:53]	[CDH] JSERR Error: Expected this.unit to be non-null. @ fs://game/base-standard/ui/unit-flags/unit-flags.js:348 
[2026-10-06 16:50:56]	[CulturalDiffusion] notify: (83,36) player 3 -> player 0 
[2026-10-06 16:50:56]	[CulturalDiffusion] pending 83,36 claim confirmed on the live map 
[2026-10-06 16:50:56]	[CulturalDiffusion] inject 92,32 civ=0 culture=39.6 vitality=64.2 strength=63.74 stock=37655.43 cap=127489.78 
[2026-10-06 16:50:56]	[CulturalDiffusion] inject 87,32 civ=0 culture=14 vitality=40.24 strength=27.54 stock=7667.01 cap=55075.32 
[2026-10-06 16:50:56]	[CulturalDiffusion] inject 90,37 civ=0 culture=1 vitality=26.2 strength=4.26 stock=761.01 cap=8526.26 
[2026-10-06 16:50:56]	[CulturalDiffusion] inject 93,26 civ=0 culture=5 vitality=32.4 strength=13.07 stock=2072.42 cap=26144.13 
[2026-10-06 16:50:56]	[CulturalDiffusion] inject 86,20 civ=0 culture=0 vitality=9.55 strength=0 stock=160.11 cap=0 
[2026-10-06 16:50:56]	[CulturalDiffusion] inject 82,23 civ=3 culture=5 vitality=20.8 strength=10.67 stock=2240.96 cap=21343.49 
[2026-10-06 16:50:56]	[CulturalDiffusion] inject 81,18 civ=3 culture=8 vitality=30.4 strength=16.54 stock=1745.95 cap=33085.12 
[2026-10-06 16:50:56]	[CulturalDiffusion] inject 80,31 civ=3 culture=4 vitality=16.8 strength=8.57 stock=1151.33 cap=17132.3 
[2026-10-06 16:50:56]	[CulturalDiffusion] inject 84,35 civ=3 culture=3 vitality=21.9 strength=7.8 stock=444.66 cap=15592.03 
[2026-10-06 16:50:56]	[CulturalDiffusion] inject 91,45 civ=4 culture=3 vitality=6.1 strength=6.45 stock=75.23 cap=12909.32 
[2026-10-06 16:50:56]	[CulturalDiffusion] frontier city=65536 ring=4 best=2489.95 bar=300 over=11/23 center=37655.43 
[2026-10-06 16:50:56]	[CulturalDiffusion] frontier city=196609 ring=4 best=26085.9 bar=300 over=22/24 center=7667.01 
[2026-10-06 16:50:56]	[CulturalDiffusion] frontier city=262146 ring=4 best=6956.24 bar=300 over=17/24 center=761.01 
[2026-10-06 16:50:56]	[CulturalDiffusion] frontier city=393220 ring=4 best=3910.46 bar=300 over=8/19 center=2072.42 
[2026-10-06 16:50:56]	[CulturalDiffusion] frontier city=458757 ring=4 best=291.76 bar=300 over=0/24 center=160.11 
[2026-10-06 16:50:56]	[CulturalDiffusion] state bytes=20408 field=418 claims=95 locked=55 passMs=30 
[2026-10-06 16:50:56]	[CulturalDiffusion] pass: 0 flip(s), 0 pending, 0 ceded (0 pending), 0 AI flip(s) (0 pending), 0 conquest(s) (0 pending), confirmed 1 claim/0 cede (0 dropped), 0 orphan(s) healed, 0 inner tile(s) released to base game, 418 active field tile(s) 
[2026-10-06 16:50:56]	[CulturalDiffusion] pass (turn 155): flips=0 field tiles=152 
[2026-10-06 16:50:57]	[CDH] TURN k=18 turn=155 age=AGE_ANTIQUITY blocker=NEW_POPULATION 
[2026-10-06 16:51:06]	[CDH] OBS T18: age=AGE_ANTIQUITY turn=155 ownerChanges=0 missionaries=0 moved=0 idleWithMoves=0 gone=0 flipsNearMissionary=0 (district 0) onFlipped=0 jsErrors=164 amAuto=absent 
[2026-10-06 16:51:06]	[CDH] INV T18: claims=95 stale=5 localInner=8 district=0 center=0 pending=0 bytes=20393 
[2026-10-06 16:51:16]	[CDH] JSERR Error: Expected this.unit to be non-null. @ fs://game/base-standard/ui/unit-flags/unit-flags.js:348 
[2026-10-06 16:51:16]	[CulturalDiffusion] capture: city 65536 to player 20 lies outside the simulated field; nothing to transfer 
[2026-10-06 16:51:19]	[CulturalDiffusion] capture: city 65536 to player 32 lies outside the simulated field; nothing to transfer 
[2026-10-06 16:51:21]	[CDH] JSERR Error: Expected this.unit to be non-null. @ fs://game/base-standard/ui/unit-flags/unit-flags.js:348 
[2026-10-06 16:51:24]	[CulturalDiffusion] inject 92,32 civ=0 culture=39.6 vitality=64.2 strength=63.47 stock=40551.64 cap=126936.63 
[2026-10-06 16:51:24]	[CulturalDiffusion] inject 87,32 civ=0 culture=14 vitality=40.24 strength=27.42 stock=8222.47 cap=54836.36 
[2026-10-06 16:51:24]	[CulturalDiffusion] inject 90,37 civ=0 culture=1 vitality=26.2 strength=4.24 stock=777.31 cap=8489.26 
[2026-10-06 16:51:24]	[CulturalDiffusion] inject 93,26 civ=0 culture=5 vitality=32.4 strength=13.02 stock=2207.28 cap=26030.7 
[2026-10-06 16:51:24]	[CulturalDiffusion] inject 86,20 civ=0 culture=0 vitality=9.55 strength=0 stock=174.97 cap=0 
[2026-10-06 16:51:24]	[CulturalDiffusion] inject 82,23 civ=3 culture=5 vitality=20.8 strength=10.66 stock=2333.38 cap=21323.73 
[2026-10-06 16:51:24]	[CulturalDiffusion] inject 81,18 civ=3 culture=8 vitality=31.3 strength=16.7 stock=1937.86 cap=33393.75 
[2026-10-06 16:51:24]	[CulturalDiffusion] inject 80,31 civ=3 culture=4 vitality=16.8 strength=8.56 stock=1225.51 cap=17116.44 
[2026-10-06 16:51:24]	[CulturalDiffusion] inject 84,35 civ=3 culture=3 vitality=21.9 strength=7.79 stock=508.76 cap=15577.6 
[2026-10-06 16:51:24]	[CulturalDiffusion] inject 91,45 civ=4 culture=3 vitality=6.1 strength=6.54 stock=103.54 cap=13087.74 
[2026-10-06 16:51:24]	[CulturalDiffusion] frontier city=65536 ring=4 best=2683.45 bar=300 over=11/23 center=40551.64 
[2026-10-06 16:51:24]	[CulturalDiffusion] frontier city=196609 ring=4 best=28241.58 bar=300 over=22/24 center=8222.47 
[2026-10-06 16:51:24]	[CulturalDiffusion] frontier city=262146 ring=4 best=7531.09 bar=300 over=17/24 center=777.31 
[2026-10-06 16:51:24]	[CulturalDiffusion] frontier city=393220 ring=4 best=4260.7 bar=300 over=9/19 center=2207.28 
[2026-10-06 16:51:24]	[CulturalDiffusion] frontier city=458757 ring=4 best=277.1 bar=300 over=0/24 center=174.97 
[2026-10-06 16:51:24]	[CulturalDiffusion] flip 90,23 -> player 0 via purchasePlot sent; pending confirmation next pass (was owner -1) 
[2026-10-06 16:51:24]	[CulturalDiffusion] state bytes=20269 field=418 claims=95 locked=55 passMs=26 
[2026-10-06 16:51:24]	[CulturalDiffusion] pass: 0 flip(s), 1 pending, 0 ceded (0 pending), 0 AI flip(s) (0 pending), 0 conquest(s) (0 pending), confirmed 0 claim/0 cede (0 dropped), 0 orphan(s) healed, 0 inner tile(s) released to base game, 418 active field tile(s) 
[2026-10-06 16:51:24]	[CulturalDiffusion] pass (turn 156): flips=0 field tiles=156 
[2026-10-06 16:51:25]	[CDH] TURN k=19 turn=156 age=AGE_ANTIQUITY blocker=NEW_POPULATION 
[2026-10-06 16:51:34]	[CDH] OBS T19: age=AGE_ANTIQUITY turn=156 ownerChanges=1 missionaries=0 moved=0 idleWithMoves=0 gone=0 flipsNearMissionary=0 (district 0) onFlipped=0 jsErrors=166 amAuto=absent 
[2026-10-06 16:51:34]	[CDH] INV T19: claims=95 stale=5 localInner=8 district=0 center=0 pending=1 bytes=20254 
[2026-10-06 16:51:42]	[CDH] JSERR Error: Expected this.unit to be non-null. @ fs://game/base-standard/ui/unit-flags/unit-flags.js:348 
[2026-10-06 16:51:42]	[CDH] JSERR Error: Expected this.unit to be non-null. @ fs://game/base-standard/ui/unit-flags/unit-flags.js:348 
[2026-10-06 16:51:42]	[CDH] JSERR Error: Expected this.unit to be non-null. @ fs://game/base-standard/ui/unit-flags/unit-flags.js:348 
[2026-10-06 16:51:42]	[CDH] JSERR Error: Expected this.unit to be non-null. @ fs://game/base-standard/ui/unit-flags/unit-flags.js:348 
[2026-10-06 16:51:43]	[CDH] JSERR Error: Expected this.unit to be non-null. @ fs://game/base-standard/ui/unit-flags/unit-flags.js:348 
[2026-10-06 16:51:46]	[CDH] JSERR Error: Expected this.unit to be non-null. @ fs://game/base-standard/ui/unit-flags/unit-flags.js:348 
[2026-10-06 16:51:47]	[CDH] JSERR Error: Expected this.unit to be non-null. @ fs://game/base-standard/ui/unit-flags/unit-flags.js:348 
[2026-10-06 16:51:47]	[CDH] JSERR Error: Expected this.unit to be non-null. @ fs://game/base-standard/ui/unit-flags/unit-flags.js:348 
[2026-10-06 16:51:48]	[CDH] JSERR Error: Expected this.unit to be non-null. @ fs://game/base-standard/ui/unit-flags/unit-flags.js:348 
[2026-10-06 16:51:51]	[CulturalDiffusion] capture: city 524291 now player 0's (from 33); culture transferred on 8 of 8 tile(s) 
[2026-10-06 16:51:51]	[CulturalDiffusion] capture: city 524295 to player 4 lies outside the simulated field; nothing to transfer 
[2026-10-06 16:51:52]	[CulturalDiffusion] notify: (90,23) unowned -> player 0 
[2026-10-06 16:51:52]	[CulturalDiffusion] pending 90,23 claim confirmed on the live map 
[2026-10-06 16:51:52]	[CulturalDiffusion] inject 92,32 civ=0 culture=39.6 vitality=65.8 strength=65.86 stock=43669.27 cap=131711.2 
[2026-10-06 16:51:52]	[CulturalDiffusion] inject 87,32 civ=0 culture=14 vitality=40.24 strength=28.21 stock=8810.91 cap=56410.84 
[2026-10-06 16:51:52]	[CulturalDiffusion] inject 90,37 civ=0 culture=1 vitality=26.2 strength=4.37 stock=883.3 cap=8733.01 
[2026-10-06 16:51:52]	[CulturalDiffusion] inject 89,42 civ=0 culture=0 vitality=14.05 strength=0 stock=536.1 cap=0 
[2026-10-06 16:51:52]	[CulturalDiffusion] inject 93,26 civ=0 culture=5 vitality=32.4 strength=13.39 stock=2349.54 cap=26778.1 
[2026-10-06 16:51:52]	[CulturalDiffusion] inject 86,20 civ=0 culture=0 vitality=9.55 strength=0 stock=187.71 cap=0 
[2026-10-06 16:51:52]	[CulturalDiffusion] inject 82,23 civ=3 culture=5 vitality=20.8 strength=10.83 stock=2428.33 cap=21660.07 
[2026-10-06 16:51:52]	[CulturalDiffusion] inject 81,18 civ=3 culture=8 vitality=33.75 strength=17.41 stock=2146.86 cap=34827.09 
[2026-10-06 16:51:52]	[CulturalDiffusion] inject 80,31 civ=3 culture=4 vitality=16.8 strength=8.69 stock=1300.87 cap=17386.42 
[2026-10-06 16:51:52]	[CulturalDiffusion] inject 84,35 civ=3 culture=3 vitality=21.9 strength=7.91 stock=575.31 cap=15823.3 
[2026-10-06 16:51:52]	[CulturalDiffusion] inject 83,44 civ=4 culture=8 vitality=13.9 strength=13.57 stock=64.83 cap=27144.23 
[2026-10-06 16:51:52]	[CulturalDiffusion] inject 86,47 civ=4 culture=5 vitality=10.75 strength=9.14 stock=10 cap=18278.37 
[2026-10-06 16:51:52]	[CulturalDiffusion] inject 91,45 civ=4 culture=3 vitality=6.1 strength=5.38 stock=129.59 cap=10754.94 
[2026-10-06 16:51:52]	[CulturalDiffusion] frontier city=65536 ring=4 best=2877.87 bar=300 over=11/23 center=43669.27 
[2026-10-06 16:51:52]	[CulturalDiffusion] frontier city=196609 ring=4 best=30413.73 bar=300 over=22/24 center=8810.91 
[2026-10-06 16:51:52]	[CulturalDiffusion] frontier city=262146 ring=4 best=8110.33 bar=300 over=17/24 center=883.3 
[2026-10-06 16:51:52]	[CulturalDiffusion] frontier city=524291 ring=4 best=3090.6 bar=300 over=8/24 center=536.1 
[2026-10-06 16:51:52]	[CulturalDiffusion] frontier city=393220 ring=4 best=4612.79 bar=300 over=9/19 center=2349.54 
[2026-10-06 16:51:52]	[CulturalDiffusion] frontier city=458757 ring=4 best=263.17 bar=300 over=0/24 center=187.71 
[2026-10-06 16:51:52]	[CulturalDiffusion] flip 84,39 -> player 0 via purchasePlot sent; pending confirmation next pass (was owner -1) 
[2026-10-06 16:51:52]	[CulturalDiffusion] flip 82,40 -> player 4 via purchasePlot sent; pending confirmation next pass (was owner -1) 
[2026-10-06 16:51:52]	[CulturalDiffusion] state bytes=21249 field=460 claims=83 locked=55 passMs=41 
[2026-10-06 16:51:52]	[CulturalDiffusion] pass: 0 flip(s), 1 pending, 0 ceded (0 pending), 0 AI flip(s) (1 pending), 0 conquest(s) (0 pending), confirmed 1 claim/0 cede (0 dropped), 0 orphan(s) healed, 13 inner tile(s) released to base game, 460 active field tile(s) 
[2026-10-06 16:51:52]	[CulturalDiffusion] pass (turn 157): flips=0 field tiles=174 
[2026-10-06 16:51:53]	[CDH] TURN k=20 turn=157 age=AGE_ANTIQUITY blocker=NEW_POPULATION 
[2026-10-06 16:52:02]	[CDH] OBS T20: age=AGE_ANTIQUITY turn=157 ownerChanges=2 missionaries=0 moved=0 idleWithMoves=0 gone=0 flipsNearMissionary=0 (district 0) onFlipped=0 jsErrors=175 amAuto=absent 
[2026-10-06 16:52:02]	[CDH] INV T20: claims=83 stale=5 localInner=10 district=0 center=0 pending=2 bytes=21234 
[2026-10-06 16:52:02]	[CDH] SEED T20: 400 frontier tiles seeded, state bytes=25362 
[2026-10-06 16:52:04]	[CDH] JSERR Error: Expected this.unit to be non-null. @ fs://game/base-standard/ui/unit-flags/unit-flags.js:348 
[2026-10-06 16:52:04]	[CDH] JSERR Error: Expected this.unit to be non-null. @ fs://game/base-standard/ui/unit-flags/unit-flags.js:348 
[2026-10-06 16:52:04]	[CDH] JSERR Error: Expected this.unit to be non-null. @ fs://game/base-standard/ui/unit-flags/unit-flags.js:348 
[2026-10-06 16:52:07]	[CDH] JSERR Error: Expected this.unit to be non-null. @ fs://game/base-standard/ui/unit-flags/unit-flags.js:348 
[2026-10-06 16:52:10]	[CDH] JSERR Error: Expected this.unit to be non-null. @ fs://game/base-standard/ui/unit-flags/unit-flags.js:348 
[2026-10-06 16:52:10]	[CDH] JSERR Error: Expected this.unit to be non-null. @ fs://game/base-standard/ui/unit-flags/unit-flags.js:348 
[2026-10-06 16:52:12]	[CDH] JSERR Error: Expected this.unit to be non-null. @ fs://game/base-standard/ui/unit-flags/unit-flags.js:348 
[2026-10-06 16:52:12]	[CDH] JSERR Error: Expected this.unit to be non-null. @ fs://game/base-standard/ui/unit-flags/unit-flags.js:348 
[2026-10-06 16:52:15]	[CulturalDiffusion] notify: (84,39) unowned -> player 0 
[2026-10-06 16:52:15]	[CulturalDiffusion] pending 84,39 claim confirmed on the live map 
[2026-10-06 16:52:15]	[CulturalDiffusion] notify: (82,40) unowned -> player 4 
[2026-10-06 16:52:15]	[CulturalDiffusion] pending 82,40 claim confirmed on the live map 
[2026-10-06 16:52:15]	[CulturalDiffusion] inject 92,32 civ=0 culture=39.6 vitality=65.8 strength=65.8 stock=46819.9 cap=131590.37 
[2026-10-06 16:52:15]	[CulturalDiffusion] inject 87,32 civ=0 culture=14 vitality=40.24 strength=28.18 stock=9403.81 cap=56359.09 
[2026-10-06 16:52:15]	[CulturalDiffusion] inject 90,37 civ=0 culture=1 vitality=26.2 strength=4.36 stock=1002.92 cap=8725 
[2026-10-06 16:52:15]	[CulturalDiffusion] inject 89,42 civ=0 culture=0 vitality=14.05 strength=0 stock=792.08 cap=0 
[2026-10-06 16:52:15]	[CulturalDiffusion] inject 93,26 civ=0 culture=5 vitality=32.4 strength=13.38 stock=2492.19 cap=26753.53 
[2026-10-06 16:52:15]	[CulturalDiffusion] inject 86,20 civ=0 culture=0 vitality=9.55 strength=0 stock=205.82 cap=0 
[2026-10-06 16:52:15]	[CulturalDiffusion] inject 82,23 civ=3 culture=5 vitality=20.8 strength=8.05 stock=2469.59 cap=16103.99 
[2026-10-06 16:52:15]	[CulturalDiffusion] inject 81,18 civ=3 culture=8 vitality=33.75 strength=12.95 stock=2280.85 cap=25893.5 
[2026-10-06 16:52:15]	[CulturalDiffusion] inject 80,31 civ=3 culture=4 vitality=16.8 strength=6.46 stock=1346.25 cap=12926.58 
[2026-10-06 16:52:15]	[CulturalDiffusion] inject 84,35 civ=3 culture=3 vitality=21.9 strength=5.88 stock=630.26 cap=11764.43 
[2026-10-06 16:52:15]	[CulturalDiffusion] inject 83,44 civ=4 culture=8 vitality=13.9 strength=13.78 stock=208.57 cap=27550.73 
[2026-10-06 16:52:15]	[CulturalDiffusion] inject 86,47 civ=4 culture=5 vitality=10.75 strength=9.28 stock=101.56 cap=18552.09 
[2026-10-06 16:52:15]	[CulturalDiffusion] inject 91,45 civ=4 culture=3 vitality=6.1 strength=5.46 stock=158.15 cap=10916 
[2026-10-06 16:52:15]	[CulturalDiffusion] frontier city=65536 ring=4 best=3083.82 bar=300 over=12/23 center=46819.9 
[2026-10-06 16:52:15]	[CulturalDiffusion] frontier city=196609 ring=4 best=32751.95 bar=300 over=23/24 center=9403.81 
[2026-10-06 16:52:15]	[CulturalDiffusion] frontier city=262146 ring=4 best=8733.85 bar=300 over=17/24 center=1002.92 
[2026-10-06 16:52:15]	[CulturalDiffusion] frontier city=524291 ring=4 best=3799 bar=300 over=12/24 center=792.08 
[2026-10-06 16:52:15]	[CulturalDiffusion] frontier city=393220 ring=4 best=4967.58 bar=300 over=9/19 center=2492.19 
[2026-10-06 16:52:15]	[CulturalDiffusion] frontier city=458757 ring=4 best=249.93 bar=300 over=0/24 center=205.82 
[2026-10-06 16:52:15]	[CulturalDiffusion] flip 82,35 -> player 0 via purchasePlot sent; pending confirmation next pass (was owner 3) 
[2026-10-06 16:52:15]	[CulturalDiffusion] flip 89,49 -> player 4 via purchasePlot sent; pending confirmation next pass (was owner -1) 
[2026-10-06 16:52:15]	[CulturalDiffusion] flip 90,50 -> player 4 via purchasePlot sent; pending confirmation next pass (was owner -1) 
[2026-10-06 16:52:15]	[CulturalDiffusion] state bytes=20459 field=468 claims=85 locked=56 passMs=42 
[2026-10-06 16:52:15]	[CulturalDiffusion] pass: 0 flip(s), 1 pending, 0 ceded (0 pending), 0 AI flip(s) (2 pending), 0 conquest(s) (0 pending), confirmed 2 claim/0 cede (0 dropped), 0 orphan(s) healed, 0 inner tile(s) released to base game, 468 active field tile(s) 
[2026-10-06 16:52:15]	[CulturalDiffusion] pass (turn 158): flips=0 field tiles=176 
[2026-10-06 16:52:16]	[CDH] TURN k=21 turn=158 age=AGE_ANTIQUITY blocker=NEW_POPULATION 
[2026-10-06 16:52:25]	[CDH] OBS T21: age=AGE_ANTIQUITY turn=158 ownerChanges=3 missionaries=0 moved=0 idleWithMoves=0 gone=0 flipsNearMissionary=0 (district 0) onFlipped=0 jsErrors=183 amAuto=absent 
[2026-10-06 16:52:25]	[CDH] INV T21: claims=85 stale=5 localInner=10 district=0 center=0 pending=3 bytes=20444 
[2026-10-06 16:52:29]	[CDH] JSERR Error: Expected this.unit to be non-null. @ fs://game/base-standard/ui/unit-flags/unit-flags.js:348 
[2026-10-06 16:52:34]	[CDH] JSERR Error: Expected this.unit to be non-null. @ fs://game/base-standard/ui/unit-flags/unit-flags.js:348 
[2026-10-06 16:52:35]	[CDH] JSERR Error: Expected this.unit to be non-null. @ fs://game/base-standard/ui/unit-flags/unit-flags.js:348 
[2026-10-06 16:52:36]	[CDH] JSERR Error: Expected this.unit to be non-null. @ fs://game/base-standard/ui/unit-flags/unit-flags.js:348 
[2026-10-06 16:52:37]	[CDH] JSERR Error: Expected this.unit to be non-null. @ fs://game/base-standard/ui/unit-flags/unit-flags.js:348 
[2026-10-06 16:52:37]	[CDH] JSERR Error: Expected this.unit to be non-null. @ fs://game/base-standard/ui/unit-flags/unit-flags.js:348 
[2026-10-06 16:52:39]	[CulturalDiffusion] notify: (82,35) player 3 -> player 0 
[2026-10-06 16:52:39]	[CulturalDiffusion] pending 82,35 claim confirmed on the live map 
[2026-10-06 16:52:39]	[CulturalDiffusion] notify: (89,49) unowned -> player 4 
[2026-10-06 16:52:39]	[CulturalDiffusion] pending 89,49 claim confirmed on the live map 
[2026-10-06 16:52:39]	[CulturalDiffusion] notify: (90,50) unowned -> player 4 
[2026-10-06 16:52:39]	[CulturalDiffusion] pending 90,50 claim confirmed on the live map 
[2026-10-06 16:52:39]	[CulturalDiffusion] inject 92,32 civ=0 culture=39.6 vitality=65.8 strength=65.64 stock=49988.91 cap=131283.77 
[2026-10-06 16:52:39]	[CulturalDiffusion] inject 87,32 civ=0 culture=14 vitality=40.24 strength=28.11 stock=9998.51 cap=56227.77 
[2026-10-06 16:52:39]	[CulturalDiffusion] inject 90,37 civ=0 culture=1 vitality=26.2 strength=4.35 stock=1090.51 cap=8704.67 
[2026-10-06 16:52:39]	[CulturalDiffusion] inject 89,42 civ=0 culture=0 vitality=14.05 strength=0 stock=759.48 cap=0 
[2026-10-06 16:52:39]	[CulturalDiffusion] inject 93,26 civ=0 culture=5 vitality=32.4 strength=13.35 stock=2634.61 cap=26691.2 
[2026-10-06 16:52:39]	[CulturalDiffusion] inject 86,20 civ=0 culture=0 vitality=9.55 strength=0 stock=221.38 cap=0 
[2026-10-06 16:52:39]	[CulturalDiffusion] inject 82,23 civ=3 culture=5 vitality=20.8 strength=8.04 stock=2509.76 cap=16070.54 
[2026-10-06 16:52:39]	[CulturalDiffusion] inject 81,18 civ=3 culture=8 vitality=33.75 strength=12.92 stock=2414.78 cap=25839.72 
[2026-10-06 16:52:39]	[CulturalDiffusion] inject 80,31 civ=3 culture=4 vitality=16.8 strength=6.45 stock=1390.99 cap=12899.73 
[2026-10-06 16:52:39]	[CulturalDiffusion] inject 84,35 civ=3 culture=3 vitality=21.9 strength=5.87 stock=684.85 cap=11739.99 
[2026-10-06 16:52:39]	[CulturalDiffusion] inject 83,44 civ=4 culture=8 vitality=12.75 strength=13.32 stock=385.3 cap=26640.33 
[2026-10-06 16:52:39]	[CulturalDiffusion] inject 86,47 civ=4 culture=5 vitality=10.75 strength=9.24 stock=185.56 cap=18489.54 
[2026-10-06 16:52:39]	[CulturalDiffusion] inject 91,45 civ=4 culture=3 vitality=6.1 strength=5.44 stock=188.55 cap=10879.2 
[2026-10-06 16:52:39]	[CulturalDiffusion] frontier city=65536 ring=4 best=3291.33 bar=300 over=12/23 center=49988.91 
[2026-10-06 16:52:39]	[CulturalDiffusion] frontier city=196609 ring=4 best=35114.93 bar=300 over=23/24 center=9998.51 
[2026-10-06 16:52:39]	[CulturalDiffusion] frontier city=262146 ring=4 best=9823.87 bar=300 over=17/24 center=1090.51 
[2026-10-06 16:52:39]	[CulturalDiffusion] frontier city=524291 ring=4 best=3608.05 bar=300 over=14/24 center=759.48 
[2026-10-06 16:52:39]	[CulturalDiffusion] frontier city=393220 ring=4 best=5349.49 bar=300 over=9/19 center=2634.61 
[2026-10-06 16:52:39]	[CulturalDiffusion] frontier city=458757 ring=4 best=307.2 bar=300 over=1/24 center=221.38 
[2026-10-06 16:52:39]	[CulturalDiffusion] flip 86,39 -> player 0 via purchasePlot sent; pending confirmation next pass (was owner 3) 
[2026-10-06 16:52:39]	[CulturalDiffusion] flip 90,49 -> player 4 via purchasePlot sent; pending confirmation next pass (was owner -1) 
[2026-10-06 16:52:39]	[CulturalDiffusion] flip 84,28 -> player 3 via purchasePlot sent; pending confirmation next pass (was owner 0) 
[2026-10-06 16:52:39]	[CulturalDiffusion] flip 91,50 -> player 4 via purchasePlot sent; pending confirmation next pass (was owner -1) 
[2026-10-06 16:52:39]	[CulturalDiffusion] state bytes=21723 field=472 claims=88 locked=50 passMs=34 
[2026-10-06 16:52:39]	[CulturalDiffusion] pass: 0 flip(s), 1 pending, 0 ceded (0 pending), 0 AI flip(s) (3 pending), 0 conquest(s) (0 pending), confirmed 3 claim/0 cede (0 dropped), 0 orphan(s) healed, 0 inner tile(s) released to base game, 472 active field tile(s) 
[2026-10-06 16:52:39]	[CulturalDiffusion] pass (turn 159): flips=0 field tiles=179 
[2026-10-06 16:52:41]	[CDH] TURN k=22 turn=159 age=AGE_ANTIQUITY blocker=NEW_POPULATION 
[2026-10-06 16:52:50]	[CDH] OBS T22: age=AGE_ANTIQUITY turn=159 ownerChanges=4 missionaries=0 moved=0 idleWithMoves=0 gone=0 flipsNearMissionary=0 (district 0) onFlipped=0 jsErrors=189 amAuto=absent 
[2026-10-06 16:52:50]	[CDH] INV T22: claims=88 stale=5 localInner=10 district=0 center=0 pending=4 bytes=21708 
[2026-10-06 16:52:53]	[CDH] JSERR Error: Expected this.unit to be non-null. @ fs://game/base-standard/ui/unit-flags/unit-flags.js:348 
[2026-10-06 16:52:57]	[CDH] JSERR Error: Expected this.unit to be non-null. @ fs://game/base-standard/ui/unit-flags/unit-flags.js:348 
[2026-10-06 16:52:57]	[CDH] JSERR Error: Expected this.unit to be non-null. @ fs://game/base-standard/ui/unit-flags/unit-flags.js:348 
[2026-10-06 16:53:01]	[CDH] JSERR Error: Expected this.unit to be non-null. @ fs://game/base-standard/ui/unit-flags/unit-flags.js:348 
[2026-10-06 16:53:04]	[CulturalDiffusion] notify: (86,39) player 3 -> player 0 
[2026-10-06 16:53:04]	[CulturalDiffusion] pending 86,39 claim confirmed on the live map 
[2026-10-06 16:53:04]	[CulturalDiffusion] notify: (90,49) unowned -> player 4 
[2026-10-06 16:53:04]	[CulturalDiffusion] pending 90,49 claim confirmed on the live map 
[2026-10-06 16:53:04]	[CulturalDiffusion] notify: (84,28) player 0 -> player 3 
[2026-10-06 16:53:04]	[CulturalDiffusion] pending 84,28 claim confirmed on the live map 
[2026-10-06 16:53:04]	[CulturalDiffusion] notify: (91,50) unowned -> player 4 
[2026-10-06 16:53:04]	[CulturalDiffusion] pending 91,50 claim confirmed on the live map 
[2026-10-06 16:53:04]	[CulturalDiffusion] inject 92,32 civ=0 culture=39.6 vitality=65.8 strength=65.12 stock=53137.4 cap=130239.97 
[2026-10-06 16:53:04]	[CulturalDiffusion] inject 87,32 civ=0 culture=14 vitality=40.24 strength=27.89 stock=10587.69 cap=55780.72 
[2026-10-06 16:53:04]	[CulturalDiffusion] inject 90,37 civ=0 culture=1 vitality=26.2 strength=4.32 stock=1177.23 cap=8635.46 
[2026-10-06 16:53:04]	[CulturalDiffusion] inject 89,42 civ=0 culture=0 vitality=14.05 strength=0 stock=721.21 cap=0 
[2026-10-06 16:53:04]	[CulturalDiffusion] inject 93,26 civ=0 culture=5 vitality=32.4 strength=13.24 stock=2775.08 cap=26478.98 
[2026-10-06 16:53:04]	[CulturalDiffusion] inject 86,20 civ=0 culture=0 vitality=9.55 strength=0 stock=234.63 cap=0 
[2026-10-06 16:53:04]	[CulturalDiffusion] inject 82,23 civ=3 culture=5 vitality=20.8 strength=7.99 stock=2548.29 cap=15978.61 
[2026-10-06 16:53:04]	[CulturalDiffusion] inject 81,18 civ=3 culture=8 vitality=33.75 strength=12.85 stock=2547.53 cap=25691.91 
[2026-10-06 16:53:04]	[CulturalDiffusion] inject 80,31 civ=3 culture=4 vitality=16.8 strength=6.41 stock=1433.89 cap=12825.94 
[2026-10-06 16:53:04]	[CulturalDiffusion] inject 84,35 civ=3 culture=3 vitality=21.9 strength=5.84 stock=738.74 cap=11672.83 
[2026-10-06 16:53:04]	[CulturalDiffusion] inject 83,44 civ=4 culture=8 vitality=12.75 strength=13.41 stock=623.94 cap=26812.55 
[2026-10-06 16:53:04]	[CulturalDiffusion] inject 86,47 civ=4 culture=5 vitality=10.75 strength=9.3 stock=238.59 cap=18609.07 
[2026-10-06 16:53:04]	[CulturalDiffusion] inject 91,45 civ=4 culture=3 vitality=7.55 strength=5.9 stock=223.06 cap=11798.08 
[2026-10-06 16:53:04]	[CulturalDiffusion] frontier city=65536 ring=4 best=3499.48 bar=300 over=12/23 center=53137.4 
[2026-10-06 16:53:04]	[CulturalDiffusion] frontier city=196609 ring=4 best=37491.68 bar=300 over=22/24 center=10587.69 
[2026-10-06 16:53:04]	[CulturalDiffusion] frontier city=262146 ring=4 best=11790.7 bar=300 over=17/24 center=1177.23 
[2026-10-06 16:53:04]	[CulturalDiffusion] frontier city=524291 ring=4 best=3426.65 bar=300 over=15/24 center=721.21 
[2026-10-06 16:53:04]	[CulturalDiffusion] frontier city=393220 ring=4 best=5735.44 bar=300 over=9/19 center=2775.08 
[2026-10-06 16:53:04]	[CulturalDiffusion] frontier city=458757 ring=4 best=291.76 bar=300 over=0/24 center=234.63 
[2026-10-06 16:53:04]	[CulturalDiffusion] flip 92,44 -> player 0 via purchasePlot sent; pending confirmation next pass (was owner 4) 
[2026-10-06 16:53:04]	[CulturalDiffusion] flip 85,41 -> player 0 via purchasePlot sent; pending confirmation next pass (was owner 4) 
[2026-10-06 16:53:04]	[CulturalDiffusion] flip 85,39 -> player 0 via purchasePlot sent; pending confirmation next pass (was owner 3) 
[2026-10-06 16:53:04]	[CulturalDiffusion] flip 90,22 -> player 0 via purchasePlot sent; pending confirmation next pass (was owner -1) 
[2026-10-06 16:53:04]	[CulturalDiffusion] state bytes=22436 field=473 claims=90 locked=47 passMs=39 
[2026-10-06 16:53:04]	[CulturalDiffusion] pass: 0 flip(s), 4 pending, 0 ceded (0 pending), 0 AI flip(s) (0 pending), 0 conquest(s) (0 pending), confirmed 4 claim/0 cede (0 dropped), 0 orphan(s) healed, 0 inner tile(s) released to base game, 473 active field tile(s) 
[2026-10-06 16:53:04]	[CulturalDiffusion] pass (turn 160): flips=0 field tiles=179 
[2026-10-06 16:53:06]	[CDH] TURN k=23 turn=160 age=AGE_ANTIQUITY blocker=NEW_POPULATION 
[2026-10-06 16:53:15]	[CDH] OBS T23: age=AGE_ANTIQUITY turn=160 ownerChanges=4 missionaries=0 moved=0 idleWithMoves=0 gone=0 flipsNearMissionary=0 (district 0) onFlipped=0 jsErrors=193 amAuto=absent 
[2026-10-06 16:53:15]	[CDH] INV T23: claims=90 stale=4 localInner=10 district=0 center=0 pending=4 bytes=22421 
[2026-10-06 16:53:46]	[CDH] attached am-soak 
[2026-10-06 16:53:47]	[CulturalDiffusion] boot (turnInterval 1, verb purchasePlot, enabled true) 
[2026-10-06 16:53:52]	[CDH] LOAD GameStarted 
[2026-10-06 16:53:53]	[CulturalDiffusion] notify: (92,44) player 4 -> player 0 
[2026-10-06 16:53:53]	[CulturalDiffusion] pending 92,44 claim confirmed on the live map 
[2026-10-06 16:53:53]	[CulturalDiffusion] notify: (85,41) player 4 -> player 0 
[2026-10-06 16:53:53]	[CulturalDiffusion] pending 85,41 claim confirmed on the live map 
[2026-10-06 16:53:53]	[CulturalDiffusion] notify: (85,39) player 3 -> player 0 
[2026-10-06 16:53:53]	[CulturalDiffusion] pending 85,39 claim confirmed on the live map 
[2026-10-06 16:53:53]	[CulturalDiffusion] notify: (90,22) unowned -> player 0 
[2026-10-06 16:53:53]	[CulturalDiffusion] pending 90,22 claim confirmed on the live map 
[2026-10-06 16:53:53]	[CulturalDiffusion] inject 92,32 civ=0 culture=30.8 vitality=51.9 strength=40.94 stock=54144.2 cap=81871.62 
[2026-10-06 16:53:53]	[CulturalDiffusion] inject 86,20 civ=0 culture=0 vitality=8.31 strength=0 stock=245.76 cap=0 
[2026-10-06 16:53:53]	[CulturalDiffusion] inject 93,26 civ=0 culture=0 vitality=16.3 strength=0 stock=2635.32 cap=0 
[2026-10-06 16:53:53]	[CulturalDiffusion] inject 87,32 civ=0 culture=12 vitality=52.95 strength=22.34 stock=10957.6 cap=44680.33 
[2026-10-06 16:53:53]	[CulturalDiffusion] inject 90,37 civ=0 culture=1 vitality=23.6 strength=3.35 stock=1252.03 cap=6695.99 
[2026-10-06 16:53:53]	[CulturalDiffusion] inject 89,42 civ=0 culture=0 vitality=11.35 strength=0 stock=687.69 cap=0 
[2026-10-06 16:53:53]	[CulturalDiffusion] inject 81,18 civ=3 culture=9.9 vitality=36.5 strength=13.22 stock=2687.5 cap=26432.27 
[2026-10-06 16:53:53]	[CulturalDiffusion] inject 82,23 civ=3 culture=7.7 vitality=21.85 strength=9.38 stock=2613.26 cap=18759.78 
[2026-10-06 16:53:53]	[CulturalDiffusion] inject 80,31 civ=3 culture=4.4 vitality=20.35 strength=6.36 stock=1474.73 cap=12716.28 
[2026-10-06 16:53:53]	[CulturalDiffusion] inject 84,35 civ=3 culture=3.3 vitality=25.49 strength=5.7 stock=790.77 cap=11407.8 
[2026-10-06 16:53:53]	[CulturalDiffusion] inject 83,44 civ=4 culture=8.8 vitality=18.14 strength=12.71 stock=932.85 cap=25426.13 
[2026-10-06 16:53:53]	[CulturalDiffusion] inject 91,45 civ=4 culture=4.4 vitality=14.43 strength=7.48 stock=269.23 cap=14956.14 
[2026-10-06 16:53:53]	[CulturalDiffusion] inject 86,47 civ=4 culture=6.6 vitality=15.68 strength=10.02 stock=295.61 cap=20040.66 
[2026-10-06 16:53:53]	[CulturalDiffusion] frontier city=65536 ring=4 best=3705.69 bar=375 over=13/23 center=54144.2 
[2026-10-06 16:53:53]	[CulturalDiffusion] frontier city=131073 ring=4 best=308.53 bar=375 over=0/24 center=245.76 
[2026-10-06 16:53:53]	[CulturalDiffusion] frontier city=196610 ring=4 best=6102.56 bar=375 over=9/19 center=2635.32 
[2026-10-06 16:53:53]	[CulturalDiffusion] frontier city=262147 ring=4 best=39853.05 bar=375 over=22/24 center=10957.6 
[2026-10-06 16:53:53]	[CulturalDiffusion] frontier city=327684 ring=4 best=11200.17 bar=375 over=18/24 center=1252.03 
[2026-10-06 16:53:53]	[CulturalDiffusion] frontier city=393221 ring=4 best=3254.32 bar=375 over=15/24 center=687.69 
[2026-10-06 16:53:53]	[CulturalDiffusion] flip 86,28 -> player 0 via purchasePlot sent; pending confirmation next pass (was owner 21) 
[2026-10-06 16:53:53]	[CulturalDiffusion] flip 85,28 -> player 0 via purchasePlot sent; pending confirmation next pass (was owner 21) 
[2026-10-06 16:53:53]	[CulturalDiffusion] flip 86,27 -> player 0 via purchasePlot sent; pending confirmation next pass (was owner -1) 
[2026-10-06 16:53:53]	[CulturalDiffusion] flip 85,40 -> player 0 via purchasePlot sent; pending confirmation next pass (was owner 4) 
[2026-10-06 16:53:53]	[CulturalDiffusion] flip 86,26 -> player 0 via purchasePlot sent; pending confirmation next pass (was owner -1) 
[2026-10-06 16:53:53]	[CulturalDiffusion] flip 85,26 -> player 0 via purchasePlot sent; pending confirmation next pass (was owner -1) 
[2026-10-06 16:53:53]	[CulturalDiffusion] flip 83,28 -> player 0 via purchasePlot sent; pending confirmation next pass (was owner -1) 
[2026-10-06 16:53:53]	[CulturalDiffusion] state bytes=23631 field=489 claims=92 locked=49 passMs=80 
[2026-10-06 16:53:53]	[CulturalDiffusion] pass: 0 flip(s), 7 pending, 0 ceded (0 pending), 0 AI flip(s) (0 pending), 0 conquest(s) (0 pending), confirmed 4 claim/0 cede (0 dropped), 0 orphan(s) healed, 0 inner tile(s) released to base game, 489 active field tile(s) 
[2026-10-06 16:53:53]	[CulturalDiffusion] pass (turn 1): flips=0 field tiles=181 
[2026-10-06 16:54:02]	[CDH] AMSOAK start turn=1 age=AGE_EXPLORATION startAge=AGE_ANTIQUITY_RELOADED local=0 amPresent=false amSet=absent religion=null missionaries=0 cdConfig={"claimOnlyUnowned":false,"aiCultureFlips":true,"flipMaxDistance":6,"maxFlipsPerTurn":8} 
[2026-10-06 16:54:02]	[CDH] INV T0-pre: claims=92 stale=4 localInner=10 district=0 center=0 pending=7 bytes=23616 
[2026-10-06 16:54:02]	[CDH] SEED T0: 400 frontier tiles seeded, state bytes=27363 
[2026-10-06 16:54:02]	[CulturalDiffusion] notify: (86,28) player 21 -> player 0 
[2026-10-06 16:54:02]	[CulturalDiffusion] pending 86,28 claim confirmed on the live map 
[2026-10-06 16:54:02]	[CulturalDiffusion] notify: (85,28) player 21 -> player 0 
[2026-10-06 16:54:02]	[CulturalDiffusion] pending 85,28 claim confirmed on the live map 
[2026-10-06 16:54:02]	[CulturalDiffusion] notify: (86,27) unowned -> player 0 
[2026-10-06 16:54:02]	[CulturalDiffusion] pending 86,27 claim confirmed on the live map 
[2026-10-06 16:54:02]	[CulturalDiffusion] notify: (85,40) player 4 -> player 0 
[2026-10-06 16:54:02]	[CulturalDiffusion] pending 85,40 claim confirmed on the live map 
[2026-10-06 16:54:02]	[CulturalDiffusion] notify: (86,26) unowned -> player 0 
[2026-10-06 16:54:02]	[CulturalDiffusion] pending 86,26 claim confirmed on the live map 
[2026-10-06 16:54:02]	[CulturalDiffusion] notify: (85,26) unowned -> player 0 
[2026-10-06 16:54:02]	[CulturalDiffusion] pending 85,26 claim confirmed on the live map 
[2026-10-06 16:54:02]	[CulturalDiffusion] notify: (83,28) unowned -> player 0 
[2026-10-06 16:54:02]	[CulturalDiffusion] pending 83,28 claim confirmed on the live map 
[2026-10-06 16:54:02]	[CulturalDiffusion] inject 92,32 civ=0 culture=30.8 vitality=51.9 strength=40.96 stock=55136.86 cap=81910.05 
[2026-10-06 16:54:02]	[CulturalDiffusion] inject 86,20 civ=0 culture=0 vitality=8.31 strength=0 stock=260.97 cap=0 
[2026-10-06 16:54:02]	[CulturalDiffusion] inject 93,26 civ=0 culture=0 vitality=16.3 strength=0 stock=2502.56 cap=0 
[2026-10-06 16:54:02]	[CulturalDiffusion] inject 87,32 civ=0 culture=12 vitality=52.95 strength=22.35 stock=11324.86 cap=44701.3 
[2026-10-06 16:54:02]	[CulturalDiffusion] inject 90,37 civ=0 culture=1 vitality=23.6 strength=3.35 stock=1345.51 cap=6699.13 
[2026-10-06 16:54:02]	[CulturalDiffusion] inject 89,42 civ=0 culture=0 vitality=11.35 strength=0 stock=655.13 cap=0 
[2026-10-06 16:54:02]	[CulturalDiffusion] inject 81,18 civ=3 culture=9.9 vitality=36.5 strength=13.22 stock=2827.57 cap=26441.47 
[2026-10-06 16:54:02]	[CulturalDiffusion] inject 82,23 civ=3 culture=7.7 vitality=21.85 strength=9.38 stock=2680.24 cap=18766.31 
[2026-10-06 16:54:02]	[CulturalDiffusion] inject 80,31 civ=3 culture=4.4 vitality=20.35 strength=6.36 stock=1516.21 cap=12720.7 
[2026-10-06 16:54:02]	[CulturalDiffusion] inject 84,35 civ=3 culture=3.3 vitality=25.49 strength=5.71 stock=842.42 cap=11411.77 
[2026-10-06 16:54:02]	[CulturalDiffusion] inject 83,44 civ=4 culture=8.8 vitality=18.14 strength=12.72 stock=1310.19 cap=25438.2 
[2026-10-06 16:54:02]	[CulturalDiffusion] inject 91,45 civ=4 culture=4.4 vitality=14.43 strength=7.48 stock=318.73 cap=14963.24 
[2026-10-06 16:54:02]	[CulturalDiffusion] inject 86,47 civ=4 culture=6.6 vitality=15.68 strength=10.03 stock=356.62 cap=20050.16 
[2026-10-06 16:54:02]	[CulturalDiffusion] frontier city=65536 ring=4 best=3835.16 bar=375 over=13/23 center=55136.86 
[2026-10-06 16:54:02]	[CulturalDiffusion] frontier city=131073 ring=4 best=3799 bar=375 over=14/24 center=260.97 
[2026-10-06 16:54:02]	[CulturalDiffusion] frontier city=196610 ring=4 best=7873.25 bar=375 over=13/19 center=2502.56 
[2026-10-06 16:54:02]	[CulturalDiffusion] frontier city=262147 ring=4 best=40608.15 bar=375 over=22/24 center=11324.86 
[2026-10-06 16:54:02]	[CulturalDiffusion] frontier city=327684 ring=4 best=10828.84 bar=375 over=18/24 center=1345.51 
[2026-10-06 16:54:02]	[CulturalDiffusion] frontier city=393221 ring=4 best=3090.6 bar=375 over=15/24 center=655.13 
[2026-10-06 16:54:02]	[CulturalDiffusion] flip 87,24 -> player 0 via purchasePlot sent; pending confirmation next pass (was owner -1) 
[2026-10-06 16:54:02]	[CulturalDiffusion] flip 86,24 -> player 0 via purchasePlot sent; pending confirmation next pass (was owner -1) 
[2026-10-06 16:54:02]	[CulturalDiffusion] flip 85,24 -> player 0 via purchasePlot sent; pending confirmation next pass (was owner -1) 
[2026-10-06 16:54:02]	[CulturalDiffusion] flip 83,18 -> player 0 via purchasePlot sent; pending confirmation next pass (was owner 3) 
[2026-10-06 16:54:02]	[CulturalDiffusion] flip 83,17 -> player 0 via purchasePlot sent; pending confirmation next pass (was owner -1) 
[2026-10-06 16:54:02]	[CulturalDiffusion] flip 89,21 -> player 0 via purchasePlot sent; pending confirmation next pass (was owner -1) 
[2026-10-06 16:54:02]	[CulturalDiffusion] flip 89,22 -> player 0 via purchasePlot sent; pending confirmation next pass (was owner -1) 
[2026-10-06 16:54:02]	[CulturalDiffusion] flip 88,23 -> player 0 via purchasePlot sent; pending confirmation next pass (was owner -1) 
[2026-10-06 16:54:02]	[CulturalDiffusion] flip 83,39 -> player 4 via purchasePlot sent; pending confirmation next pass (was owner -1) 
[2026-10-06 16:54:02]	[CulturalDiffusion] flip 82,39 -> player 4 via purchasePlot sent; pending confirmation next pass (was owner -1) 
[2026-10-06 16:54:02]	[CulturalDiffusion] flip 87,42 -> player 4 via purchasePlot sent; pending confirmation next pass (was owner 0) 
[2026-10-06 16:54:02]	[CulturalDiffusion] flip 86,41 -> player 4 via purchasePlot sent; pending confirmation next pass (was owner 0) 
[2026-10-06 16:54:02]	[CulturalDiffusion] state bytes=24341 field=494 claims=98 locked=55 passMs=58 
[2026-10-06 16:54:02]	[CulturalDiffusion] pass: 0 flip(s), 8 pending, 0 ceded (0 pending), 0 AI flip(s) (4 pending), 0 conquest(s) (0 pending), confirmed 7 claim/0 cede (0 dropped), 0 orphan(s) healed, 0 inner tile(s) released to base game, 494 active field tile(s) 
[2026-10-06 16:54:02]	[CulturalDiffusion] pass (manual): flips=0 field tiles=37 
[2026-10-06 16:54:02]	[CDH] T0 runNow={"flips":0,"pending":8,"tiles":37,"healed":0,"released":0,"ceded":0,"cedePending":0,"aiFlips":0,"aiPending":4,"conquests":0,"conquestPending":0,"occupied":0,"confirmed":7,"confirmedCede":0} 
[2026-10-06 16:54:10]	[CDH] INV T0-post: claims=98 stale=3 localInner=10 district=0 center=0 pending=12 bytes=24326 
[2026-10-06 16:54:17]	[CulturalDiffusion] notify: (87,24) unowned -> player 0 
[2026-10-06 16:54:17]	[CulturalDiffusion] pending 87,24 claim confirmed on the live map 
[2026-10-06 16:54:17]	[CulturalDiffusion] notify: (86,24) unowned -> player 0 
[2026-10-06 16:54:17]	[CulturalDiffusion] pending 86,24 claim confirmed on the live map 
[2026-10-06 16:54:17]	[CulturalDiffusion] notify: (85,24) unowned -> player 0 
[2026-10-06 16:54:17]	[CulturalDiffusion] pending 85,24 claim confirmed on the live map 
[2026-10-06 16:54:17]	[CulturalDiffusion] notify: (83,18) player 3 -> player 0 
[2026-10-06 16:54:17]	[CulturalDiffusion] pending 83,18 claim confirmed on the live map 
[2026-10-06 16:54:17]	[CulturalDiffusion] notify: (83,17) unowned -> player 0 
[2026-10-06 16:54:17]	[CulturalDiffusion] pending 83,17 claim confirmed on the live map 
[2026-10-06 16:54:17]	[CulturalDiffusion] notify: (89,21) unowned -> player 0 
[2026-10-06 16:54:17]	[CulturalDiffusion] pending 89,21 claim confirmed on the live map 
[2026-10-06 16:54:17]	[CulturalDiffusion] notify: (89,22) unowned -> player 0 
[2026-10-06 16:54:17]	[CulturalDiffusion] pending 89,22 claim confirmed on the live map 
[2026-10-06 16:54:17]	[CulturalDiffusion] notify: (88,23) unowned -> player 0 
[2026-10-06 16:54:17]	[CulturalDiffusion] pending 88,23 claim confirmed on the live map 
[2026-10-06 16:54:17]	[CulturalDiffusion] notify: (83,39) unowned -> player 4 
[2026-10-06 16:54:17]	[CulturalDiffusion] pending 83,39 claim confirmed on the live map 
[2026-10-06 16:54:17]	[CulturalDiffusion] notify: (82,39) unowned -> player 4 
[2026-10-06 16:54:17]	[CulturalDiffusion] pending 82,39 claim confirmed on the live map 
[2026-10-06 16:54:17]	[CulturalDiffusion] notify: (87,42) player 0 -> player 4 
[2026-10-06 16:54:17]	[CulturalDiffusion] pending 87,42 claim confirmed on the live map 
[2026-10-06 16:54:17]	[CulturalDiffusion] notify: (86,41) player 0 -> player 4 
[2026-10-06 16:54:17]	[CulturalDiffusion] pending 86,41 claim confirmed on the live map 
[2026-10-06 16:54:17]	[CulturalDiffusion] inject 92,32 civ=0 culture=33 vitality=51.9 strength=40.61 stock=56081.84 cap=81212.3 
[2026-10-06 16:54:17]	[CulturalDiffusion] inject 86,20 civ=0 culture=0 vitality=8.31 strength=0 stock=273.77 cap=0 
[2026-10-06 16:54:17]	[CulturalDiffusion] inject 93,26 civ=0 culture=0 vitality=16.3 strength=0 stock=2376.43 cap=0 
[2026-10-06 16:54:17]	[CulturalDiffusion] inject 87,32 civ=0 culture=12 vitality=52.95 strength=21.19 stock=11640.85 cap=42374.06 
[2026-10-06 16:54:17]	[CulturalDiffusion] inject 90,37 civ=0 culture=1 vitality=23.6 strength=3.18 stock=1437.76 cap=6350.36 
[2026-10-06 16:54:17]	[CulturalDiffusion] inject 89,42 civ=0 culture=0 vitality=11.35 strength=0 stock=624.73 cap=0 
[2026-10-06 16:54:17]	[CulturalDiffusion] inject 81,18 civ=3 culture=10.8 vitality=65.75 strength=16.76 stock=3040.44 cap=33527.6 
[2026-10-06 16:54:17]	[CulturalDiffusion] inject 82,23 civ=3 culture=7.7 vitality=27.79 strength=9.95 stock=2760.24 cap=19908.21 
[2026-10-06 16:54:17]	[CulturalDiffusion] inject 80,31 civ=3 culture=4.4 vitality=20.35 strength=6.2 stock=1554.35 cap=12406.22 
[2026-10-06 16:54:17]	[CulturalDiffusion] inject 84,35 civ=3 culture=3.3 vitality=29.21 strength=5.84 stock=894.88 cap=11673.21 
[2026-10-06 16:54:17]	[CulturalDiffusion] inject 83,44 civ=4 culture=8.8 vitality=20.93 strength=13.24 stock=1641.26 cap=26485.18 
[2026-10-06 16:54:17]	[CulturalDiffusion] inject 91,45 civ=4 culture=4.4 vitality=14.43 strength=7.41 stock=370.62 cap=14818.13 
[2026-10-06 16:54:17]	[CulturalDiffusion] inject 86,47 civ=4 culture=6.6 vitality=15.68 strength=9.93 stock=420.47 cap=19855.73 
[2026-10-06 16:54:17]	[CulturalDiffusion] frontier city=65536 ring=4 best=3963.7 bar=375 over=13/23 center=56081.84 
[2026-10-06 16:54:17]	[CulturalDiffusion] frontier city=131073 ring=4 best=3608.05 bar=375 over=15/24 center=273.77 
[2026-10-06 16:54:17]	[CulturalDiffusion] frontier city=196610 ring=4 best=8369.14 bar=375 over=13/19 center=2376.43 
[2026-10-06 16:54:17]	[CulturalDiffusion] frontier city=262147 ring=4 best=41352.65 bar=375 over=22/24 center=11640.85 
[2026-10-06 16:54:17]	[CulturalDiffusion] frontier city=327684 ring=4 best=11027.37 bar=375 over=18/24 center=1437.76 
[2026-10-06 16:54:17]	[CulturalDiffusion] frontier city=393221 ring=4 best=2935.07 bar=375 over=17/24 center=624.73 
[2026-10-06 16:54:17]	[CulturalDiffusion] flip 84,24 -> player 0 via purchasePlot sent; pending confirmation next pass (was owner -1) 
[2026-10-06 16:54:17]	[CulturalDiffusion] flip 83,23 -> player 0 via purchasePlot sent; pending confirmation next pass (was owner 3) 
[2026-10-06 16:54:17]	[CulturalDiffusion] flip 91,22 -> player 0 via purchasePlot sent; pending confirmation next pass (was owner -1) 
[2026-10-06 16:54:17]	[CulturalDiffusion] flip 92,22 -> player 0 via purchasePlot sent; pending confirmation next pass (was owner -1) 
[2026-10-06 16:54:17]	[CulturalDiffusion] flip 89,24 -> player 0 via purchasePlot sent; pending confirmation next pass (was owner -1) 
[2026-10-06 16:54:17]	[CulturalDiffusion] flip 84,25 -> player 0 via purchasePlot sent; pending confirmation next pass (was owner -1) 
[2026-10-06 16:54:17]	[CulturalDiffusion] flip 90,21 -> player 0 via purchasePlot sent; pending confirmation next pass (was owner -1) 
[2026-10-06 16:54:17]	[CulturalDiffusion] flip 89,23 -> player 0 via purchasePlot sent; pending confirmation next pass (was owner -1) 
[2026-10-06 16:54:17]	[CulturalDiffusion] flip 87,41 -> player 4 via purchasePlot sent; pending confirmation next pass (was owner 0) 
[2026-10-06 16:54:17]	[CulturalDiffusion] state bytes=26020 field=505 claims=110 locked=66 passMs=57 
[2026-10-06 16:54:17]	[CulturalDiffusion] pass: 0 flip(s), 8 pending, 0 ceded (0 pending), 0 AI flip(s) (1 pending), 0 conquest(s) (0 pending), confirmed 12 claim/0 cede (0 dropped), 0 orphan(s) healed, 0 inner tile(s) released to base game, 505 active field tile(s) 
[2026-10-06 16:54:17]	[CulturalDiffusion] pass (turn 2): flips=0 field tiles=102 
[2026-10-06 16:54:19]	[CDH] TURN k=1 turn=2 age=AGE_EXPLORATION blocker=-1882049560 
[2026-10-06 16:54:25]	[CulturalDiffusion] notify: (84,24) unowned -> player 0 
[2026-10-06 16:54:25]	[CulturalDiffusion] pending 84,24 claim confirmed on the live map 
[2026-10-06 16:54:25]	[CulturalDiffusion] notify: (83,23) player 3 -> player 0 
[2026-10-06 16:54:25]	[CulturalDiffusion] pending 83,23 claim confirmed on the live map 
[2026-10-06 16:54:25]	[CulturalDiffusion] notify: (91,22) unowned -> player 0 
[2026-10-06 16:54:25]	[CulturalDiffusion] pending 91,22 claim confirmed on the live map 
[2026-10-06 16:54:25]	[CulturalDiffusion] notify: (92,22) unowned -> player 0 
[2026-10-06 16:54:25]	[CulturalDiffusion] pending 92,22 claim confirmed on the live map 
[2026-10-06 16:54:25]	[CulturalDiffusion] notify: (89,24) unowned -> player 0 
[2026-10-06 16:54:25]	[CulturalDiffusion] pending 89,24 claim confirmed on the live map 
[2026-10-06 16:54:25]	[CulturalDiffusion] notify: (84,25) unowned -> player 0 
[2026-10-06 16:54:25]	[CulturalDiffusion] pending 84,25 claim confirmed on the live map 
[2026-10-06 16:54:25]	[CulturalDiffusion] notify: (90,21) unowned -> player 0 
[2026-10-06 16:54:25]	[CulturalDiffusion] pending 90,21 claim confirmed on the live map 
[2026-10-06 16:54:25]	[CulturalDiffusion] notify: (89,23) unowned -> player 0 
[2026-10-06 16:54:25]	[CulturalDiffusion] pending 89,23 claim confirmed on the live map 
[2026-10-06 16:54:25]	[CulturalDiffusion] notify: (87,41) player 0 -> player 4 
[2026-10-06 16:54:25]	[CulturalDiffusion] pending 87,41 claim confirmed on the live map 
[2026-10-06 16:54:25]	[CulturalDiffusion] inject 92,32 civ=0 culture=33 vitality=51.9 strength=40.55 stock=57006.38 cap=81109.67 
[2026-10-06 16:54:25]	[CulturalDiffusion] inject 86,20 civ=0 culture=0 vitality=8.31 strength=0 stock=284.4 cap=0 
[2026-10-06 16:54:25]	[CulturalDiffusion] inject 93,26 civ=0 culture=0 vitality=16.3 strength=0 stock=2256.61 cap=0 
[2026-10-06 16:54:25]	[CulturalDiffusion] inject 87,32 civ=0 culture=12 vitality=52.95 strength=21.16 stock=11952.02 cap=42320.51 
[2026-10-06 16:54:25]	[CulturalDiffusion] inject 90,37 civ=0 culture=1 vitality=23.6 strength=3.17 stock=1532.81 cap=6342.33 
[2026-10-06 16:54:25]	[CulturalDiffusion] inject 89,42 civ=0 culture=0 vitality=11.35 strength=0 stock=596.94 cap=0 
[2026-10-06 16:54:25]	[CulturalDiffusion] inject 81,18 civ=3 culture=10.8 vitality=65.75 strength=16.75 stock=3255.08 cap=33495.89 
[2026-10-06 16:54:25]	[CulturalDiffusion] inject 82,23 civ=3 culture=7.7 vitality=27.79 strength=9.94 stock=2840.08 cap=19889.39 
[2026-10-06 16:54:25]	[CulturalDiffusion] inject 80,31 civ=3 culture=4.4 vitality=20.35 strength=6.2 stock=1591.08 cap=12394.49 
[2026-10-06 16:54:25]	[CulturalDiffusion] inject 84,35 civ=3 culture=3.3 vitality=29.21 strength=5.83 stock=946.6 cap=11662.17 
[2026-10-06 16:54:25]	[CulturalDiffusion] inject 83,44 civ=4 culture=8.8 vitality=20.93 strength=13.25 stock=1905.41 cap=26501.06 
[2026-10-06 16:54:25]	[CulturalDiffusion] inject 91,45 civ=4 culture=4.4 vitality=14.43 strength=7.41 stock=425.02 cap=14827.02 
[2026-10-06 16:54:25]	[CulturalDiffusion] inject 86,47 civ=4 culture=6.6 vitality=15.68 strength=9.93 stock=487.47 cap=19867.64 
[2026-10-06 16:54:25]	[CulturalDiffusion] frontier city=65536 ring=4 best=4074.3 bar=375 over=14/23 center=57006.38 
[2026-10-06 16:54:25]	[CulturalDiffusion] frontier city=131073 ring=4 best=3426.65 bar=375 over=16/24 center=284.4 
[2026-10-06 16:54:25]	[CulturalDiffusion] frontier city=196610 ring=4 best=8527.71 bar=375 over=13/19 center=2256.61 
[2026-10-06 16:54:25]	[CulturalDiffusion] frontier city=262147 ring=4 best=42061.38 bar=375 over=22/24 center=11952.02 
[2026-10-06 16:54:25]	[CulturalDiffusion] frontier city=327684 ring=4 best=11216.37 bar=375 over=18/24 center=1532.81 
[2026-10-06 16:54:25]	[CulturalDiffusion] frontier city=393221 ring=4 best=2787.32 bar=375 over=18/24 center=596.94 
[2026-10-06 16:54:25]	[CulturalDiffusion] flip 87,36 -> player 0 via purchasePlot sent; pending confirmation next pass (was owner 3) 
[2026-10-06 16:54:25]	[CulturalDiffusion] flip 82,19 -> player 0 via purchasePlot sent; pending confirmation next pass (was owner 3) 
[2026-10-06 16:54:25]	[CulturalDiffusion] flip 85,36 -> player 0 via purchasePlot sent; pending confirmation next pass (was owner 3) 
[2026-10-06 16:54:25]	[CulturalDiffusion] flip 91,21 -> player 0 via purchasePlot sent; pending confirmation next pass (was owner -1) 
[2026-10-06 16:54:25]	[CulturalDiffusion] skip flip 85,27: would strand a foreign unit 
[2026-10-06 16:54:25]	[CulturalDiffusion] skip flip 84,27: would strand a foreign unit 
[2026-10-06 16:54:25]	[CulturalDiffusion] flip 84,36 -> player 0 via purchasePlot sent; pending confirmation next pass (was owner 3) 
[2026-10-06 16:54:25]	[CulturalDiffusion] flip 83,35 -> player 0 via purchasePlot sent; pending confirmation next pass (was owner 3) 
[2026-10-06 16:54:25]	[CulturalDiffusion] flip 83,34 -> player 0 via purchasePlot sent; pending confirmation next pass (was owner 3) 
[2026-10-06 16:54:25]	[CulturalDiffusion] flip 84,26 -> player 0 via purchasePlot sent; pending confirmation next pass (was owner -1) 
[2026-10-06 16:54:25]	[CulturalDiffusion] flip 88,43 -> player 4 via purchasePlot sent; pending confirmation next pass (was owner 0) 
[2026-10-06 16:54:25]	[CulturalDiffusion] flip 87,43 -> player 4 via purchasePlot sent; pending confirmation next pass (was owner 0) 
[2026-10-06 16:54:25]	[CulturalDiffusion] flip 84,29 -> player 3 via purchasePlot sent; pending confirmation next pass (was owner 0) 
[2026-10-06 16:54:25]	[CulturalDiffusion] state bytes=27380 field=511 claims=119 locked=62 passMs=54 
[2026-10-06 16:54:25]	[CulturalDiffusion] pass: 0 flip(s), 8 pending, 0 ceded (0 pending), 0 AI flip(s) (3 pending), 0 conquest(s) (0 pending), confirmed 9 claim/0 cede (0 dropped), 0 orphan(s) healed, 0 inner tile(s) released to base game, 511 active field tile(s) 
[2026-10-06 16:54:25]	[CulturalDiffusion] pass (turn 3): flips=0 field tiles=152 
[2026-10-06 16:54:27]	[CulturalDiffusion] flip 87,36 with teardown: torn=2 cleared=true buy=purchasePlot landed=true rebuilt=true restored=false improvement=IMPROVEMENT_FARM 
[2026-10-06 16:54:27]	[CulturalDiffusion] flip 82,19 with teardown: torn=2 cleared=true buy=purchasePlot landed=true rebuilt=true restored=false improvement=IMPROVEMENT_PLANTATION 
[2026-10-06 16:54:27]	[CulturalDiffusion] flip 85,36 with teardown: torn=2 cleared=true buy=purchasePlot landed=true rebuilt=true restored=false improvement=IMPROVEMENT_FARM 
[2026-10-06 16:54:27]	[CulturalDiffusion] flip 84,36 with teardown: torn=2 cleared=true buy=purchasePlot landed=true rebuilt=true restored=false improvement=IMPROVEMENT_CLAY_PIT 
[2026-10-06 16:54:27]	[CulturalDiffusion] flip 83,35 with teardown: torn=2 cleared=true buy=purchasePlot landed=true rebuilt=true restored=false improvement=IMPROVEMENT_FARM 
[2026-10-06 16:54:27]	[CulturalDiffusion] flip 83,34 with teardown: torn=2 cleared=true buy=purchasePlot landed=true rebuilt=true restored=false improvement=IMPROVEMENT_FARM 
[2026-10-06 16:54:27]	[CulturalDiffusion] flip 88,43 with teardown: torn=2 cleared=true buy=purchasePlot landed=true rebuilt=true restored=false improvement=IMPROVEMENT_WOODCUTTER 
[2026-10-06 16:54:27]	[CulturalDiffusion] flip 84,29 with teardown: torn=2 cleared=true buy=purchasePlot landed=true rebuilt=true restored=false improvement=IMPROVEMENT_WOODCUTTER 
[2026-10-06 16:54:28]	[CDH] OBS T1: age=AGE_EXPLORATION turn=3 ownerChanges=28 missionaries=0 moved=0 idleWithMoves=0 gone=0 flipsNearMissionary=0 (district 0) onFlipped=0 jsErrors=0 amAuto=absent 
[2026-10-06 16:54:28]	[CDH] INV T1: claims=119 stale=4 localInner=13 district=0 center=0 pending=11 bytes=27365 
[2026-10-06 16:54:29]	[CDH] TURN k=2 turn=3 age=AGE_EXPLORATION blocker=-1882049560 
[2026-10-06 16:54:38]	[CDH] OBS T2: age=AGE_EXPLORATION turn=3 ownerChanges=0 missionaries=0 moved=0 idleWithMoves=0 gone=0 flipsNearMissionary=0 (district 0) onFlipped=0 jsErrors=0 amAuto=absent 
[2026-10-06 16:54:38]	[CDH] INV T2: claims=119 stale=4 localInner=13 district=0 center=0 pending=11 bytes=27365 
[2026-10-06 16:54:51]	[CulturalDiffusion] notify: (87,36) player 3 -> player 0 
[2026-10-06 16:54:51]	[CulturalDiffusion] pending 87,36 claim confirmed on the live map 
[2026-10-06 16:54:51]	[CulturalDiffusion] notify: (82,19) player 3 -> player 0 
[2026-10-06 16:54:51]	[CulturalDiffusion] pending 82,19 claim confirmed on the live map 
[2026-10-06 16:54:51]	[CulturalDiffusion] notify: (85,36) player 3 -> player 0 
[2026-10-06 16:54:51]	[CulturalDiffusion] pending 85,36 claim confirmed on the live map 
[2026-10-06 16:54:51]	[CulturalDiffusion] notify: (91,21) unowned -> player 0 
[2026-10-06 16:54:51]	[CulturalDiffusion] pending 91,21 claim confirmed on the live map 
[2026-10-06 16:54:51]	[CulturalDiffusion] notify: (84,36) player 3 -> player 0 
[2026-10-06 16:54:51]	[CulturalDiffusion] pending 84,36 claim confirmed on the live map 
[2026-10-06 16:54:51]	[CulturalDiffusion] notify: (83,35) player 3 -> player 0 
[2026-10-06 16:54:51]	[CulturalDiffusion] pending 83,35 claim confirmed on the live map 
[2026-10-06 16:54:51]	[CulturalDiffusion] notify: (83,34) player 3 -> player 0 
[2026-10-06 16:54:51]	[CulturalDiffusion] pending 83,34 claim confirmed on the live map 
[2026-10-06 16:54:51]	[CulturalDiffusion] notify: (84,26) unowned -> player 0 
[2026-10-06 16:54:51]	[CulturalDiffusion] pending 84,26 claim confirmed on the live map 
[2026-10-06 16:54:51]	[CulturalDiffusion] notify: (88,43) player 0 -> player 4 
[2026-10-06 16:54:51]	[CulturalDiffusion] pending 88,43 claim confirmed on the live map 
[2026-10-06 16:54:51]	[CulturalDiffusion] notify: (87,43) player 0 -> player 4 
[2026-10-06 16:54:51]	[CulturalDiffusion] pending 87,43 claim confirmed on the live map 
[2026-10-06 16:54:51]	[CulturalDiffusion] notify: (84,29) player 0 -> player 3 
[2026-10-06 16:54:51]	[CulturalDiffusion] pending 84,29 claim confirmed on the live map 
[2026-10-06 16:54:51]	[CulturalDiffusion] inject 92,32 civ=0 culture=33 vitality=51.9 strength=40.92 stock=57949.28 cap=81846.2 
[2026-10-06 16:54:51]	[CulturalDiffusion] inject 86,20 civ=0 culture=0 vitality=11.54 strength=0 stock=293.04 cap=0 
[2026-10-06 16:54:51]	[CulturalDiffusion] inject 93,26 civ=0 culture=0 vitality=16.3 strength=0 stock=2142.78 cap=0 
[2026-10-06 16:54:51]	[CulturalDiffusion] inject 87,32 civ=0 culture=12 vitality=59.15 strength=22.2 stock=12303.24 cap=44392.32 
[2026-10-06 16:54:51]	[CulturalDiffusion] inject 90,37 civ=0 culture=1 vitality=23.6 strength=3.2 stock=1627.74 cap=6399.93 
[2026-10-06 16:54:51]	[CulturalDiffusion] inject 89,42 civ=0 culture=0 vitality=9.75 strength=0 stock=571.23 cap=0 
[2026-10-06 16:54:51]	[CulturalDiffusion] inject 81,18 civ=3 culture=10.8 vitality=63.48 strength=16.51 stock=3466.32 cap=33027.05 
[2026-10-06 16:54:51]	[CulturalDiffusion] inject 82,23 civ=3 culture=7.7 vitality=25.34 strength=9.61 stock=2911.62 cap=19223.3 
[2026-10-06 16:54:51]	[CulturalDiffusion] inject 80,31 civ=3 culture=4.4 vitality=22.89 strength=6.45 stock=1630.39 cap=12892.64 
[2026-10-06 16:54:51]	[CulturalDiffusion] inject 84,35 civ=3 culture=3.3 vitality=16.52 strength=4.77 stock=984.38 cap=9535.63 
[2026-10-06 16:54:51]	[CulturalDiffusion] inject 83,44 civ=4 culture=8.8 vitality=20.93 strength=13.28 stock=2043.77 cap=26565.78 
[2026-10-06 16:54:51]	[CulturalDiffusion] inject 91,45 civ=4 culture=4.4 vitality=16.06 strength=7.72 stock=483.94 cap=15430.55 
[2026-10-06 16:54:51]	[CulturalDiffusion] inject 86,47 civ=4 culture=6.6 vitality=15.68 strength=9.96 stock=557.43 cap=19916.15 
[2026-10-06 16:54:51]	[CulturalDiffusion] frontier city=65536 ring=4 best=4183.21 bar=375 over=15/23 center=57949.28 
[2026-10-06 16:54:51]	[CulturalDiffusion] frontier city=131073 ring=4 best=3254.32 bar=375 over=16/24 center=293.04 
[2026-10-06 16:54:51]	[CulturalDiffusion] frontier city=196610 ring=4 best=8684.06 bar=375 over=13/19 center=2142.78 
[2026-10-06 16:54:51]	[CulturalDiffusion] frontier city=262147 ring=4 best=42754.78 bar=375 over=22/24 center=12303.24 
[2026-10-06 16:54:51]	[CulturalDiffusion] frontier city=327684 ring=4 best=11401.28 bar=375 over=18/24 center=1627.74 
[2026-10-06 16:54:51]	[CulturalDiffusion] frontier city=393221 ring=4 best=2646.95 bar=375 over=18/24 center=571.23 
[2026-10-06 16:54:51]	[CulturalDiffusion] flip 82,20 -> player 0 via purchasePlot sent; pending confirmation next pass (was owner 3) 
[2026-10-06 16:54:51]	[CulturalDiffusion] skip flip 85,27: would strand a foreign unit 
[2026-10-06 16:54:51]	[CulturalDiffusion] skip flip 84,27: would strand a foreign unit 
[2026-10-06 16:54:51]	[CulturalDiffusion] flip 81,31 -> player 0 via purchasePlot sent; pending confirmation next pass (was owner 3) 
[2026-10-06 16:54:51]	[CulturalDiffusion] flip 82,34 -> player 0 via purchasePlot sent; pending confirmation next pass (was owner 3) 
[2026-10-06 16:54:51]	[CulturalDiffusion] state bytes=27575 field=518 claims=129 locked=64 passMs=53 
[2026-10-06 16:54:51]	[CulturalDiffusion] pass: 0 flip(s), 3 pending, 0 ceded (0 pending), 0 AI flip(s) (0 pending), 0 conquest(s) (0 pending), confirmed 11 claim/0 cede (0 dropped), 0 orphan(s) healed, 0 inner tile(s) released to base game, 518 active field tile(s) 
[2026-10-06 16:54:51]	[CulturalDiffusion] pass (turn 4): flips=0 field tiles=210 
[2026-10-06 16:54:52]	[CDH] TURN k=3 turn=4 age=AGE_EXPLORATION blocker=-1882049560 
[2026-10-06 16:54:53]	[CulturalDiffusion] flip 82,20 with teardown: torn=2 cleared=true buy=purchasePlot landed=true rebuilt=true restored=false improvement=IMPROVEMENT_CLAY_PIT 
[2026-10-06 16:54:53]	[CulturalDiffusion] flip 81,31 with teardown: torn=2 cleared=true buy=purchasePlot landed=true rebuilt=true restored=false improvement=IMPROVEMENT_PLANTATION 
[2026-10-06 16:54:53]	[CulturalDiffusion] flip 82,34 with teardown: torn=2 cleared=true buy=purchasePlot landed=true rebuilt=true restored=false improvement=IMPROVEMENT_CAMP 
[2026-10-06 16:55:00]	[CulturalDiffusion] notify: (82,20) player 3 -> player 0 
[2026-10-06 16:55:00]	[CulturalDiffusion] pending 82,20 claim confirmed on the live map 
[2026-10-06 16:55:00]	[CulturalDiffusion] notify: (81,31) player 3 -> player 0 
[2026-10-06 16:55:00]	[CulturalDiffusion] pending 81,31 claim confirmed on the live map 
[2026-10-06 16:55:00]	[CulturalDiffusion] notify: (82,34) player 3 -> player 0 
[2026-10-06 16:55:00]	[CulturalDiffusion] pending 82,34 claim confirmed on the live map 
[2026-10-06 16:55:00]	[CulturalDiffusion] inject 92,32 civ=0 culture=33 vitality=51.9 strength=41.46 stock=58926.54 cap=82926.13 
[2026-10-06 16:55:00]	[CulturalDiffusion] inject 86,20 civ=0 culture=0 vitality=11.54 strength=0 stock=299.88 cap=0 
[2026-10-06 16:55:00]	[CulturalDiffusion] inject 93,26 civ=0 culture=0 vitality=16.3 strength=0 stock=2034.64 cap=0 
[2026-10-06 16:55:00]	[CulturalDiffusion] inject 87,32 civ=0 culture=12 vitality=59.15 strength=22.49 stock=12663.19 cap=44978.06 
[2026-10-06 16:55:00]	[CulturalDiffusion] inject 90,37 civ=0 culture=1 vitality=23.6 strength=3.24 stock=1659.61 cap=6484.37 
[2026-10-06 16:55:00]	[CulturalDiffusion] inject 89,42 civ=0 culture=0 vitality=9.75 strength=0 stock=546.55 cap=0 
[2026-10-06 16:55:00]	[CulturalDiffusion] inject 81,18 civ=3 culture=9.9 vitality=59.68 strength=15.19 stock=3648.57 cap=30380.42 
[2026-10-06 16:55:00]	[CulturalDiffusion] inject 82,23 civ=3 culture=7.7 vitality=25.34 strength=9.56 stock=2980.68 cap=19118.8 
[2026-10-06 16:55:00]	[CulturalDiffusion] inject 80,31 civ=3 culture=3.3 vitality=21.68 strength=5.22 stock=1649.2 cap=10430.64 
[2026-10-06 16:55:00]	[CulturalDiffusion] inject 84,35 civ=3 culture=2.2 vitality=14.52 strength=3.48 stock=1005.1 cap=6968.45 
[2026-10-06 16:55:00]	[CulturalDiffusion] inject 83,44 civ=4 culture=8.8 vitality=23.37 strength=13.94 stock=2194.87 cap=27884.86 
[2026-10-06 16:55:00]	[CulturalDiffusion] inject 91,45 civ=4 culture=4.4 vitality=16.06 strength=7.79 stock=545.05 cap=15582.47 
[2026-10-06 16:55:00]	[CulturalDiffusion] inject 86,47 civ=4 culture=6.6 vitality=15.68 strength=10.06 stock=630.74 cap=20112.23 
[2026-10-06 16:55:00]	[CulturalDiffusion] frontier city=65536 ring=4 best=4306.13 bar=375 over=16/23 center=58926.54 
[2026-10-06 16:55:00]	[CulturalDiffusion] frontier city=131073 ring=4 best=3090.6 bar=375 over=16/24 center=299.88 
[2026-10-06 16:55:00]	[CulturalDiffusion] frontier city=196610 ring=4 best=8832.89 bar=375 over=14/19 center=2034.64 
[2026-10-06 16:55:00]	[CulturalDiffusion] frontier city=262147 ring=4 best=43461.96 bar=375 over=22/24 center=12663.19 
[2026-10-06 16:55:00]	[CulturalDiffusion] frontier city=327684 ring=4 best=11589.86 bar=375 over=18/24 center=1659.61 
[2026-10-06 16:55:00]	[CulturalDiffusion] frontier city=393221 ring=4 best=2513.6 bar=375 over=18/24 center=546.55 
[2026-10-06 16:55:00]	[CulturalDiffusion] flip 95,30 -> player 0 via purchasePlot sent; pending confirmation next pass (was owner -1) 
[2026-10-06 16:55:00]	[CulturalDiffusion] skip flip 85,27: would strand a foreign unit 
[2026-10-06 16:55:00]	[CulturalDiffusion] skip flip 84,27: would strand a foreign unit 
[2026-10-06 16:55:00]	[CulturalDiffusion] flip 92,45 -> player 0 via purchasePlot sent; pending confirmation next pass (was owner 4) 
[2026-10-06 16:55:00]	[CulturalDiffusion] state bytes=28835 field=528 claims=132 locked=65 passMs=36 
[2026-10-06 16:55:00]	[CulturalDiffusion] pass: 0 flip(s), 2 pending, 0 ceded (0 pending), 0 AI flip(s) (0 pending), 0 conquest(s) (0 pending), confirmed 3 claim/0 cede (0 dropped), 0 orphan(s) healed, 0 inner tile(s) released to base game, 528 active field tile(s) 
[2026-10-06 16:55:00]	[CulturalDiffusion] pass (turn 5): flips=0 field tiles=211 
[2026-10-06 16:55:02]	[CDH] OBS T3: age=AGE_EXPLORATION turn=5 ownerChanges=7 missionaries=0 moved=0 idleWithMoves=0 gone=0 flipsNearMissionary=0 (district 0) onFlipped=0 jsErrors=0 amAuto=absent 
[2026-10-06 16:55:02]	[CDH] INV T3: claims=132 stale=3 localInner=15 district=0 center=0 pending=2 bytes=28820 
[2026-10-06 16:55:03]	[CDH] TURN k=4 turn=5 age=AGE_EXPLORATION blocker=-1882049560 
[2026-10-06 16:55:12]	[CDH] OBS T4: age=AGE_EXPLORATION turn=5 ownerChanges=0 missionaries=0 moved=0 idleWithMoves=0 gone=0 flipsNearMissionary=0 (district 0) onFlipped=0 jsErrors=0 amAuto=absent 
[2026-10-06 16:55:12]	[CDH] INV T4: claims=132 stale=3 localInner=15 district=0 center=0 pending=2 bytes=28820 
[2026-10-06 16:55:19]	[CulturalDiffusion] notify: (95,30) unowned -> player 0 
[2026-10-06 16:55:19]	[CulturalDiffusion] pending 95,30 claim confirmed on the live map 
[2026-10-06 16:55:19]	[CulturalDiffusion] notify: (92,45) player 4 -> player 0 
[2026-10-06 16:55:19]	[CulturalDiffusion] pending 92,45 claim confirmed on the live map 
[2026-10-06 16:55:19]	[CulturalDiffusion] inject 92,32 civ=0 culture=33 vitality=51.9 strength=41.34 stock=59876.19 cap=82687.65 
[2026-10-06 16:55:19]	[CulturalDiffusion] inject 86,20 civ=0 culture=0 vitality=11.54 strength=0 stock=335.43 cap=0 
[2026-10-06 16:55:19]	[CulturalDiffusion] inject 93,26 civ=0 culture=0 vitality=16.3 strength=0 stock=1931.91 cap=0 
[2026-10-06 16:55:19]	[CulturalDiffusion] inject 87,32 civ=0 culture=12 vitality=59.15 strength=22.42 stock=13016.44 cap=44848.71 
[2026-10-06 16:55:19]	[CulturalDiffusion] inject 90,37 civ=0 culture=1 vitality=23.6 strength=3.23 stock=1689.27 cap=6465.72 
[2026-10-06 16:55:19]	[CulturalDiffusion] inject 89,42 civ=0 culture=0 vitality=9.75 strength=0 stock=522.86 cap=0 
[2026-10-06 16:55:19]	[CulturalDiffusion] inject 81,18 civ=3 culture=9.9 vitality=59.68 strength=15.16 stock=3830.05 cap=30317.11 
[2026-10-06 16:55:19]	[CulturalDiffusion] inject 82,23 civ=3 culture=7.7 vitality=25.34 strength=9.54 stock=3047.92 cap=19078.96 
[2026-10-06 16:55:19]	[CulturalDiffusion] inject 80,31 civ=3 culture=3.3 vitality=21.68 strength=5.2 stock=1666.87 cap=10408.9 
[2026-10-06 16:55:19]	[CulturalDiffusion] inject 84,35 civ=3 culture=2.2 vitality=14.52 strength=3.48 stock=1024.48 cap=6953.93 
[2026-10-06 16:55:19]	[CulturalDiffusion] inject 83,44 civ=4 culture=8.8 vitality=23.37 strength=13.9 stock=2346.66 cap=27801.29 
[2026-10-06 16:55:19]	[CulturalDiffusion] inject 91,45 civ=4 culture=4.4 vitality=16.06 strength=7.77 stock=606.46 cap=15535.76 
[2026-10-06 16:55:19]	[CulturalDiffusion] inject 86,47 civ=4 culture=6.6 vitality=15.68 strength=10.03 stock=705.93 cap=20051.95 
[2026-10-06 16:55:19]	[CulturalDiffusion] frontier city=65536 ring=4 best=4432.12 bar=375 over=14/23 center=59876.19 
[2026-10-06 16:55:19]	[CulturalDiffusion] frontier city=131073 ring=4 best=2935.07 bar=375 over=15/24 center=335.43 
[2026-10-06 16:55:19]	[CulturalDiffusion] frontier city=196610 ring=4 best=8978.5 bar=375 over=13/19 center=1931.91 
[2026-10-06 16:55:19]	[CulturalDiffusion] frontier city=262147 ring=4 best=44194.9 bar=375 over=22/24 center=13016.44 
[2026-10-06 16:55:19]	[CulturalDiffusion] frontier city=327684 ring=4 best=11785.31 bar=375 over=18/24 center=1689.27 
[2026-10-06 16:55:19]	[CulturalDiffusion] frontier city=393221 ring=4 best=2386.92 bar=375 over=18/24 center=522.86 
[2026-10-06 16:55:19]	[CulturalDiffusion] skip flip 85,27: would strand a foreign unit 
[2026-10-06 16:55:19]	[CulturalDiffusion] skip flip 84,27: would strand a foreign unit 
[2026-10-06 16:55:19]	[CulturalDiffusion] flip 92,46 -> player 0 via purchasePlot sent; pending confirmation next pass (was owner 4) 
[2026-10-06 16:55:19]	[CulturalDiffusion] state bytes=28871 field=531 claims=134 locked=67 passMs=37 
[2026-10-06 16:55:19]	[CulturalDiffusion] pass: 0 flip(s), 1 pending, 0 ceded (0 pending), 0 AI flip(s) (0 pending), 0 conquest(s) (0 pending), confirmed 2 claim/0 cede (0 dropped), 0 orphan(s) healed, 0 inner tile(s) released to base game, 531 active field tile(s) 
[2026-10-06 16:55:19]	[CulturalDiffusion] pass (turn 6): flips=0 field tiles=212 
[2026-10-06 16:55:20]	[CDH] TURN k=5 turn=6 age=AGE_EXPLORATION blocker=-1882049560 
[2026-10-06 16:55:29]	[CDH] OBS T5: age=AGE_EXPLORATION turn=6 ownerChanges=0 missionaries=0 moved=0 idleWithMoves=0 gone=0 flipsNearMissionary=0 (district 0) onFlipped=0 jsErrors=0 amAuto=absent 
[2026-10-06 16:55:29]	[CDH] INV T5: claims=134 stale=3 localInner=15 district=0 center=0 pending=1 bytes=28856 
[2026-10-06 16:55:29]	[CDH] SEED T5: 400 frontier tiles seeded, state bytes=32375 
[2026-10-06 16:55:34]	[CDH] JSERR Error: Expected this.unit to be non-null. @ fs://game/base-standard/ui/unit-flags/unit-flags.js:348 
[2026-10-06 16:55:37]	[CDH] TURN k=6 turn=7 age=AGE_EXPLORATION blocker=-1882049560 
[2026-10-06 16:55:37]	[CulturalDiffusion] notify: (92,46) player 4 -> player 0 
[2026-10-06 16:55:37]	[CulturalDiffusion] pending 92,46 claim confirmed on the live map 
[2026-10-06 16:55:37]	[CulturalDiffusion] inject 92,32 civ=0 culture=33 vitality=51.9 strength=41.13 stock=60789.57 cap=82266.05 
[2026-10-06 16:55:37]	[CulturalDiffusion] inject 86,20 civ=0 culture=0 vitality=11.54 strength=0 stock=424.2 cap=0 
[2026-10-06 16:55:37]	[CulturalDiffusion] inject 93,26 civ=0 culture=0 vitality=17.2 strength=0 stock=1834.31 cap=0 
[2026-10-06 16:55:37]	[CulturalDiffusion] inject 87,32 civ=0 culture=12 vitality=59.15 strength=22.31 stock=13360.71 cap=44620.04 
[2026-10-06 16:55:37]	[CulturalDiffusion] inject 90,37 civ=0 culture=1 vitality=23.6 strength=3.22 stock=1717.37 cap=6432.76 
[2026-10-06 16:55:37]	[CulturalDiffusion] inject 89,42 civ=0 culture=0 vitality=9.75 strength=0 stock=501.72 cap=0 
[2026-10-06 16:55:37]	[CulturalDiffusion] inject 81,18 civ=3 culture=13.2 vitality=67.74 strength=24.7 stock=4242.95 cap=49393.54 
[2026-10-06 16:55:37]	[CulturalDiffusion] inject 82,23 civ=3 culture=7.7 vitality=25.34 strength=12.33 stock=3196.69 cap=24663.36 
[2026-10-06 16:55:37]	[CulturalDiffusion] inject 80,31 civ=3 culture=3.3 vitality=18.63 strength=6.38 stock=1702.22 cap=12761.23 
[2026-10-06 16:55:37]	[CulturalDiffusion] inject 84,35 civ=3 culture=2.2 vitality=13.92 strength=4.43 stock=1056.52 cap=8857.5 
[2026-10-06 16:55:37]	[CulturalDiffusion] inject 83,44 civ=4 culture=8.8 vitality=20.93 strength=13.29 stock=2488.13 cap=26578.26 
[2026-10-06 16:55:37]	[CulturalDiffusion] inject 91,45 civ=4 culture=4.4 vitality=16.06 strength=7.72 stock=667.71 cap=15437.8 
[2026-10-06 16:55:37]	[CulturalDiffusion] inject 86,47 civ=4 culture=6.6 vitality=15.68 strength=9.96 stock=782.36 cap=19925.51 
[2026-10-06 16:55:37]	[CulturalDiffusion] frontier city=65536 ring=4 best=4555.75 bar=375 over=13/23 center=60789.57 
[2026-10-06 16:55:37]	[CulturalDiffusion] frontier city=131073 ring=4 best=3799 bar=375 over=17/24 center=424.2 
[2026-10-06 16:55:37]	[CulturalDiffusion] frontier city=196610 ring=4 best=9127.01 bar=375 over=13/19 center=1834.31 
[2026-10-06 16:55:37]	[CulturalDiffusion] frontier city=262147 ring=4 best=44907.14 bar=375 over=22/24 center=13360.71 
[2026-10-06 16:55:37]	[CulturalDiffusion] frontier city=327684 ring=4 best=11975.24 bar=375 over=18/24 center=1717.37 
[2026-10-06 16:55:37]	[CulturalDiffusion] frontier city=393221 ring=4 best=2266.58 bar=375 over=20/24 center=501.72 
[2026-10-06 16:55:37]	[CulturalDiffusion] flip 82,21 -> player 0 via purchasePlot sent; pending confirmation next pass (was owner 3) 
[2026-10-06 16:55:37]	[CulturalDiffusion] flip 91,46 -> player 0 via purchasePlot sent; pending confirmation next pass (was owner 4) 
[2026-10-06 16:55:37]	[CulturalDiffusion] flip 81,20 -> player 0 via purchasePlot sent; pending confirmation next pass (was owner 3) 
[2026-10-06 16:55:37]	[CulturalDiffusion] flip 82,18 -> player 0 via purchasePlot sent; pending confirmation next pass (was owner 3) 
[2026-10-06 16:55:37]	[CulturalDiffusion] flip 82,17 -> player 0 via purchasePlot sent; pending confirmation next pass (was owner 3) 
[2026-10-06 16:55:37]	[CulturalDiffusion] flip 83,16 -> player 0 via purchasePlot sent; pending confirmation next pass (was owner -1) 
[2026-10-06 16:55:37]	[CulturalDiffusion] flip 83,25 -> player 0 via purchasePlot sent; pending confirmation next pass (was owner 3) 
[2026-10-06 16:55:37]	[CulturalDiffusion] flip 83,24 -> player 0 via purchasePlot sent; pending confirmation next pass (was owner 3) 
[2026-10-06 16:55:37]	[CulturalDiffusion] flip 86,40 -> player 4 via purchasePlot sent; pending confirmation next pass (was owner 0) 
[2026-10-06 16:55:37]	[CulturalDiffusion] flip 88,42 -> player 4 via purchasePlot sent; pending confirmation next pass (was owner 0) 
[2026-10-06 16:55:37]	[CulturalDiffusion] flip 84,38 -> player 4 via purchasePlot sent; pending confirmation next pass (was owner 0) 
[2026-10-06 16:55:37]	[CulturalDiffusion] flip 83,38 -> player 4 via purchasePlot sent; pending confirmation next pass (was owner -1) 
[2026-10-06 16:55:37]	[CulturalDiffusion] flip 87,40 -> player 4 via purchasePlot sent; pending confirmation next pass (was owner 0) 
[2026-10-06 16:55:37]	[CulturalDiffusion] flip 82,38 -> player 4 via purchasePlot sent; pending confirmation next pass (was owner -1) 
[2026-10-06 16:55:37]	[CulturalDiffusion] state bytes=28837 field=531 claims=135 locked=66 passMs=130 
[2026-10-06 16:55:37]	[CulturalDiffusion] pass: 0 flip(s), 8 pending, 0 ceded (0 pending), 0 AI flip(s) (6 pending), 0 conquest(s) (0 pending), confirmed 1 claim/0 cede (0 dropped), 0 orphan(s) healed, 0 inner tile(s) released to base game, 531 active field tile(s) 
[2026-10-06 16:55:37]	[CulturalDiffusion] pass (turn 7): flips=0 field tiles=111 
[2026-10-06 16:55:39]	[CulturalDiffusion] flip 82,21 with teardown: torn=2 cleared=true buy=purchasePlot landed=true rebuilt=true restored=false improvement=IMPROVEMENT_MINE_RESOURCE 
[2026-10-06 16:55:39]	[CulturalDiffusion] flip 81,20 with teardown: torn=2 cleared=true buy=purchasePlot landed=true rebuilt=true restored=false improvement=IMPROVEMENT_FARM 
[2026-10-06 16:55:46]	[CDH] OBS T6: age=AGE_EXPLORATION turn=7 ownerChanges=14 missionaries=0 moved=0 idleWithMoves=0 gone=0 flipsNearMissionary=0 (district 0) onFlipped=0 jsErrors=1 amAuto=absent 
[2026-10-06 16:55:46]	[CDH] INV T6: claims=135 stale=5 localInner=15 district=0 center=0 pending=14 bytes=28822 
[2026-10-06 16:55:50]	[CDH] JSERR Error: Expected this.unit to be non-null. @ fs://game/base-standard/ui/unit-flags/unit-flags.js:348 
[2026-10-06 16:55:53]	[CulturalDiffusion] notify: (82,21) player 3 -> player 0 
[2026-10-06 16:55:53]	[CulturalDiffusion] pending 82,21 claim confirmed on the live map 
[2026-10-06 16:55:53]	[CulturalDiffusion] notify: (91,46) player 4 -> player 0 
[2026-10-06 16:55:53]	[CulturalDiffusion] pending 91,46 claim confirmed on the live map 
[2026-10-06 16:55:53]	[CulturalDiffusion] notify: (81,20) player 3 -> player 0 
[2026-10-06 16:55:53]	[CulturalDiffusion] pending 81,20 claim confirmed on the live map 
[2026-10-06 16:55:53]	[CulturalDiffusion] notify: (82,18) player 3 -> player 0 
[2026-10-06 16:55:53]	[CulturalDiffusion] pending 82,18 claim confirmed on the live map 
[2026-10-06 16:55:53]	[CulturalDiffusion] notify: (82,17) player 3 -> player 0 
[2026-10-06 16:55:53]	[CulturalDiffusion] pending 82,17 claim confirmed on the live map 
[2026-10-06 16:55:53]	[CulturalDiffusion] notify: (83,16) unowned -> player 0 
[2026-10-06 16:55:53]	[CulturalDiffusion] pending 83,16 claim confirmed on the live map 
[2026-10-06 16:55:53]	[CulturalDiffusion] notify: (83,25) player 3 -> player 0 
[2026-10-06 16:55:53]	[CulturalDiffusion] pending 83,25 claim confirmed on the live map 
[2026-10-06 16:55:53]	[CulturalDiffusion] notify: (83,24) player 3 -> player 0 
[2026-10-06 16:55:53]	[CulturalDiffusion] pending 83,24 claim confirmed on the live map 
[2026-10-06 16:55:53]	[CulturalDiffusion] notify: (86,40) player 0 -> player 4 
[2026-10-06 16:55:53]	[CulturalDiffusion] pending 86,40 claim confirmed on the live map 
[2026-10-06 16:55:53]	[CulturalDiffusion] notify: (88,42) player 0 -> player 4 
[2026-10-06 16:55:53]	[CulturalDiffusion] pending 88,42 claim confirmed on the live map 
[2026-10-06 16:55:53]	[CulturalDiffusion] notify: (84,38) player 0 -> player 4 
[2026-10-06 16:55:53]	[CulturalDiffusion] pending 84,38 claim confirmed on the live map 
[2026-10-06 16:55:53]	[CulturalDiffusion] notify: (83,38) unowned -> player 4 
[2026-10-06 16:55:53]	[CulturalDiffusion] pending 83,38 claim confirmed on the live map 
[2026-10-06 16:55:53]	[CulturalDiffusion] notify: (87,40) player 0 -> player 4 
[2026-10-06 16:55:53]	[CulturalDiffusion] pending 87,40 claim confirmed on the live map 
[2026-10-06 16:55:53]	[CulturalDiffusion] notify: (82,38) unowned -> player 4 
[2026-10-06 16:55:53]	[CulturalDiffusion] pending 82,38 claim confirmed on the live map 
[2026-10-06 16:55:53]	[CulturalDiffusion] inject 92,32 civ=0 culture=33 vitality=52.4 strength=41.4 stock=61711.97 cap=82791.14 
[2026-10-06 16:55:53]	[CulturalDiffusion] inject 86,20 civ=0 culture=0 vitality=14.65 strength=0 stock=525.17 cap=0 
[2026-10-06 16:55:53]	[CulturalDiffusion] inject 93,26 civ=0 culture=0 vitality=17.7 strength=0 stock=1741.6 cap=0 
[2026-10-06 16:55:53]	[CulturalDiffusion] inject 87,32 civ=0 culture=12 vitality=59.65 strength=22.44 stock=13706.88 cap=44886.46 
[2026-10-06 16:55:53]	[CulturalDiffusion] inject 90,37 civ=0 culture=1 vitality=24.1 strength=3.25 stock=1745.63 cap=6499.65 
[2026-10-06 16:55:53]	[CulturalDiffusion] inject 89,42 civ=0 culture=0 vitality=10.25 strength=0 stock=485.7 cap=0 
[2026-10-06 16:55:53]	[CulturalDiffusion] inject 81,18 civ=3 culture=14.3 vitality=68.44 strength=26.01 stock=4701.41 cap=52018.99 
[2026-10-06 16:55:53]	[CulturalDiffusion] inject 82,23 civ=3 culture=7.7 vitality=20.81 strength=11.47 stock=3323.8 cap=22933.25 
[2026-10-06 16:55:53]	[CulturalDiffusion] inject 80,31 civ=3 culture=3.3 vitality=18.12 strength=6.29 stock=1735.06 cap=12589.51 
[2026-10-06 16:55:53]	[CulturalDiffusion] inject 84,35 civ=3 culture=2.2 vitality=13.41 strength=4.35 stock=1086.17 cap=8708.93 
[2026-10-06 16:55:53]	[CulturalDiffusion] inject 83,44 civ=4 culture=8.8 vitality=20.93 strength=13.28 stock=2630.04 cap=26568.14 
[2026-10-06 16:55:53]	[CulturalDiffusion] inject 91,45 civ=4 culture=4.4 vitality=16.06 strength=7.72 stock=729.04 cap=15431.92 
[2026-10-06 16:55:53]	[CulturalDiffusion] inject 86,47 civ=4 culture=6.6 vitality=15.68 strength=9.96 stock=860.31 cap=19917.92 
[2026-10-06 16:55:53]	[CulturalDiffusion] frontier city=65536 ring=4 best=4676.25 bar=375 over=12/23 center=61711.97 
[2026-10-06 16:55:53]	[CulturalDiffusion] frontier city=131073 ring=4 best=3608.05 bar=375 over=17/24 center=525.17 
[2026-10-06 16:55:53]	[CulturalDiffusion] frontier city=196610 ring=4 best=9280.93 bar=375 over=13/19 center=1741.6 
[2026-10-06 16:55:53]	[CulturalDiffusion] frontier city=262147 ring=4 best=45592.18 bar=375 over=22/24 center=13706.88 
[2026-10-06 16:55:53]	[CulturalDiffusion] frontier city=327684 ring=4 best=12157.91 bar=375 over=18/24 center=1745.63 
[2026-10-06 16:55:53]	[CulturalDiffusion] frontier city=393221 ring=4 best=2152.25 bar=375 over=20/24 center=485.7 
[2026-10-06 16:55:53]	[CulturalDiffusion] flip 81,21 -> player 0 via purchasePlot sent; pending confirmation next pass (was owner 3) 
[2026-10-06 16:55:53]	[CulturalDiffusion] skip flip 85,27: would strand a foreign unit 
[2026-10-06 16:55:53]	[CulturalDiffusion] skip flip 84,27: would strand a foreign unit 
[2026-10-06 16:55:53]	[CulturalDiffusion] flip 83,26 -> player 0 via purchasePlot sent; pending confirmation next pass (was owner 3) 
[2026-10-06 16:55:53]	[CulturalDiffusion] flip 82,25 -> player 0 via purchasePlot sent; pending confirmation next pass (was owner 3) 
[2026-10-06 16:55:53]	[CulturalDiffusion] flip 83,27 -> player 0 via purchasePlot sent; pending confirmation next pass (was owner 3) 
[2026-10-06 16:55:53]	[CulturalDiffusion] state bytes=29497 field=531 claims=147 locked=74 passMs=44 
[2026-10-06 16:55:53]	[CulturalDiffusion] pass: 0 flip(s), 4 pending, 0 ceded (0 pending), 0 AI flip(s) (0 pending), 0 conquest(s) (0 pending), confirmed 14 claim/0 cede (0 dropped), 0 orphan(s) healed, 0 inner tile(s) released to base game, 531 active field tile(s) 
[2026-10-06 16:55:53]	[CulturalDiffusion] pass (turn 8): flips=0 field tiles=208 
[2026-10-06 16:55:54]	[CDH] TURN k=7 turn=8 age=AGE_EXPLORATION blocker=-1882049560 
[2026-10-06 16:55:55]	[CulturalDiffusion] flip 81,21 with teardown: torn=2 cleared=true buy=purchasePlot landed=true rebuilt=true restored=false improvement=IMPROVEMENT_PASTURE 
[2026-10-06 16:55:55]	[CulturalDiffusion] flip 82,25 with teardown: torn=2 cleared=true buy=purchasePlot landed=true rebuilt=true restored=false improvement=IMPROVEMENT_POTKOP 
[2026-10-06 16:56:03]	[CDH] OBS T7: age=AGE_EXPLORATION turn=8 ownerChanges=4 missionaries=0 moved=0 idleWithMoves=0 gone=0 flipsNearMissionary=0 (district 0) onFlipped=0 jsErrors=2 amAuto=absent 
[2026-10-06 16:56:03]	[CDH] INV T7: claims=147 stale=4 localInner=17 district=0 center=0 pending=4 bytes=29482 
[2026-10-06 16:56:13]	[CulturalDiffusion] notify: (81,21) player 3 -> player 0 
[2026-10-06 16:56:13]	[CulturalDiffusion] pending 81,21 claim confirmed on the live map 
[2026-10-06 16:56:13]	[CulturalDiffusion] notify: (83,26) player 3 -> player 0 
[2026-10-06 16:56:13]	[CulturalDiffusion] pending 83,26 claim confirmed on the live map 
[2026-10-06 16:56:13]	[CulturalDiffusion] notify: (82,25) player 3 -> player 0 
[2026-10-06 16:56:13]	[CulturalDiffusion] pending 82,25 claim confirmed on the live map 
[2026-10-06 16:56:13]	[CulturalDiffusion] notify: (83,27) player 3 -> player 0 
[2026-10-06 16:56:13]	[CulturalDiffusion] pending 83,27 claim confirmed on the live map 
[2026-10-06 16:56:13]	[CulturalDiffusion] inject 92,32 civ=0 culture=33 vitality=52.4 strength=40.85 stock=62565.76 cap=81702.43 
[2026-10-06 16:56:13]	[CulturalDiffusion] inject 86,20 civ=0 culture=0 vitality=18.95 strength=0 stock=546.85 cap=0 
[2026-10-06 16:56:13]	[CulturalDiffusion] inject 93,26 civ=0 culture=0 vitality=17.7 strength=0 stock=1653.52 cap=0 
[2026-10-06 16:56:13]	[CulturalDiffusion] inject 87,32 civ=0 culture=12 vitality=59.65 strength=22.15 stock=14035.49 cap=44296.2 
[2026-10-06 16:56:13]	[CulturalDiffusion] inject 90,37 civ=0 culture=1 vitality=24.1 strength=3.21 stock=1773.21 cap=6414.18 
[2026-10-06 16:56:13]	[CulturalDiffusion] inject 89,42 civ=0 culture=0 vitality=10.25 strength=0 stock=465.83 cap=0 
[2026-10-06 16:56:13]	[CulturalDiffusion] inject 81,18 civ=3 culture=14.3 vitality=66.69 strength=24.65 stock=5136.86 cap=49290.48 
[2026-10-06 16:56:13]	[CulturalDiffusion] inject 82,23 civ=3 culture=7.7 vitality=15.39 strength=9.87 stock=3412.2 cap=19730.27 
[2026-10-06 16:56:13]	[CulturalDiffusion] inject 80,31 civ=3 culture=3.3 vitality=18.12 strength=6.02 stock=1762.34 cap=12037.81 
[2026-10-06 16:56:13]	[CulturalDiffusion] inject 84,35 civ=3 culture=2.2 vitality=13.41 strength=4.16 stock=1111.99 cap=8327.28 
[2026-10-06 16:56:13]	[CulturalDiffusion] inject 83,44 civ=4 culture=8.8 vitality=22.03 strength=17.2 stock=2850.01 cap=34390.46 
[2026-10-06 16:56:13]	[CulturalDiffusion] inject 91,45 civ=4 culture=4.4 vitality=17.16 strength=10.04 stock=814.66 cap=20081.62 
[2026-10-06 16:56:13]	[CulturalDiffusion] inject 86,47 civ=4 culture=6.6 vitality=16.78 strength=12.97 stock=973.77 cap=25932.3 
[2026-10-06 16:56:13]	[CulturalDiffusion] frontier city=65536 ring=4 best=4797.41 bar=375 over=12/23 center=62565.76 
[2026-10-06 16:56:13]	[CulturalDiffusion] frontier city=131073 ring=4 best=3426.65 bar=375 over=17/24 center=546.85 
[2026-10-06 16:56:13]	[CulturalDiffusion] frontier city=196610 ring=4 best=9430.5 bar=375 over=13/19 center=1653.52 
[2026-10-06 16:56:13]	[CulturalDiffusion] frontier city=262147 ring=4 best=46283.98 bar=375 over=22/24 center=14035.49 
[2026-10-06 16:56:13]	[CulturalDiffusion] frontier city=327684 ring=4 best=12342.39 bar=375 over=18/24 center=1773.21 
[2026-10-06 16:56:13]	[CulturalDiffusion] frontier city=393221 ring=4 best=2164.83 bar=375 over=20/24 center=465.83 
[2026-10-06 16:56:13]	[CulturalDiffusion] skip flip 85,27: would strand a foreign unit 
[2026-10-06 16:56:13]	[CulturalDiffusion] skip flip 84,27: would strand a foreign unit 
[2026-10-06 16:56:13]	[CulturalDiffusion] flip 80,21 -> player 0 via purchasePlot sent; pending confirmation next pass (was owner 3) 
[2026-10-06 16:56:13]	[CulturalDiffusion] state bytes=29936 field=531 claims=150 locked=77 passMs=39 
[2026-10-06 16:56:13]	[CulturalDiffusion] pass: 0 flip(s), 1 pending, 0 ceded (0 pending), 0 AI flip(s) (0 pending), 0 conquest(s) (0 pending), confirmed 4 claim/0 cede (0 dropped), 0 orphan(s) healed, 0 inner tile(s) released to base game, 531 active field tile(s) 
[2026-10-06 16:56:13]	[CulturalDiffusion] pass (turn 9): flips=0 field tiles=208 
[2026-10-06 16:56:15]	[CDH] TURN k=8 turn=9 age=AGE_EXPLORATION blocker=-1882049560 
[2026-10-06 16:56:15]	[CulturalDiffusion] flip 80,21 with teardown: torn=2 cleared=true buy=purchasePlot landed=true rebuilt=true restored=false improvement=IMPROVEMENT_POTKOP 
[2026-10-06 16:56:24]	[CDH] OBS T8: age=AGE_EXPLORATION turn=9 ownerChanges=1 missionaries=0 moved=0 idleWithMoves=0 gone=0 flipsNearMissionary=0 (district 0) onFlipped=0 jsErrors=2 amAuto=absent 
[2026-10-06 16:56:24]	[CDH] INV T8: claims=150 stale=3 localInner=17 district=0 center=0 pending=1 bytes=29921 
[2026-10-06 16:56:33]	[CulturalDiffusion] notify: (80,21) player 3 -> player 0 
[2026-10-06 16:56:33]	[CulturalDiffusion] pending 80,21 claim confirmed on the live map 
[2026-10-06 16:56:33]	[CulturalDiffusion] inject 92,32 civ=0 culture=33 vitality=52.4 strength=40.55 stock=63375.15 cap=81107.6 
[2026-10-06 16:56:33]	[CulturalDiffusion] inject 86,20 civ=0 culture=0 vitality=24.95 strength=0 stock=654.75 cap=0 
[2026-10-06 16:56:33]	[CulturalDiffusion] inject 93,26 civ=0 culture=0 vitality=17.7 strength=0 stock=1569.84 cap=0 
[2026-10-06 16:56:33]	[CulturalDiffusion] inject 87,32 civ=0 culture=12 vitality=58.1 strength=21.79 stock=14343.14 cap=43570.34 
[2026-10-06 16:56:33]	[CulturalDiffusion] inject 90,37 civ=0 culture=1 vitality=24.1 strength=3.18 stock=1802.1 cap=6367.48 
[2026-10-06 16:56:33]	[CulturalDiffusion] inject 89,42 civ=0 culture=0 vitality=10.25 strength=0 stock=446.67 cap=0 
[2026-10-06 16:56:33]	[CulturalDiffusion] inject 81,18 civ=3 culture=14.3 vitality=64.37 strength=24.09 stock=5565.44 cap=48181.23 
[2026-10-06 16:56:33]	[CulturalDiffusion] inject 82,23 civ=3 culture=7.7 vitality=15.39 strength=9.76 stock=3495.33 cap=19526.33 
[2026-10-06 16:56:33]	[CulturalDiffusion] inject 80,31 civ=3 culture=3.3 vitality=18.12 strength=5.96 stock=1787.62 cap=11913.38 
[2026-10-06 16:56:33]	[CulturalDiffusion] inject 84,35 civ=3 culture=2.2 vitality=13.41 strength=4.12 stock=1135.94 cap=8241.21 
[2026-10-06 16:56:33]	[CulturalDiffusion] inject 83,44 civ=4 culture=8.8 vitality=26 strength=18.43 stock=3098.82 cap=36862.26 
[2026-10-06 16:56:33]	[CulturalDiffusion] inject 91,45 civ=4 culture=4.4 vitality=18.69 strength=10.46 stock=906.25 cap=20926.38 
[2026-10-06 16:56:33]	[CulturalDiffusion] inject 86,47 civ=4 culture=6.6 vitality=18.31 strength=13.52 stock=1097.67 cap=27041.77 
[2026-10-06 16:56:33]	[CulturalDiffusion] frontier city=65536 ring=4 best=4912.42 bar=375 over=12/23 center=63375.15 
[2026-10-06 16:56:33]	[CulturalDiffusion] frontier city=131073 ring=4 best=3254.32 bar=375 over=17/24 center=654.75 
[2026-10-06 16:56:33]	[CulturalDiffusion] frontier city=196610 ring=4 best=9574.36 bar=375 over=13/19 center=1569.84 
[2026-10-06 16:56:33]	[CulturalDiffusion] frontier city=262147 ring=4 best=46924.32 bar=375 over=22/24 center=14343.14 
[2026-10-06 16:56:33]	[CulturalDiffusion] frontier city=327684 ring=4 best=12513.15 bar=375 over=18/24 center=1802.1 
[2026-10-06 16:56:33]	[CulturalDiffusion] frontier city=393221 ring=4 best=2055.99 bar=375 over=20/24 center=446.67 
[2026-10-06 16:56:33]	[CulturalDiffusion] skip flip 85,27: would strand a foreign unit 
[2026-10-06 16:56:33]	[CulturalDiffusion] skip flip 84,27: would strand a foreign unit 
[2026-10-06 16:56:33]	[CulturalDiffusion] state bytes=30066 field=531 claims=151 locked=78 passMs=36 
[2026-10-06 16:56:33]	[CulturalDiffusion] pass: 0 flip(s), 0 pending, 0 ceded (0 pending), 0 AI flip(s) (0 pending), 0 conquest(s) (0 pending), confirmed 1 claim/0 cede (0 dropped), 0 orphan(s) healed, 0 inner tile(s) released to base game, 531 active field tile(s) 
[2026-10-06 16:56:33]	[CulturalDiffusion] pass (turn 10): flips=0 field tiles=208 
[2026-10-06 16:56:34]	[CDH] TURN k=9 turn=10 age=AGE_EXPLORATION blocker=-1882049560 
[2026-10-06 16:56:43]	[CDH] OBS T9: age=AGE_EXPLORATION turn=10 ownerChanges=0 missionaries=0 moved=0 idleWithMoves=0 gone=0 flipsNearMissionary=0 (district 0) onFlipped=0 jsErrors=2 amAuto=absent 
[2026-10-06 16:56:43]	[CDH] INV T9: claims=151 stale=3 localInner=17 district=0 center=0 pending=0 bytes=30051 
[2026-10-06 16:56:52]	[CDH] TURN k=10 turn=11 age=AGE_EXPLORATION blocker=-1882049560 
[2026-10-06 16:56:52]	[CulturalDiffusion] inject 92,32 civ=0 culture=33 vitality=52.4 strength=40.5 stock=64164.62 cap=81009.82 
[2026-10-06 16:56:52]	[CulturalDiffusion] inject 86,20 civ=0 culture=0 vitality=24.95 strength=0 stock=789.22 cap=0 
[2026-10-06 16:56:52]	[CulturalDiffusion] inject 93,26 civ=0 culture=0 vitality=17.7 strength=0 stock=1490.35 cap=0 
[2026-10-06 16:56:52]	[CulturalDiffusion] inject 87,32 civ=0 culture=12 vitality=55.85 strength=21.46 stock=14631.31 cap=42920.38 
[2026-10-06 16:56:52]	[CulturalDiffusion] inject 90,37 civ=0 culture=1 vitality=24.1 strength=3.18 stock=1830.5 cap=6359.8 
[2026-10-06 16:56:52]	[CulturalDiffusion] inject 89,42 civ=0 culture=0 vitality=10.25 strength=0 stock=428.22 cap=0 
[2026-10-06 16:56:52]	[CulturalDiffusion] inject 81,18 civ=3 culture=14.3 vitality=64.37 strength=24.31 stock=6005.91 cap=48621.54 
[2026-10-06 16:56:52]	[CulturalDiffusion] inject 82,23 civ=3 culture=7.7 vitality=15.39 strength=9.85 stock=3577.66 cap=19704.77 
[2026-10-06 16:56:52]	[CulturalDiffusion] inject 80,31 civ=3 culture=3.3 vitality=18.12 strength=6.01 stock=1812.83 cap=12022.25 
[2026-10-06 16:56:52]	[CulturalDiffusion] inject 84,35 civ=3 culture=2.2 vitality=13.41 strength=4.16 stock=1159.15 cap=8316.52 
[2026-10-06 16:56:52]	[CulturalDiffusion] inject 83,44 civ=4 culture=8.8 vitality=26 strength=18.45 stock=3352.22 cap=36900.38 
[2026-10-06 16:56:52]	[CulturalDiffusion] inject 91,45 civ=4 culture=4.4 vitality=18.69 strength=10.47 stock=999.34 cap=20948.02 
[2026-10-06 16:56:52]	[CulturalDiffusion] inject 86,47 civ=4 culture=6.6 vitality=18.31 strength=13.53 stock=1225.62 cap=27069.73 
[2026-10-06 16:56:52]	[CulturalDiffusion] frontier city=65536 ring=4 best=5020.1 bar=375 over=12/23 center=64164.62 
[2026-10-06 16:56:52]	[CulturalDiffusion] frontier city=131073 ring=4 best=3090.6 bar=375 over=17/24 center=789.22 
[2026-10-06 16:56:52]	[CulturalDiffusion] frontier city=196610 ring=4 best=9719.64 bar=375 over=13/19 center=1490.35 
[2026-10-06 16:56:52]	[CulturalDiffusion] frontier city=262147 ring=4 best=47531.36 bar=375 over=22/24 center=14631.31 
[2026-10-06 16:56:52]	[CulturalDiffusion] frontier city=327684 ring=4 best=12675.03 bar=375 over=18/24 center=1830.5 
[2026-10-06 16:56:52]	[CulturalDiffusion] frontier city=393221 ring=4 best=1952.59 bar=375 over=18/24 center=428.22 
[2026-10-06 16:56:52]	[CulturalDiffusion] skip flip 85,27: would strand a foreign unit 
[2026-10-06 16:56:52]	[CulturalDiffusion] skip flip 84,27: would strand a foreign unit 
[2026-10-06 16:56:52]	[CulturalDiffusion] flip 80,20 -> player 0 via purchasePlot sent; pending confirmation next pass (was owner 3) 
[2026-10-06 16:56:52]	[CulturalDiffusion] state bytes=30931 field=531 claims=151 locked=77 passMs=37 
[2026-10-06 16:56:52]	[CulturalDiffusion] pass: 0 flip(s), 1 pending, 0 ceded (0 pending), 0 AI flip(s) (0 pending), 0 conquest(s) (0 pending), confirmed 0 claim/0 cede (0 dropped), 0 orphan(s) healed, 0 inner tile(s) released to base game, 531 active field tile(s) 
[2026-10-06 16:56:52]	[CulturalDiffusion] pass (turn 11): flips=0 field tiles=208 
[2026-10-06 16:56:54]	[CulturalDiffusion] flip 80,20 with teardown: torn=2 cleared=true buy=purchasePlot landed=true rebuilt=true restored=false improvement=IMPROVEMENT_FISHING_BOAT 
[2026-10-06 16:57:01]	[CDH] OBS T10: age=AGE_EXPLORATION turn=11 ownerChanges=1 missionaries=0 moved=0 idleWithMoves=0 gone=0 flipsNearMissionary=0 (district 0) onFlipped=0 jsErrors=2 amAuto=absent 
[2026-10-06 16:57:01]	[CDH] INV T10: claims=151 stale=3 localInner=17 district=0 center=0 pending=1 bytes=30916 
[2026-10-06 16:57:01]	[CDH] SEED T10: 400 frontier tiles seeded, state bytes=34458 
[2026-10-06 16:57:09]	[CulturalDiffusion] notify: (80,20) player 3 -> player 0 
[2026-10-06 16:57:09]	[CulturalDiffusion] pending 80,20 claim confirmed on the live map 
[2026-10-06 16:57:09]	[CulturalDiffusion] inject 92,32 civ=0 culture=33 vitality=52.4 strength=40.46 stock=64935.18 cap=80928.92 
[2026-10-06 16:57:09]	[CulturalDiffusion] inject 86,20 civ=0 culture=1 vitality=26.45 strength=3.28 stock=912.06 cap=6563.76 
[2026-10-06 16:57:09]	[CulturalDiffusion] inject 93,26 civ=0 culture=0 vitality=17.7 strength=0 stock=1414.83 cap=0 
[2026-10-06 16:57:09]	[CulturalDiffusion] inject 87,32 civ=0 culture=12 vitality=55.85 strength=21.44 stock=14914.11 cap=42877.52 
[2026-10-06 16:57:09]	[CulturalDiffusion] inject 90,37 civ=0 culture=1 vitality=24.1 strength=3.18 stock=1857.83 cap=6353.45 
[2026-10-06 16:57:09]	[CulturalDiffusion] inject 89,42 civ=0 culture=0 vitality=10.25 strength=0 stock=850.61 cap=0 
[2026-10-06 16:57:09]	[CulturalDiffusion] inject 81,18 civ=3 culture=11 vitality=62.12 strength=20.18 stock=6348.76 cap=40357.42 
[2026-10-06 16:57:09]	[CulturalDiffusion] inject 82,23 civ=3 culture=7.7 vitality=15.09 strength=9.75 stock=3662.16 cap=19502.77 
[2026-10-06 16:57:09]	[CulturalDiffusion] inject 80,31 civ=3 culture=3.3 vitality=18.12 strength=5.99 stock=1836.77 cap=11980.96 
[2026-10-06 16:57:09]	[CulturalDiffusion] inject 84,35 civ=3 culture=2.2 vitality=13.41 strength=4.14 stock=1184.19 cap=8287.96 
[2026-10-06 16:57:09]	[CulturalDiffusion] inject 83,44 civ=4 culture=8.8 vitality=24.99 strength=18.03 stock=3599.78 cap=36052.58 
[2026-10-06 16:57:09]	[CulturalDiffusion] inject 91,45 civ=4 culture=4.4 vitality=17.67 strength=10.18 stock=1089.87 cap=20352.9 
[2026-10-06 16:57:09]	[CulturalDiffusion] inject 86,47 civ=4 culture=6.6 vitality=17.29 strength=13.14 stock=1351.78 cap=26288.7 
[2026-10-06 16:57:09]	[CulturalDiffusion] frontier city=65536 ring=4 best=5120.96 bar=375 over=12/23 center=64935.18 
[2026-10-06 16:57:09]	[CulturalDiffusion] frontier city=131073 ring=4 best=3799 bar=375 over=17/24 center=912.06 
[2026-10-06 16:57:09]	[CulturalDiffusion] frontier city=196610 ring=4 best=9854.11 bar=375 over=13/19 center=1414.83 
[2026-10-06 16:57:09]	[CulturalDiffusion] frontier city=262147 ring=4 best=48123.47 bar=375 over=22/24 center=14914.11 
[2026-10-06 16:57:09]	[CulturalDiffusion] frontier city=327684 ring=4 best=12832.92 bar=375 over=18/24 center=1857.83 
[2026-10-06 16:57:09]	[CulturalDiffusion] frontier city=393221 ring=4 best=3799 bar=375 over=18/24 center=850.61 
[2026-10-06 16:57:09]	[CulturalDiffusion] skip flip 85,27: would strand a foreign unit 
[2026-10-06 16:57:09]	[CulturalDiffusion] skip flip 84,27: would strand a foreign unit 
[2026-10-06 16:57:09]	[CulturalDiffusion] flip 81,17 -> player 0 via purchasePlot sent; pending confirmation next pass (was owner 3) 
[2026-10-06 16:57:09]	[CulturalDiffusion] flip 82,16 -> player 0 via purchasePlot sent; pending confirmation next pass (was owner 3) 
[2026-10-06 16:57:09]	[CulturalDiffusion] flip 82,15 -> player 0 via purchasePlot sent; pending confirmation next pass (was owner -1) 
[2026-10-06 16:57:09]	[CulturalDiffusion] flip 81,22 -> player 0 via purchasePlot sent; pending confirmation next pass (was owner 3) 
[2026-10-06 16:57:09]	[CulturalDiffusion] flip 84,39 -> player 4 via purchasePlot sent; pending confirmation next pass (was owner 0) 
[2026-10-06 16:57:09]	[CulturalDiffusion] skip flip 85,38: would strand a foreign unit 
[2026-10-06 16:57:09]	[CulturalDiffusion] state bytes=29940 field=531 claims=152 locked=76 passMs=40 
[2026-10-06 16:57:09]	[CulturalDiffusion] pass: 0 flip(s), 4 pending, 0 ceded (0 pending), 0 AI flip(s) (1 pending), 0 conquest(s) (0 pending), confirmed 1 claim/0 cede (0 dropped), 0 orphan(s) healed, 0 inner tile(s) released to base game, 531 active field tile(s) 
[2026-10-06 16:57:09]	[CulturalDiffusion] pass (turn 12): flips=0 field tiles=208 
[2026-10-06 16:57:10]	[CDH] TURN k=11 turn=12 age=AGE_EXPLORATION blocker=-1882049560 
[2026-10-06 16:57:10]	[CulturalDiffusion] flip 81,17 with teardown: torn=2 cleared=true buy=purchasePlot landed=true rebuilt=true restored=false improvement=IMPROVEMENT_CAMP 
[2026-10-06 16:57:10]	[CulturalDiffusion] flip 81,22 with teardown: torn=2 cleared=true buy=purchasePlot landed=true rebuilt=true restored=false improvement=IMPROVEMENT_FARM 
[2026-10-06 16:57:19]	[CDH] OBS T11: age=AGE_EXPLORATION turn=12 ownerChanges=5 missionaries=0 moved=0 idleWithMoves=0 gone=0 flipsNearMissionary=0 (district 0) onFlipped=0 jsErrors=2 amAuto=absent 
[2026-10-06 16:57:19]	[CDH] INV T11: claims=152 stale=4 localInner=17 district=0 center=0 pending=5 bytes=29925 
[2026-10-06 16:57:29]	[CulturalDiffusion] notify: (81,17) player 3 -> player 0 
[2026-10-06 16:57:29]	[CulturalDiffusion] pending 81,17 claim confirmed on the live map 
[2026-10-06 16:57:29]	[CulturalDiffusion] notify: (82,16) player 3 -> player 0 
[2026-10-06 16:57:29]	[CulturalDiffusion] pending 82,16 claim confirmed on the live map 
[2026-10-06 16:57:29]	[CulturalDiffusion] notify: (82,15) unowned -> player 0 
[2026-10-06 16:57:29]	[CulturalDiffusion] pending 82,15 claim confirmed on the live map 
[2026-10-06 16:57:29]	[CulturalDiffusion] notify: (81,22) player 3 -> player 0 
[2026-10-06 16:57:29]	[CulturalDiffusion] pending 81,22 claim confirmed on the live map 
[2026-10-06 16:57:29]	[CulturalDiffusion] notify: (84,39) player 0 -> player 4 
[2026-10-06 16:57:29]	[CulturalDiffusion] pending 84,39 claim confirmed on the live map 
[2026-10-06 16:57:29]	[CulturalDiffusion] inject 92,32 civ=0 culture=33 vitality=52.4 strength=40.6 stock=65704.58 cap=81204.69 
[2026-10-06 16:57:29]	[CulturalDiffusion] inject 86,20 civ=0 culture=1 vitality=29.3 strength=3.41 stock=942.9 cap=6826.29 
[2026-10-06 16:57:29]	[CulturalDiffusion] inject 93,26 civ=0 culture=0 vitality=17.7 strength=0 stock=1343.09 cap=0 
[2026-10-06 16:57:29]	[CulturalDiffusion] inject 87,32 civ=0 culture=12 vitality=55.85 strength=21.51 stock=15195.97 cap=43023.63 
[2026-10-06 16:57:29]	[CulturalDiffusion] inject 90,37 civ=0 culture=1 vitality=24.1 strength=3.19 stock=1885.64 cap=6375.1 
[2026-10-06 16:57:29]	[CulturalDiffusion] inject 89,42 civ=0 culture=0 vitality=10.25 strength=0 stock=1157.65 cap=0 
[2026-10-06 16:57:29]	[CulturalDiffusion] inject 81,18 civ=3 culture=11 vitality=55.59 strength=19.37 stock=6664.8 cap=38731.43 
[2026-10-06 16:57:29]	[CulturalDiffusion] inject 82,23 civ=3 culture=7.7 vitality=12.44 strength=9.1 stock=3728.08 cap=18190.06 
[2026-10-06 16:57:29]	[CulturalDiffusion] inject 80,31 civ=3 culture=3.3 vitality=18.12 strength=5.98 stock=1859.6 cap=11953.99 
[2026-10-06 16:57:29]	[CulturalDiffusion] inject 84,35 civ=3 culture=2.2 vitality=10.96 strength=3.85 stock=1203.97 cap=7706.7 
[2026-10-06 16:57:29]	[CulturalDiffusion] inject 83,44 civ=4 culture=8.8 vitality=24.99 strength=18.03 stock=3850.13 cap=36060.22 
[2026-10-06 16:57:29]	[CulturalDiffusion] inject 91,45 civ=4 culture=4.4 vitality=17.67 strength=10.18 stock=1181.08 cap=20357.22 
[2026-10-06 16:57:29]	[CulturalDiffusion] inject 86,47 civ=4 culture=6.6 vitality=17.29 strength=13.15 stock=1480.64 cap=26294.28 
[2026-10-06 16:57:29]	[CulturalDiffusion] frontier city=65536 ring=4 best=5219.94 bar=375 over=12/23 center=65704.58 
[2026-10-06 16:57:29]	[CulturalDiffusion] frontier city=131073 ring=4 best=3608.05 bar=375 over=17/24 center=942.9 
[2026-10-06 16:57:29]	[CulturalDiffusion] frontier city=196610 ring=4 best=9981.59 bar=375 over=13/19 center=1343.09 
[2026-10-06 16:57:29]	[CulturalDiffusion] frontier city=262147 ring=4 best=48701.38 bar=375 over=22/24 center=15195.97 
[2026-10-06 16:57:29]	[CulturalDiffusion] frontier city=327684 ring=4 best=12987.04 bar=375 over=18/24 center=1885.64 
[2026-10-06 16:57:29]	[CulturalDiffusion] frontier city=393221 ring=4 best=3608.05 bar=375 over=19/24 center=1157.65 
[2026-10-06 16:57:29]	[CulturalDiffusion] skip flip 85,27: would strand a foreign unit 
[2026-10-06 16:57:29]	[CulturalDiffusion] skip flip 84,27: would strand a foreign unit 
[2026-10-06 16:57:29]	[CulturalDiffusion] skip flip 85,38: would strand a foreign unit 
[2026-10-06 16:57:29]	[CulturalDiffusion] state bytes=30298 field=530 claims=156 locked=78 passMs=37 
[2026-10-06 16:57:29]	[CulturalDiffusion] pass: 0 flip(s), 0 pending, 0 ceded (0 pending), 0 AI flip(s) (0 pending), 0 conquest(s) (0 pending), confirmed 5 claim/0 cede (0 dropped), 0 orphan(s) healed, 0 inner tile(s) released to base game, 530 active field tile(s) 
[2026-10-06 16:57:29]	[CulturalDiffusion] pass (turn 13): flips=0 field tiles=206 
[2026-10-06 16:57:30]	[CDH] TURN k=12 turn=13 age=AGE_EXPLORATION blocker=-1882049560 
[2026-10-06 16:57:39]	[CDH] OBS T12: age=AGE_EXPLORATION turn=13 ownerChanges=0 missionaries=0 moved=0 idleWithMoves=0 gone=0 flipsNearMissionary=0 (district 0) onFlipped=0 jsErrors=2 amAuto=absent 
[2026-10-06 16:57:39]	[CDH] INV T12: claims=156 stale=3 localInner=17 district=0 center=0 pending=0 bytes=30283 
[2026-10-06 16:57:49]	[CulturalDiffusion] inject 92,32 civ=0 culture=33 vitality=52.4 strength=40.63 stock=66461.57 cap=81252.86 
[2026-10-06 16:57:49]	[CulturalDiffusion] inject 86,20 civ=0 culture=1 vitality=29.3 strength=3.42 stock=971.62 cap=6830.34 
[2026-10-06 16:57:49]	[CulturalDiffusion] inject 93,26 civ=0 culture=0 vitality=17.7 strength=0 stock=1274.93 cap=0 
[2026-10-06 16:57:49]	[CulturalDiffusion] inject 87,32 civ=0 culture=12 vitality=55.85 strength=21.52 stock=15473.99 cap=43049.15 
[2026-10-06 16:57:49]	[CulturalDiffusion] inject 90,37 civ=0 culture=1 vitality=24.1 strength=3.19 stock=1911.29 cap=6378.88 
[2026-10-06 16:57:49]	[CulturalDiffusion] inject 89,42 civ=0 culture=0 vitality=10.25 strength=0 stock=1115.73 cap=0 
[2026-10-06 16:57:49]	[CulturalDiffusion] inject 81,18 civ=3 culture=11 vitality=57.24 strength=13.01 stock=6777.13 cap=26013.73 
[2026-10-06 16:57:49]	[CulturalDiffusion] inject 82,23 civ=3 culture=7.7 vitality=12.44 strength=6.05 stock=3718.97 cap=12092.81 
[2026-10-06 16:57:49]	[CulturalDiffusion] inject 80,31 civ=3 culture=3.3 vitality=18.12 strength=3.97 stock=1848.11 cap=7947.05 
[2026-10-06 16:57:49]	[CulturalDiffusion] inject 84,35 civ=3 culture=2.2 vitality=10.96 strength=2.56 stock=1205.15 cap=5123.44 
[2026-10-06 16:57:49]	[CulturalDiffusion] inject 83,44 civ=4 culture=8.8 vitality=26 strength=18.15 stock=4105.62 cap=36302.37 
[2026-10-06 16:57:49]	[CulturalDiffusion] inject 91,45 civ=4 culture=4.4 vitality=18.69 strength=10.3 stock=1274.41 cap=20608.53 
[2026-10-06 16:57:49]	[CulturalDiffusion] inject 86,47 civ=4 culture=6.6 vitality=18.31 strength=13.32 stock=1614.28 cap=26631.03 
[2026-10-06 16:57:49]	[CulturalDiffusion] frontier city=65536 ring=4 best=5318.59 bar=375 over=12/23 center=66461.57 
[2026-10-06 16:57:49]	[CulturalDiffusion] frontier city=131073 ring=4 best=3426.65 bar=375 over=17/24 center=971.62 
[2026-10-06 16:57:49]	[CulturalDiffusion] frontier city=196610 ring=4 best=10105.93 bar=375 over=13/19 center=1274.93 
[2026-10-06 16:57:49]	[CulturalDiffusion] frontier city=262147 ring=4 best=49278.43 bar=375 over=22/24 center=15473.99 
[2026-10-06 16:57:49]	[CulturalDiffusion] frontier city=327684 ring=4 best=13140.92 bar=375 over=18/24 center=1911.29 
[2026-10-06 16:57:49]	[CulturalDiffusion] frontier city=393221 ring=4 best=3426.65 bar=375 over=19/24 center=1115.73 
[2026-10-06 16:57:49]	[CulturalDiffusion] flip 90,46 -> player 0 via purchasePlot sent; pending confirmation next pass (was owner 4) 
[2026-10-06 16:57:49]	[CulturalDiffusion] skip flip 85,27: would strand a foreign unit 
[2026-10-06 16:57:49]	[CulturalDiffusion] skip flip 84,27: would strand a foreign unit 
[2026-10-06 16:57:49]	[CulturalDiffusion] skip flip 84,28: would strand a foreign unit 
[2026-10-06 16:57:49]	[CulturalDiffusion] skip flip 85,38: would strand a foreign unit 
[2026-10-06 16:57:49]	[CulturalDiffusion] flip 86,39 -> player 4 via purchasePlot sent; pending confirmation next pass (was owner 0) 
[2026-10-06 16:57:49]	[CulturalDiffusion] state bytes=30930 field=530 claims=156 locked=74 passMs=37 
[2026-10-06 16:57:49]	[CulturalDiffusion] pass: 0 flip(s), 1 pending, 0 ceded (0 pending), 0 AI flip(s) (1 pending), 0 conquest(s) (0 pending), confirmed 0 claim/0 cede (0 dropped), 0 orphan(s) healed, 0 inner tile(s) released to base game, 530 active field tile(s) 
[2026-10-06 16:57:49]	[CulturalDiffusion] pass (turn 14): flips=0 field tiles=206 
[2026-10-06 16:57:50]	[CDH] TURN k=13 turn=14 age=AGE_EXPLORATION blocker=-1882049560 
[2026-10-06 16:57:59]	[CDH] OBS T13: age=AGE_EXPLORATION turn=14 ownerChanges=2 missionaries=0 moved=0 idleWithMoves=0 gone=0 flipsNearMissionary=0 (district 0) onFlipped=0 jsErrors=2 amAuto=absent 
[2026-10-06 16:57:59]	[CDH] INV T13: claims=156 stale=4 localInner=17 district=0 center=0 pending=2 bytes=30915 
[2026-10-06 16:58:06]	[CDH] JSERR Error: Expected this.unit to be non-null. @ fs://game/base-standard/ui/unit-flags/unit-flags.js:348 
[2026-10-06 16:58:07]	[CDH] JSERR Error: Expected this.unit to be non-null. @ fs://game/base-standard/ui/unit-flags/unit-flags.js:348 
[2026-10-06 16:58:10]	[CulturalDiffusion] notify: (90,46) player 4 -> player 0 
[2026-10-06 16:58:10]	[CulturalDiffusion] pending 90,46 claim confirmed on the live map 
[2026-10-06 16:58:10]	[CulturalDiffusion] notify: (86,39) player 0 -> player 4 
[2026-10-06 16:58:10]	[CulturalDiffusion] pending 86,39 claim confirmed on the live map 
[2026-10-06 16:58:10]	[CulturalDiffusion] inject 92,32 civ=0 culture=33 vitality=52.4 strength=40.58 stock=67199.48 cap=81164.7 
[2026-10-06 16:58:10]	[CulturalDiffusion] inject 86,20 civ=0 culture=1 vitality=29.3 strength=3.41 stock=998.26 cap=6822.93 
[2026-10-06 16:58:10]	[CulturalDiffusion] inject 93,26 civ=0 culture=0 vitality=17.7 strength=0 stock=1210.19 cap=0 
[2026-10-06 16:58:10]	[CulturalDiffusion] inject 87,32 civ=0 culture=12 vitality=55.85 strength=21.5 stock=15746.42 cap=43002.44 
[2026-10-06 16:58:10]	[CulturalDiffusion] inject 90,37 civ=0 culture=1 vitality=24.1 strength=3.19 stock=1935.49 cap=6371.96 
[2026-10-06 16:58:10]	[CulturalDiffusion] inject 89,42 civ=0 culture=0 vitality=10.25 strength=0 stock=1074.97 cap=0 
[2026-10-06 16:58:10]	[CulturalDiffusion] inject 81,18 civ=3 culture=11 vitality=57.24 strength=13 stock=6885.66 cap=26002.33 
[2026-10-06 16:58:10]	[CulturalDiffusion] inject 82,23 civ=3 culture=7.7 vitality=12.44 strength=6.04 stock=3708.63 cap=12087.52 
[2026-10-06 16:58:10]	[CulturalDiffusion] inject 80,31 civ=3 culture=3.3 vitality=18.12 strength=3.97 stock=1836.66 cap=7943.57 
[2026-10-06 16:58:10]	[CulturalDiffusion] inject 84,35 civ=3 culture=2.2 vitality=10.96 strength=2.56 stock=1205.61 cap=5121.2 
[2026-10-06 16:58:10]	[CulturalDiffusion] inject 83,44 civ=4 culture=8.8 vitality=26 strength=14.4 stock=4269.98 cap=28804.4 
[2026-10-06 16:58:10]	[CulturalDiffusion] inject 91,45 civ=4 culture=4.4 vitality=18.69 strength=8.18 stock=1338.64 cap=16352 
[2026-10-06 16:58:10]	[CulturalDiffusion] inject 86,47 civ=4 culture=6.6 vitality=18.31 strength=10.57 stock=1707.2 cap=21130.6 
[2026-10-06 16:58:10]	[CulturalDiffusion] frontier city=65536 ring=4 best=5415.9 bar=375 over=12/23 center=67199.48 
[2026-10-06 16:58:10]	[CulturalDiffusion] frontier city=131073 ring=4 best=3254.32 bar=375 over=17/24 center=998.26 
[2026-10-06 16:58:10]	[CulturalDiffusion] frontier city=196610 ring=4 best=10227.29 bar=375 over=13/19 center=1210.19 
[2026-10-06 16:58:10]	[CulturalDiffusion] frontier city=262147 ring=4 best=49846.18 bar=375 over=22/24 center=15746.42 
[2026-10-06 16:58:10]	[CulturalDiffusion] frontier city=327684 ring=4 best=13292.31 bar=375 over=18/24 center=1935.49 
[2026-10-06 16:58:10]	[CulturalDiffusion] frontier city=393221 ring=4 best=3254.32 bar=375 over=19/24 center=1074.97 
[2026-10-06 16:58:10]	[CulturalDiffusion] skip flip 85,27: would strand a foreign unit 
[2026-10-06 16:58:10]	[CulturalDiffusion] skip flip 84,27: would strand a foreign unit 
[2026-10-06 16:58:10]	[CulturalDiffusion] skip flip 84,28: would strand a foreign unit 
[2026-10-06 16:58:10]	[CulturalDiffusion] flip 85,41 -> player 4 via purchasePlot sent; pending confirmation next pass (was owner 0) 
[2026-10-06 16:58:10]	[CulturalDiffusion] flip 85,39 -> player 4 via purchasePlot sent; pending confirmation next pass (was owner 0) 
[2026-10-06 16:58:10]	[CulturalDiffusion] skip flip 85,38: would strand a foreign unit 
[2026-10-06 16:58:10]	[CulturalDiffusion] state bytes=30915 field=530 claims=157 locked=72 passMs=40 
[2026-10-06 16:58:10]	[CulturalDiffusion] pass: 0 flip(s), 0 pending, 0 ceded (0 pending), 0 AI flip(s) (2 pending), 0 conquest(s) (0 pending), confirmed 2 claim/0 cede (0 dropped), 0 orphan(s) healed, 0 inner tile(s) released to base game, 530 active field tile(s) 
[2026-10-06 16:58:10]	[CulturalDiffusion] pass (turn 15): flips=0 field tiles=208 
[2026-10-06 16:58:11]	[CDH] TURN k=14 turn=15 age=AGE_EXPLORATION blocker=-1882049560 
[2026-10-06 16:58:20]	[CDH] OBS T14: age=AGE_EXPLORATION turn=15 ownerChanges=2 missionaries=0 moved=0 idleWithMoves=0 gone=0 flipsNearMissionary=0 (district 0) onFlipped=0 jsErrors=4 amAuto=absent 
[2026-10-06 16:58:20]	[CDH] INV T14: claims=157 stale=5 localInner=17 district=0 center=0 pending=2 bytes=30900 
[2026-10-06 16:58:28]	[CDH] JSERR Error: Expected this.unit to be non-null. @ fs://game/base-standard/ui/unit-flags/unit-flags.js:348 
[2026-10-06 16:58:29]	[CDH] TURN k=15 turn=16 age=AGE_EXPLORATION blocker=-1882049560 
[2026-10-06 16:58:30]	[CulturalDiffusion] notify: (85,41) player 0 -> player 4 
[2026-10-06 16:58:30]	[CulturalDiffusion] pending 85,41 claim confirmed on the live map 
[2026-10-06 16:58:30]	[CulturalDiffusion] notify: (85,39) player 0 -> player 4 
[2026-10-06 16:58:30]	[CulturalDiffusion] pending 85,39 claim confirmed on the live map 
[2026-10-06 16:58:30]	[CulturalDiffusion] inject 92,32 civ=0 culture=33 vitality=52.4 strength=39.79 stock=67843.04 cap=79573.29 
[2026-10-06 16:58:30]	[CulturalDiffusion] inject 86,20 civ=0 culture=1 vitality=29.3 strength=3.34 stock=1022.15 cap=6689.15 
[2026-10-06 16:58:30]	[CulturalDiffusion] inject 93,26 civ=0 culture=0 vitality=17.7 strength=0 stock=1148.68 cap=0 
[2026-10-06 16:58:30]	[CulturalDiffusion] inject 87,32 civ=0 culture=12 vitality=55.85 strength=21.08 stock=15993.89 cap=42159.28 
[2026-10-06 16:58:30]	[CulturalDiffusion] inject 90,37 civ=0 culture=1 vitality=24.1 strength=3.12 stock=1958.08 cap=6247.02 
[2026-10-06 16:58:30]	[CulturalDiffusion] inject 89,42 civ=0 culture=0 vitality=10.25 strength=0 stock=1035.37 cap=0 
[2026-10-06 16:58:30]	[CulturalDiffusion] inject 81,18 civ=3 culture=11 vitality=55.71 strength=19.74 stock=7207.2 cap=39475.23 
[2026-10-06 16:58:30]	[CulturalDiffusion] inject 82,23 civ=3 culture=7.7 vitality=14.59 strength=9.79 stock=3785.66 cap=19585.65 
[2026-10-06 16:58:30]	[CulturalDiffusion] inject 80,31 civ=3 culture=3.3 vitality=20.26 strength=6.33 stock=1864.43 cap=12661.08 
[2026-10-06 16:58:30]	[CulturalDiffusion] inject 84,35 civ=3 culture=2.2 vitality=16.15 strength=4.49 stock=1231.45 cap=8989.06 
[2026-10-06 16:58:30]	[CulturalDiffusion] inject 83,44 civ=4 culture=8.8 vitality=26 strength=14.29 stock=4430.8 cap=28576.84 
[2026-10-06 16:58:30]	[CulturalDiffusion] inject 91,45 civ=4 culture=4.4 vitality=18.69 strength=8.11 stock=1401.27 cap=16222.82 
[2026-10-06 16:58:30]	[CulturalDiffusion] inject 86,47 civ=4 culture=6.6 vitality=18.31 strength=10.48 stock=1798.82 cap=20963.67 
[2026-10-06 16:58:30]	[CulturalDiffusion] frontier city=65536 ring=4 best=5511.25 bar=375 over=12/23 center=67843.04 
[2026-10-06 16:58:30]	[CulturalDiffusion] frontier city=131073 ring=4 best=3090.6 bar=375 over=17/24 center=1022.15 
[2026-10-06 16:58:30]	[CulturalDiffusion] frontier city=196610 ring=4 best=10348.47 bar=375 over=13/19 center=1148.68 
[2026-10-06 16:58:30]	[CulturalDiffusion] frontier city=262147 ring=4 best=50399.61 bar=375 over=22/24 center=15993.89 
[2026-10-06 16:58:30]	[CulturalDiffusion] frontier city=327684 ring=4 best=13439.9 bar=375 over=18/24 center=1958.08 
[2026-10-06 16:58:30]	[CulturalDiffusion] frontier city=393221 ring=4 best=3090.6 bar=375 over=18/24 center=1035.37 
[2026-10-06 16:58:30]	[CulturalDiffusion] skip flip 85,27: would strand a foreign unit 
[2026-10-06 16:58:30]	[CulturalDiffusion] skip flip 84,27: would strand a foreign unit 
[2026-10-06 16:58:30]	[CulturalDiffusion] flip 84,28 -> player 0 via purchasePlot sent; pending confirmation next pass (was owner 3) 
[2026-10-06 16:58:30]	[CulturalDiffusion] flip 85,40 -> player 4 via purchasePlot sent; pending confirmation next pass (was owner 0) 
[2026-10-06 16:58:30]	[CulturalDiffusion] skip flip 85,38: would strand a foreign unit 
[2026-10-06 16:58:30]	[CulturalDiffusion] state bytes=31479 field=530 claims=157 locked=67 passMs=37 
[2026-10-06 16:58:30]	[CulturalDiffusion] pass: 0 flip(s), 1 pending, 0 ceded (0 pending), 0 AI flip(s) (1 pending), 0 conquest(s) (0 pending), confirmed 2 claim/0 cede (0 dropped), 0 orphan(s) healed, 0 inner tile(s) released to base game, 530 active field tile(s) 
[2026-10-06 16:58:30]	[CulturalDiffusion] pass (turn 16): flips=0 field tiles=206 
[2026-10-06 16:58:38]	[CDH] OBS T15: age=AGE_EXPLORATION turn=16 ownerChanges=2 missionaries=0 moved=0 idleWithMoves=0 gone=0 flipsNearMissionary=0 (district 0) onFlipped=0 jsErrors=5 amAuto=absent 
[2026-10-06 16:58:38]	[CDH] INV T15: claims=157 stale=5 localInner=17 district=0 center=0 pending=2 bytes=31464 
[2026-10-06 16:58:38]	[CDH] DONE harness am-soak finished turns=15 age=AGE_EXPLORATION totals={"flipsNearMissionary":0,"onFlipped":0,"districtFlipsNearMissionary":0,"idleWithMoves":0,"gone":0} jsErrors=5 
