[2026-09-24 12:35:29]	[CDH] shell attached 
[2026-09-24 12:35:30]	[CDH] shell query complete 
[2026-09-24 12:35:31]	[CDH] shell found AugustusAnt136.Civ7Save turn 136 age AGE_ANTIQUITY missingMods=0 unowned=0 
[2026-09-24 12:35:31]	[CDH] shell handleLoadSave returned true 
[2026-09-24 12:35:48]	[CDH] attached run31 
[2026-09-24 12:35:48]	[CulturalDiffusion] boot (turnInterval 1, verb purchasePlot, enabled true) 
[2026-09-24 12:35:53]	[CDH] LOAD GameStarted 
[2026-09-24 12:36:01]	[CDH] S0 run31 CONTROL modPassDisabled turn=136 age=AGE_ANTIQUITY local=0 diffusion=false guard=true minorFloor=1 recede=false buffer=false 
[2026-09-24 12:36:01]	[CDH] S0 state {"claims":0,"pending":0,"field":0,"locked":0} foreignUnitsOnOurLand=2 
[2026-09-24 12:36:01]	[CDH] STRESS running; ending turns until the budget is spent or the game faults 
[2026-09-24 12:36:25]	[CulturalDiffusion] inject 92,32 civ=0 culture=39.6 vitality=57.1 strength=83.83 stock=10 cap=167662.14 
[2026-09-24 12:36:25]	[CulturalDiffusion] inject 87,32 civ=0 culture=13 vitality=33.85 strength=33.84 stock=10 cap=67689.75 
[2026-09-24 12:36:25]	[CulturalDiffusion] inject 84,35 civ=0 culture=1 vitality=24.1 strength=5.67 stock=10 cap=11345.41 
[2026-09-24 12:36:25]	[CulturalDiffusion] inject 93,26 civ=0 culture=13 vitality=23.9 strength=29.96 stock=10 cap=59926.19 
[2026-09-24 12:36:25]	[CulturalDiffusion] inject 86,20 civ=0 culture=0 vitality=11.3 strength=0 stock=0 cap=0 
[2026-09-24 12:36:25]	[CulturalDiffusion] inject 90,37 civ=3 culture=5 vitality=22.65 strength=10.86 stock=10 cap=21710.13 
[2026-09-24 12:36:25]	[CulturalDiffusion] inject 82,23 civ=3 culture=5 vitality=16.35 strength=9.68 stock=10 cap=19369.56 
[2026-09-24 12:36:25]	[CulturalDiffusion] inject 81,18 civ=3 culture=8 vitality=28.45 strength=15.96 stock=10 cap=31915.04 
[2026-09-24 12:36:25]	[CulturalDiffusion] inject 80,31 civ=3 culture=3 vitality=13.85 strength=6.56 stock=10 cap=13112.77 
[2026-09-24 12:36:25]	[CulturalDiffusion] frontier city=65536 ring=4 best=0 bar=300 over=0/23 centre=10 
[2026-09-24 12:36:25]	[CulturalDiffusion] frontier city=196609 ring=4 best=10 bar=300 over=0/24 centre=10 
[2026-09-24 12:36:25]	[CulturalDiffusion] frontier city=327683 ring=4 best=10 bar=300 over=0/24 centre=10 
[2026-09-24 12:36:25]	[CulturalDiffusion] frontier city=393220 ring=4 best=0 bar=300 over=0/19 centre=10 
[2026-09-24 12:36:25]	[CulturalDiffusion] frontier city=458757 ring=4 best=0 bar=300 over=0/24 centre=0 
[2026-09-24 12:36:25]	[CulturalDiffusion] state bytes=214 field=8 claims=0 locked=0 passMs=10 
[2026-09-24 12:36:25]	[CulturalDiffusion] pass: 0 flip(s), 0 pending, 0 ceded (0 pending), confirmed 0 claim/0 cede (0 dropped), 0 orphan(s) healed, 0 inner tile(s) released to base game, 8 active field tile(s) 
[2026-09-24 12:36:25]	[CulturalDiffusion] pass (turn 137): flips=0 field tiles=4 
[2026-09-24 12:36:31]	[CDH] TURN n=2 turn=137 age=AGE_ANTIQUITY state={"claims":0,"pending":0,"field":8,"locked":0} foreignUnitsOnOurLand=0 
[2026-09-24 12:36:54]	[CulturalDiffusion] inject 92,32 civ=0 culture=39.6 vitality=58.33 strength=65.84 stock=99.14 cap=131682.84 
[2026-09-24 12:36:54]	[CulturalDiffusion] inject 87,32 civ=0 culture=13 vitality=33.85 strength=26.39 stock=50.82 cap=52770.46 
[2026-09-24 12:36:54]	[CulturalDiffusion] inject 84,35 civ=0 culture=1 vitality=17.36 strength=3.94 stock=23.33 cap=7885.81 
[2026-09-24 12:36:54]	[CulturalDiffusion] inject 93,26 civ=0 culture=9 vitality=25.13 strength=18.72 stock=41.42 cap=37434.92 
[2026-09-24 12:36:54]	[CulturalDiffusion] inject 86,20 civ=0 culture=0 vitality=13.51 strength=0 stock=0 cap=0 
[2026-09-24 12:36:54]	[CulturalDiffusion] inject 90,37 civ=3 culture=5 vitality=23.75 strength=10.79 stock=31.71 cap=21575.1 
[2026-09-24 12:36:54]	[CulturalDiffusion] inject 82,23 civ=3 culture=5 vitality=16.35 strength=9.47 stock=30.09 cap=18932.23 
[2026-09-24 12:36:54]	[CulturalDiffusion] inject 81,18 civ=3 culture=8 vitality=28.45 strength=15.6 stock=37.6 cap=31194.45 
[2026-09-24 12:36:54]	[CulturalDiffusion] inject 80,31 civ=3 culture=3 vitality=13.85 strength=6.41 stock=26.35 cap=12816.7 
[2026-09-24 12:36:54]	[CulturalDiffusion] frontier city=65536 ring=4 best=0 bar=300 over=0/23 centre=99.14 
[2026-09-24 12:36:54]	[CulturalDiffusion] frontier city=196609 ring=4 best=23.33 bar=300 over=0/24 centre=50.82 
[2026-09-24 12:36:54]	[CulturalDiffusion] frontier city=327683 ring=4 best=50.82 bar=300 over=0/24 centre=23.33 
[2026-09-24 12:36:54]	[CulturalDiffusion] frontier city=393220 ring=4 best=0 bar=300 over=0/19 centre=41.42 
[2026-09-24 12:36:54]	[CulturalDiffusion] frontier city=458757 ring=4 best=0 bar=300 over=0/24 centre=0 
[2026-09-24 12:36:54]	[CulturalDiffusion] state bytes=337 field=8 claims=0 locked=0 passMs=9 
[2026-09-24 12:36:54]	[CulturalDiffusion] pass: 0 flip(s), 0 pending, 0 ceded (0 pending), confirmed 0 claim/0 cede (0 dropped), 0 orphan(s) healed, 0 inner tile(s) released to base game, 8 active field tile(s) 
[2026-09-24 12:36:54]	[CulturalDiffusion] pass (turn 138): flips=0 field tiles=4 
[2026-09-24 12:37:00]	[CDH] TURN n=3 turn=138 age=AGE_ANTIQUITY state={"claims":0,"pending":0,"field":8,"locked":0} foreignUnitsOnOurLand=0 
[2026-09-24 12:37:21]	[CulturalDiffusion] inject 92,32 civ=0 culture=41.8 vitality=58.59 strength=67.14 stock=362.1 cap=134283.98 
[2026-09-24 12:37:21]	[CulturalDiffusion] inject 87,32 civ=0 culture=15 vitality=29.95 strength=27.27 stock=132.57 cap=54543.33 
[2026-09-24 12:37:21]	[CulturalDiffusion] inject 84,35 civ=0 culture=1 vitality=14.61 strength=3.65 stock=37.99 cap=7297.88 
[2026-09-24 12:37:21]	[CulturalDiffusion] inject 93,26 civ=0 culture=5 vitality=28.37 strength=13.1 stock=81.01 cap=26206.04 
[2026-09-24 12:37:21]	[CulturalDiffusion] inject 86,20 civ=0 culture=0 vitality=12.33 strength=0 stock=0 cap=0 
[2026-09-24 12:37:21]	[CulturalDiffusion] inject 90,37 civ=3 culture=5 vitality=23.75 strength=9.01 stock=58.77 cap=18011.76 
[2026-09-24 12:37:21]	[CulturalDiffusion] inject 82,23 civ=3 culture=5 vitality=17.35 strength=8.07 stock=54.73 cap=16137.22 
[2026-09-24 12:37:21]	[CulturalDiffusion] inject 81,18 civ=3 culture=8 vitality=29.45 strength=13.18 stock=76.02 cap=26359.17 
[2026-09-24 12:37:21]	[CulturalDiffusion] inject 80,31 civ=3 culture=3 vitality=13.85 strength=5.35 stock=44.67 cap=10699.9 
[2026-09-24 12:37:21]	[CulturalDiffusion] frontier city=65536 ring=4 best=0 bar=300 over=0/23 centre=362.1 
[2026-09-24 12:37:21]	[CulturalDiffusion] frontier city=196609 ring=4 best=37.99 bar=300 over=0/24 centre=132.57 
[2026-09-24 12:37:21]	[CulturalDiffusion] frontier city=327683 ring=4 best=132.57 bar=300 over=0/24 centre=37.99 
[2026-09-24 12:37:21]	[CulturalDiffusion] frontier city=393220 ring=4 best=0 bar=300 over=0/19 centre=81.01 
[2026-09-24 12:37:21]	[CulturalDiffusion] frontier city=458757 ring=4 best=0 bar=300 over=0/24 centre=0 
[2026-09-24 12:37:21]	[CulturalDiffusion] state bytes=338 field=8 claims=0 locked=0 passMs=7 
[2026-09-24 12:37:21]	[CulturalDiffusion] pass: 0 flip(s), 0 pending, 0 ceded (0 pending), confirmed 0 claim/0 cede (0 dropped), 0 orphan(s) healed, 0 inner tile(s) released to base game, 8 active field tile(s) 
[2026-09-24 12:37:21]	[CulturalDiffusion] pass (turn 139): flips=0 field tiles=4 
[2026-09-24 12:37:27]	[CDH] TURN n=4 turn=139 age=AGE_ANTIQUITY state={"claims":0,"pending":0,"field":8,"locked":0} foreignUnitsOnOurLand=0 
[2026-09-24 12:37:47]	[CulturalDiffusion] inject 92,32 civ=0 culture=41.8 vitality=60.79 strength=66.77 stock=845.09 cap=133543.5 
[2026-09-24 12:37:47]	[CulturalDiffusion] inject 87,32 civ=0 culture=15 vitality=29.95 strength=26.77 stock=254.33 cap=53547.24 
[2026-09-24 12:37:47]	[CulturalDiffusion] inject 84,35 civ=0 culture=1 vitality=14.61 strength=3.58 stock=53.64 cap=7164.61 
[2026-09-24 12:37:47]	[CulturalDiffusion] inject 93,26 civ=0 culture=5 vitality=28.37 strength=12.86 stock=130.81 cap=25727.46 
[2026-09-24 12:37:47]	[CulturalDiffusion] inject 86,20 civ=0 culture=0 vitality=10.87 strength=0 stock=0 cap=0 
[2026-09-24 12:37:47]	[CulturalDiffusion] inject 90,37 civ=3 culture=5 vitality=23.75 strength=9.01 stock=91.58 cap=18018.81 
[2026-09-24 12:37:47]	[CulturalDiffusion] inject 82,23 civ=3 culture=5 vitality=20.35 strength=8.54 stock=85.45 cap=17070.31 
[2026-09-24 12:37:47]	[CulturalDiffusion] inject 81,18 civ=3 culture=8 vitality=30.45 strength=13.34 stock=126.27 cap=26679.48 
[2026-09-24 12:37:47]	[CulturalDiffusion] inject 80,31 civ=3 culture=4 vitality=14.85 strength=6.61 stock=68.55 cap=13223.81 
[2026-09-24 12:37:47]	[CulturalDiffusion] frontier city=65536 ring=4 best=26.61 bar=300 over=0/23 centre=845.09 
[2026-09-24 12:37:47]	[CulturalDiffusion] frontier city=196609 ring=4 best=59.75 bar=300 over=0/24 centre=254.33 
[2026-09-24 12:37:47]	[CulturalDiffusion] frontier city=327683 ring=4 best=254.33 bar=300 over=0/24 centre=53.64 
[2026-09-24 12:37:47]	[CulturalDiffusion] frontier city=393220 ring=4 best=0 bar=300 over=0/19 centre=130.81 
[2026-09-24 12:37:47]	[CulturalDiffusion] frontier city=458757 ring=4 best=0 bar=300 over=0/24 centre=0 
[2026-09-24 12:37:47]	[CulturalDiffusion] state bytes=594 field=16 claims=0 locked=0 passMs=10 
[2026-09-24 12:37:47]	[CulturalDiffusion] pass: 0 flip(s), 0 pending, 0 ceded (0 pending), confirmed 0 claim/0 cede (0 dropped), 0 orphan(s) healed, 0 inner tile(s) released to base game, 16 active field tile(s) 
[2026-09-24 12:37:47]	[CulturalDiffusion] pass (turn 140): flips=0 field tiles=4 
[2026-09-24 12:37:53]	[CDH] TURN n=5 turn=140 age=AGE_ANTIQUITY state={"claims":0,"pending":0,"field":16,"locked":0} foreignUnitsOnOurLand=0 
[2026-09-24 12:38:13]	[CulturalDiffusion] inject 92,32 civ=0 culture=41.8 vitality=60.79 strength=66.12 stock=1556.31 cap=132245.26 
[2026-09-24 12:38:13]	[CulturalDiffusion] inject 87,32 civ=0 culture=15 vitality=29.95 strength=26.51 stock=414.37 cap=53026.68 
[2026-09-24 12:38:13]	[CulturalDiffusion] inject 84,35 civ=0 culture=1 vitality=14.61 strength=3.55 stock=70.02 cap=7094.96 
[2026-09-24 12:38:13]	[CulturalDiffusion] inject 93,26 civ=0 culture=5 vitality=28.37 strength=12.74 stock=189.69 cap=25477.35 
[2026-09-24 12:38:13]	[CulturalDiffusion] inject 86,20 civ=0 culture=0 vitality=9.35 strength=0 stock=0 cap=0 
[2026-09-24 12:38:13]	[CulturalDiffusion] inject 90,37 civ=3 culture=5 vitality=23.75 strength=8.98 stock=129.28 cap=17959.24 
[2026-09-24 12:38:13]	[CulturalDiffusion] inject 82,23 civ=3 culture=5 vitality=20.35 strength=8.51 stock=120.63 cap=17013.88 
[2026-09-24 12:38:13]	[CulturalDiffusion] inject 81,18 civ=3 culture=8 vitality=30.45 strength=13.3 stock=186.82 cap=26591.28 
[2026-09-24 12:38:13]	[CulturalDiffusion] inject 80,31 civ=3 culture=4 vitality=16.3 strength=6.81 stock=95.95 cap=13616.95 
[2026-09-24 12:38:13]	[CulturalDiffusion] frontier city=65536 ring=4 best=74.03 bar=300 over=0/23 centre=1556.31 
[2026-09-24 12:38:13]	[CulturalDiffusion] frontier city=196609 ring=4 best=195.2 bar=300 over=0/24 centre=414.37 
[2026-09-24 12:38:13]	[CulturalDiffusion] frontier city=327683 ring=4 best=414.37 bar=300 over=1/24 centre=70.02 
[2026-09-24 12:38:13]	[CulturalDiffusion] frontier city=393220 ring=4 best=0 bar=300 over=0/19 centre=189.69 
[2026-09-24 12:38:13]	[CulturalDiffusion] frontier city=458757 ring=4 best=0 bar=300 over=0/24 centre=0 
[2026-09-24 12:38:13]	[CulturalDiffusion] state bytes=727 field=20 claims=0 locked=0 passMs=9 
[2026-09-24 12:38:13]	[CulturalDiffusion] pass: 0 flip(s), 0 pending, 0 ceded (0 pending), confirmed 0 claim/0 cede (0 dropped), 0 orphan(s) healed, 0 inner tile(s) released to base game, 20 active field tile(s) 
[2026-09-24 12:38:13]	[CulturalDiffusion] pass (turn 141): flips=0 field tiles=8 
[2026-09-24 12:38:19]	[CDH] TURN n=6 turn=141 age=AGE_ANTIQUITY state={"claims":0,"pending":0,"field":20,"locked":0} foreignUnitsOnOurLand=0 
[2026-09-24 12:38:40]	[CulturalDiffusion] inject 92,32 civ=0 culture=51.7 vitality=59.49 strength=75.1 stock=2634.93 cap=150197.4 
[2026-09-24 12:38:40]	[CulturalDiffusion] inject 87,32 civ=0 culture=15 vitality=29.95 strength=26.42 stock=610.99 cap=52849.58 
[2026-09-24 12:38:40]	[CulturalDiffusion] inject 84,35 civ=0 culture=1 vitality=14.61 strength=3.54 stock=86.98 cap=7071.26 
[2026-09-24 12:38:40]	[CulturalDiffusion] inject 93,26 civ=0 culture=5 vitality=32.88 strength=13.37 stock=260.51 cap=26734.79 
[2026-09-24 12:38:40]	[CulturalDiffusion] inject 86,20 civ=0 culture=0 vitality=8.18 strength=0 stock=0 cap=0 
[2026-09-24 12:38:40]	[CulturalDiffusion] inject 90,37 civ=3 culture=5 vitality=23.75 strength=8.92 stock=171.12 cap=17848.68 
[2026-09-24 12:38:40]	[CulturalDiffusion] inject 82,23 civ=3 culture=5 vitality=20.35 strength=8.45 stock=159.57 cap=16909.13 
[2026-09-24 12:38:40]	[CulturalDiffusion] inject 81,18 civ=3 culture=8 vitality=30.45 strength=13.21 stock=256.43 cap=26427.57 
[2026-09-24 12:38:40]	[CulturalDiffusion] inject 80,31 civ=3 culture=4 vitality=18.65 strength=7.09 stock=127.07 cap=14186.32 
[2026-09-24 12:38:40]	[CulturalDiffusion] frontier city=65536 ring=4 best=150.46 bar=300 over=0/23 centre=2634.93 
[2026-09-24 12:38:40]	[CulturalDiffusion] frontier city=196609 ring=4 best=436.92 bar=300 over=1/24 centre=610.99 
[2026-09-24 12:38:40]	[CulturalDiffusion] frontier city=327683 ring=4 best=610.99 bar=300 over=1/24 centre=86.98 
[2026-09-24 12:38:40]	[CulturalDiffusion] frontier city=393220 ring=4 best=68.05 bar=300 over=0/19 centre=260.51 
[2026-09-24 12:38:40]	[CulturalDiffusion] frontier city=458757 ring=4 best=0 bar=300 over=0/24 centre=0 
[2026-09-24 12:38:40]	[CulturalDiffusion] state bytes=1121 field=32 claims=0 locked=0 passMs=9 
[2026-09-24 12:38:40]	[CulturalDiffusion] pass: 0 flip(s), 0 pending, 0 ceded (0 pending), confirmed 0 claim/0 cede (0 dropped), 0 orphan(s) healed, 0 inner tile(s) released to base game, 32 active field tile(s) 
[2026-09-24 12:38:40]	[CulturalDiffusion] pass (turn 142): flips=0 field tiles=20 
[2026-09-24 12:38:46]	[CDH] TURN n=7 turn=142 age=AGE_ANTIQUITY state={"claims":0,"pending":0,"field":32,"locked":0} foreignUnitsOnOurLand=0 
[2026-09-24 12:39:10]	[CulturalDiffusion] inject 92,32 civ=0 culture=51.7 vitality=59.02 strength=74.29 stock=3989.11 cap=148580.26 
[2026-09-24 12:39:10]	[CulturalDiffusion] inject 87,32 civ=0 culture=15 vitality=29.95 strength=26.21 stock=840.37 cap=52424.24 
[2026-09-24 12:39:10]	[CulturalDiffusion] inject 84,35 civ=0 culture=1 vitality=14.61 strength=3.51 stock=104.3 cap=7014.35 
[2026-09-24 12:39:10]	[CulturalDiffusion] inject 93,26 civ=0 culture=5 vitality=32.88 strength=13.26 stock=339.38 cap=26519.63 
[2026-09-24 12:39:10]	[CulturalDiffusion] inject 86,20 civ=0 culture=0 vitality=7.04 strength=0 stock=0 cap=0 
[2026-09-24 12:39:10]	[CulturalDiffusion] inject 90,37 civ=3 culture=5 vitality=23.75 strength=8.91 stock=216.7 cap=17817.29 
[2026-09-24 12:39:10]	[CulturalDiffusion] inject 82,23 civ=3 culture=5 vitality=20.35 strength=8.44 stock=201.88 cap=16879.4 
[2026-09-24 12:39:10]	[CulturalDiffusion] inject 81,18 civ=3 culture=8 vitality=30.45 strength=13.19 stock=334.41 cap=26381.1 
[2026-09-24 12:39:10]	[CulturalDiffusion] inject 80,31 civ=3 culture=4 vitality=18.65 strength=7.08 stock=160.62 cap=14161.38 
[2026-09-24 12:39:10]	[CulturalDiffusion] frontier city=65536 ring=4 best=261.64 bar=300 over=0/23 centre=3989.11 
[2026-09-24 12:39:10]	[CulturalDiffusion] frontier city=196609 ring=4 best=835.9 bar=300 over=1/24 centre=840.37 
[2026-09-24 12:39:10]	[CulturalDiffusion] frontier city=327683 ring=4 best=840.37 bar=300 over=1/24 centre=104.3 
[2026-09-24 12:39:10]	[CulturalDiffusion] frontier city=393220 ring=4 best=219.23 bar=300 over=0/19 centre=339.38 
[2026-09-24 12:39:10]	[CulturalDiffusion] frontier city=458757 ring=4 best=0 bar=300 over=0/24 centre=0 
[2026-09-24 12:39:10]	[CulturalDiffusion] state bytes=1666 field=49 claims=0 locked=0 passMs=12 
[2026-09-24 12:39:10]	[CulturalDiffusion] pass: 0 flip(s), 0 pending, 0 ceded (0 pending), confirmed 0 claim/0 cede (0 dropped), 0 orphan(s) healed, 0 inner tile(s) released to base game, 49 active field tile(s) 
[2026-09-24 12:39:10]	[CulturalDiffusion] pass (turn 143): flips=0 field tiles=24 
[2026-09-24 12:39:16]	[CDH] TURN n=8 turn=143 age=AGE_ANTIQUITY state={"claims":0,"pending":0,"field":49,"locked":0} foreignUnitsOnOurLand=1 
[2026-09-24 12:39:43]	[CulturalDiffusion] inject 92,32 civ=0 culture=51.7 vitality=67.08 strength=78.26 stock=5712.99 cap=156517.88 
[2026-09-24 12:39:43]	[CulturalDiffusion] inject 87,32 civ=0 culture=15 vitality=29.95 strength=26.4 stock=1103.8 cap=52808.2 
[2026-09-24 12:39:43]	[CulturalDiffusion] inject 84,35 civ=0 culture=1 vitality=14.61 strength=3.53 stock=122.06 cap=7065.72 
[2026-09-24 12:39:43]	[CulturalDiffusion] inject 93,26 civ=0 culture=5 vitality=29.88 strength=12.92 stock=423.57 cap=25833.99 
[2026-09-24 12:39:43]	[CulturalDiffusion] inject 86,20 civ=0 culture=0 vitality=6.28 strength=0 stock=0 cap=0 
[2026-09-24 12:39:43]	[CulturalDiffusion] inject 90,37 civ=3 culture=5 vitality=23.75 strength=8.91 stock=265.67 cap=17825.04 
[2026-09-24 12:39:43]	[CulturalDiffusion] inject 82,23 civ=3 culture=5 vitality=20.35 strength=8.44 stock=247.25 cap=16886.74 
[2026-09-24 12:39:43]	[CulturalDiffusion] inject 81,18 civ=3 culture=8 vitality=30.45 strength=13.2 stock=420.16 cap=26392.57 
[2026-09-24 12:39:43]	[CulturalDiffusion] inject 80,31 civ=3 culture=4 vitality=18.65 strength=7.08 stock=196.36 cap=14167.53 
[2026-09-24 12:39:43]	[CulturalDiffusion] inject 79,39 civ=5 culture=1 vitality=5.2 strength=2.01 stock=10 cap=4010.09 
[2026-09-24 12:39:43]	[CulturalDiffusion] frontier city=65536 ring=4 best=412.33 bar=300 over=1/23 centre=5712.99 
[2026-09-24 12:39:43]	[CulturalDiffusion] frontier city=196609 ring=4 best=1424.99 bar=300 over=2/24 centre=1103.8 
[2026-09-24 12:39:43]	[CulturalDiffusion] frontier city=327683 ring=4 best=1103.8 bar=300 over=3/24 centre=122.06 
[2026-09-24 12:39:43]	[CulturalDiffusion] frontier city=393220 ring=4 best=449.4 bar=300 over=1/19 centre=423.57 
[2026-09-24 12:39:43]	[CulturalDiffusion] frontier city=458757 ring=4 best=0 bar=300 over=0/24 centre=0 
[2026-09-24 12:39:43]	[CulturalDiffusion] state bytes=2167 field=65 claims=0 locked=0 passMs=10 
[2026-09-24 12:39:43]	[CulturalDiffusion] pass: 0 flip(s), 0 pending, 0 ceded (0 pending), confirmed 0 claim/0 cede (0 dropped), 0 orphan(s) healed, 0 inner tile(s) released to base game, 65 active field tile(s) 
[2026-09-24 12:39:43]	[CulturalDiffusion] pass (turn 144): flips=0 field tiles=24 
[2026-09-24 12:39:49]	[CDH] TURN n=9 turn=144 age=AGE_ANTIQUITY state={"claims":0,"pending":0,"field":65,"locked":0} foreignUnitsOnOurLand=1 
[2026-09-24 12:40:18]	[CulturalDiffusion] inject 92,32 civ=0 culture=51.7 vitality=69.65 strength=77.62 stock=7708.66 cap=155246.73 
[2026-09-24 12:40:18]	[CulturalDiffusion] inject 87,32 civ=0 culture=15 vitality=29.95 strength=25.85 stock=1390.19 cap=51693.23 
[2026-09-24 12:40:18]	[CulturalDiffusion] inject 84,35 civ=0 culture=1 vitality=24.1 strength=4.12 stock=142.58 cap=8240.27 
[2026-09-24 12:40:18]	[CulturalDiffusion] inject 93,26 civ=0 culture=5 vitality=33.6 strength=13.18 stock=516.41 cap=26350.25 
[2026-09-24 12:40:18]	[CulturalDiffusion] inject 86,20 civ=0 culture=0 vitality=6.28 strength=0 stock=0 cap=0 
[2026-09-24 12:40:18]	[CulturalDiffusion] inject 90,37 civ=3 culture=5 vitality=23.75 strength=8.76 stock=316.66 cap=17512.13 
[2026-09-24 12:40:18]	[CulturalDiffusion] inject 82,23 civ=3 culture=5 vitality=20.35 strength=8.3 stock=294.4 cap=16590.3 
[2026-09-24 12:40:18]	[CulturalDiffusion] inject 81,18 civ=3 culture=8 vitality=31.4 strength=13.1 stock=512.18 cap=26209.58 
[2026-09-24 12:40:18]	[CulturalDiffusion] inject 80,31 civ=3 culture=4 vitality=18.65 strength=6.96 stock=233.32 cap=13918.83 
[2026-09-24 12:40:18]	[CulturalDiffusion] inject 79,39 civ=5 culture=1 vitality=7.7 strength=2.27 stock=21.28 cap=4547.64 
[2026-09-24 12:40:18]	[CulturalDiffusion] frontier city=65536 ring=4 best=605.62 bar=300 over=1/23 centre=7708.66 
[2026-09-24 12:40:18]	[CulturalDiffusion] frontier city=196609 ring=4 best=2270.12 bar=300 over=2/24 centre=1390.19 
[2026-09-24 12:40:18]	[CulturalDiffusion] frontier city=327683 ring=4 best=1390.19 bar=300 over=3/24 centre=142.58 
[2026-09-24 12:40:18]	[CulturalDiffusion] frontier city=393220 ring=4 best=789.23 bar=300 over=2/19 centre=516.41 
[2026-09-24 12:40:18]	[CulturalDiffusion] frontier city=458757 ring=4 best=0 bar=300 over=0/24 centre=0 
[2026-09-24 12:40:18]	[CulturalDiffusion] state bytes=2532 field=76 claims=0 locked=0 passMs=11 
[2026-09-24 12:40:18]	[CulturalDiffusion] pass: 0 flip(s), 0 pending, 0 ceded (0 pending), confirmed 0 claim/0 cede (0 dropped), 0 orphan(s) healed, 0 inner tile(s) released to base game, 76 active field tile(s) 
[2026-09-24 12:40:18]	[CulturalDiffusion] pass (turn 145): flips=0 field tiles=24 
[2026-09-24 12:40:24]	[CDH] TURN n=10 turn=145 age=AGE_ANTIQUITY state={"claims":0,"pending":0,"field":76,"locked":0} foreignUnitsOnOurLand=1 
[2026-09-24 12:40:49]	[CulturalDiffusion] inject 92,32 civ=0 culture=51.7 vitality=69.65 strength=76.48 stock=9932.77 cap=152952.89 
[2026-09-24 12:40:49]	[CulturalDiffusion] inject 87,32 civ=0 culture=15 vitality=29.95 strength=25.46 stock=1697.41 cap=50929.44 
[2026-09-24 12:40:49]	[CulturalDiffusion] inject 84,35 civ=0 culture=1 vitality=24.1 strength=4.06 stock=163.23 cap=8118.52 
[2026-09-24 12:40:49]	[CulturalDiffusion] inject 93,26 civ=0 culture=5 vitality=34.2 strength=13.06 stock=614.54 cap=26122.24 
[2026-09-24 12:40:49]	[CulturalDiffusion] inject 86,20 civ=0 culture=0 vitality=12.37 strength=0 stock=0 cap=0 
[2026-09-24 12:40:49]	[CulturalDiffusion] inject 90,37 civ=3 culture=5 vitality=24.05 strength=10.72 stock=383.71 cap=21439.23 
[2026-09-24 12:40:49]	[CulturalDiffusion] inject 82,23 civ=3 culture=5 vitality=21.35 strength=10.28 stock=357.01 cap=20564.03 
[2026-09-24 12:40:49]	[CulturalDiffusion] inject 81,18 civ=3 culture=8 vitality=32.4 strength=16.15 stock=637.13 cap=32298.89 
[2026-09-24 12:40:49]	[CulturalDiffusion] inject 80,31 civ=3 culture=4 vitality=18.95 strength=8.53 stock=281.11 cap=17060.46 
[2026-09-24 12:40:49]	[CulturalDiffusion] inject 79,39 civ=5 culture=1 vitality=7.7 strength=2.32 stock=33.36 cap=4633.48 
[2026-09-24 12:40:49]	[CulturalDiffusion] frontier city=65536 ring=4 best=843.25 bar=300 over=1/23 centre=9932.77 
[2026-09-24 12:40:49]	[CulturalDiffusion] frontier city=196609 ring=4 best=3394.48 bar=300 over=3/24 centre=1697.41 
[2026-09-24 12:40:49]	[CulturalDiffusion] frontier city=327683 ring=4 best=1697.41 bar=300 over=3/24 centre=163.23 
[2026-09-24 12:40:49]	[CulturalDiffusion] frontier city=393220 ring=4 best=1294.38 bar=300 over=3/19 centre=614.54 
[2026-09-24 12:40:49]	[CulturalDiffusion] frontier city=458757 ring=4 best=0 bar=300 over=0/24 centre=0 
[2026-09-24 12:40:49]	[CulturalDiffusion] state bytes=2835 field=85 claims=0 locked=0 passMs=14 
[2026-09-24 12:40:49]	[CulturalDiffusion] pass: 0 flip(s), 0 pending, 0 ceded (0 pending), confirmed 0 claim/0 cede (0 dropped), 0 orphan(s) healed, 0 inner tile(s) released to base game, 85 active field tile(s) 
[2026-09-24 12:40:49]	[CulturalDiffusion] pass (turn 146): flips=0 field tiles=27 
[2026-09-24 12:40:55]	[CDH] TURN n=11 turn=146 age=AGE_ANTIQUITY state={"claims":0,"pending":0,"field":85,"locked":0} foreignUnitsOnOurLand=0 
[2026-09-24 12:41:20]	[CulturalDiffusion] inject 92,32 civ=0 culture=51.7 vitality=69.65 strength=76.76 stock=12408.19 cap=153528.93 
[2026-09-24 12:41:20]	[CulturalDiffusion] inject 87,32 civ=0 culture=15 vitality=29.95 strength=25.56 stock=2029.4 cap=51121.25 
[2026-09-24 12:41:20]	[CulturalDiffusion] inject 84,35 civ=0 culture=1 vitality=24.1 strength=4.07 stock=184.23 cap=8149.09 
[2026-09-24 12:41:20]	[CulturalDiffusion] inject 93,26 civ=0 culture=5 vitality=34.2 strength=13.11 stock=718.69 cap=26220.62 
[2026-09-24 12:41:20]	[CulturalDiffusion] inject 86,20 civ=0 culture=0 vitality=12.37 strength=0 stock=0 cap=0 
[2026-09-24 12:41:20]	[CulturalDiffusion] inject 90,37 civ=3 culture=5 vitality=23.35 strength=10.6 stock=453.91 cap=21192.19 
[2026-09-24 12:41:20]	[CulturalDiffusion] inject 82,23 civ=3 culture=5 vitality=20.65 strength=10.15 stock=422.44 cap=20300.07 
[2026-09-24 12:41:20]	[CulturalDiffusion] inject 81,18 civ=3 culture=8 vitality=31.7 strength=16.01 stock=770.75 cap=32012.84 
[2026-09-24 12:41:20]	[CulturalDiffusion] inject 80,31 civ=3 culture=4 vitality=18.25 strength=8.41 stock=330.66 cap=16816.13 
[2026-09-24 12:41:20]	[CulturalDiffusion] inject 79,39 civ=5 culture=1 vitality=9.55 strength=2.45 stock=46.17 cap=4895.02 
[2026-09-24 12:41:20]	[CulturalDiffusion] frontier city=65536 ring=4 best=1128.8 bar=300 over=1/23 centre=12408.19 
[2026-09-24 12:41:20]	[CulturalDiffusion] frontier city=196609 ring=4 best=4821.33 bar=300 over=5/24 centre=2029.4 
[2026-09-24 12:41:20]	[CulturalDiffusion] frontier city=327683 ring=4 best=2029.4 bar=300 over=3/24 centre=184.23 
[2026-09-24 12:41:20]	[CulturalDiffusion] frontier city=393220 ring=4 best=2044.85 bar=300 over=3/19 centre=718.69 
[2026-09-24 12:41:20]	[CulturalDiffusion] frontier city=458757 ring=4 best=0 bar=300 over=0/24 centre=0 
[2026-09-24 12:41:20]	[CulturalDiffusion] state bytes=3279 field=98 claims=0 locked=0 passMs=11 
[2026-09-24 12:41:20]	[CulturalDiffusion] pass: 0 flip(s), 0 pending, 0 ceded (0 pending), confirmed 0 claim/0 cede (0 dropped), 0 orphan(s) healed, 0 inner tile(s) released to base game, 98 active field tile(s) 
[2026-09-24 12:41:20]	[CulturalDiffusion] pass (turn 147): flips=0 field tiles=40 
[2026-09-24 12:41:26]	[CDH] TURN n=12 turn=147 age=AGE_ANTIQUITY state={"claims":0,"pending":0,"field":98,"locked":0} foreignUnitsOnOurLand=0 
[2026-09-24 12:41:53]	[CulturalDiffusion] inject 92,32 civ=0 culture=51.7 vitality=74.72 strength=80.71 stock=15278.87 cap=161424.82 
[2026-09-24 12:41:53]	[CulturalDiffusion] inject 87,32 civ=0 culture=17 vitality=33 strength=29.43 stock=2450.34 cap=58852.42 
[2026-09-24 12:41:53]	[CulturalDiffusion] inject 84,35 civ=0 culture=1 vitality=24.1 strength=4.18 stock=205.99 cap=8359.85 
[2026-09-24 12:41:53]	[CulturalDiffusion] inject 93,26 civ=0 culture=6 vitality=41.48 strength=16.2 stock=859.95 cap=32397.85 
[2026-09-24 12:41:53]	[CulturalDiffusion] inject 86,20 civ=0 culture=0 vitality=12.37 strength=0 stock=0 cap=0 
[2026-09-24 12:41:53]	[CulturalDiffusion] inject 90,37 civ=3 culture=5 vitality=23.35 strength=10.53 stock=527.09 cap=21055.98 
[2026-09-24 12:41:53]	[CulturalDiffusion] inject 82,23 civ=3 culture=5 vitality=19.2 strength=9.83 stock=488.57 cap=19662.12 
[2026-09-24 12:41:53]	[CulturalDiffusion] inject 81,18 civ=3 culture=8 vitality=31.7 strength=15.9 stock=912.21 cap=31807.07 
[2026-09-24 12:41:53]	[CulturalDiffusion] inject 80,31 civ=3 culture=4 vitality=18.25 strength=8.35 stock=381.96 cap=16708.04 
[2026-09-24 12:41:53]	[CulturalDiffusion] inject 79,39 civ=5 culture=1 vitality=9.55 strength=2.47 stock=59.37 cap=4945.85 
[2026-09-24 12:41:53]	[CulturalDiffusion] frontier city=65536 ring=4 best=1465.62 bar=300 over=1/23 centre=15278.87 
[2026-09-24 12:41:53]	[CulturalDiffusion] frontier city=196609 ring=4 best=6576.53 bar=300 over=5/24 centre=2450.34 
[2026-09-24 12:41:53]	[CulturalDiffusion] frontier city=327683 ring=4 best=2450.34 bar=300 over=3/24 centre=205.99 
[2026-09-24 12:41:53]	[CulturalDiffusion] frontier city=393220 ring=4 best=3101.4 bar=300 over=3/19 centre=859.95 
[2026-09-24 12:41:53]	[CulturalDiffusion] frontier city=458757 ring=4 best=0 bar=300 over=0/24 centre=0 
[2026-09-24 12:41:53]	[CulturalDiffusion] state bytes=3892 field=114 claims=0 locked=0 passMs=13 
[2026-09-24 12:41:53]	[CulturalDiffusion] pass: 0 flip(s), 0 pending, 0 ceded (0 pending), confirmed 0 claim/0 cede (0 dropped), 0 orphan(s) healed, 0 inner tile(s) released to base game, 114 active field tile(s) 
[2026-09-24 12:41:53]	[CulturalDiffusion] pass (turn 148): flips=0 field tiles=42 
[2026-09-24 12:41:59]	[CDH] TURN n=13 turn=148 age=AGE_ANTIQUITY state={"claims":0,"pending":0,"field":114,"locked":0} foreignUnitsOnOurLand=2 
[2026-09-24 12:42:26]	[CulturalDiffusion] inject 92,32 civ=0 culture=51.7 vitality=74.72 strength=79.75 stock=18341.65 cap=159493.54 
[2026-09-24 12:42:26]	[CulturalDiffusion] inject 87,32 civ=0 culture=17 vitality=33 strength=29.07 stock=2894.22 cap=58148.31 
[2026-09-24 12:42:26]	[CulturalDiffusion] inject 84,35 civ=0 culture=1 vitality=24.1 strength=4.13 stock=227.65 cap=8259.84 
[2026-09-24 12:42:26]	[CulturalDiffusion] inject 93,26 civ=0 culture=6 vitality=41.48 strength=16.01 stock=1007.73 cap=32010.24 
[2026-09-24 12:42:26]	[CulturalDiffusion] inject 86,20 civ=0 culture=0 vitality=12.37 strength=0 stock=0 cap=0 
[2026-09-24 12:42:26]	[CulturalDiffusion] inject 90,37 civ=3 culture=5 vitality=23.35 strength=10.65 stock=604.44 cap=21301.05 
[2026-09-24 12:42:26]	[CulturalDiffusion] inject 82,23 civ=3 culture=5 vitality=22.53 strength=10.52 stock=563.18 cap=21034.56 
[2026-09-24 12:42:26]	[CulturalDiffusion] inject 81,18 civ=3 culture=8 vitality=35.03 strength=16.66 stock=1070.48 cap=33320.46 
[2026-09-24 12:42:26]	[CulturalDiffusion] inject 80,31 civ=3 culture=5 vitality=19.7 strength=10.04 stock=447.82 cap=20070.76 
[2026-09-24 12:42:26]	[CulturalDiffusion] inject 79,39 civ=5 culture=1 vitality=9.55 strength=2.44 stock=72.67 cap=4871.09 
[2026-09-24 12:42:26]	[CulturalDiffusion] frontier city=65536 ring=4 best=1837.75 bar=300 over=3/23 centre=18341.65 
[2026-09-24 12:42:26]	[CulturalDiffusion] frontier city=196609 ring=4 best=8707.9 bar=300 over=5/24 centre=2894.22 
[2026-09-24 12:42:26]	[CulturalDiffusion] frontier city=327683 ring=4 best=2894.22 bar=300 over=3/24 centre=227.65 
[2026-09-24 12:42:26]	[CulturalDiffusion] frontier city=393220 ring=4 best=4528.07 bar=300 over=3/19 centre=1007.73 
[2026-09-24 12:42:26]	[CulturalDiffusion] frontier city=458757 ring=4 best=0 bar=300 over=0/24 centre=0 
[2026-09-24 12:42:26]	[CulturalDiffusion] state bytes=4242 field=125 claims=0 locked=0 passMs=12 
[2026-09-24 12:42:26]	[CulturalDiffusion] pass: 0 flip(s), 0 pending, 0 ceded (0 pending), confirmed 0 claim/0 cede (0 dropped), 0 orphan(s) healed, 0 inner tile(s) released to base game, 125 active field tile(s) 
[2026-09-24 12:42:26]	[CulturalDiffusion] pass (turn 149): flips=0 field tiles=45 
[2026-09-24 12:42:32]	[CDH] TURN n=14 turn=149 age=AGE_ANTIQUITY state={"claims":0,"pending":0,"field":125,"locked":0} foreignUnitsOnOurLand=0 
[2026-09-24 12:43:00]	[CulturalDiffusion] inject 92,32 civ=0 culture=51.7 vitality=74.72 strength=79.32 stock=21593.94 cap=158634.38 
[2026-09-24 12:43:00]	[CulturalDiffusion] inject 87,32 civ=0 culture=17 vitality=33 strength=28.92 stock=3361.03 cap=57835.08 
[2026-09-24 12:43:00]	[CulturalDiffusion] inject 84,35 civ=0 culture=1 vitality=24.1 strength=4.11 stock=249.27 cap=8215.34 
[2026-09-24 12:43:00]	[CulturalDiffusion] inject 93,26 civ=0 culture=6 vitality=41.48 strength=15.92 stock=1162.06 cap=31837.81 
[2026-09-24 12:43:00]	[CulturalDiffusion] inject 86,20 civ=0 culture=0 vitality=12.37 strength=0 stock=0 cap=0 
[2026-09-24 12:43:00]	[CulturalDiffusion] inject 90,37 civ=3 culture=5 vitality=23.35 strength=10.68 stock=684.94 cap=21366.63 
[2026-09-24 12:43:00]	[CulturalDiffusion] inject 82,23 civ=3 culture=5 vitality=22.53 strength=10.55 stock=640.98 cap=21099.31 
[2026-09-24 12:43:00]	[CulturalDiffusion] inject 81,18 civ=3 culture=8 vitality=35.03 strength=16.71 stock=1237.72 cap=33423.03 
[2026-09-24 12:43:00]	[CulturalDiffusion] inject 80,31 civ=3 culture=5 vitality=19.7 strength=10.07 stock=516.93 cap=20132.55 
[2026-09-24 12:43:00]	[CulturalDiffusion] inject 79,39 civ=5 culture=1 vitality=9.55 strength=2.47 stock=86.18 cap=4936.92 
[2026-09-24 12:43:00]	[CulturalDiffusion] frontier city=65536 ring=4 best=2170.66 bar=300 over=3/23 centre=21593.94 
[2026-09-24 12:43:00]	[CulturalDiffusion] frontier city=196609 ring=4 best=11228.23 bar=300 over=5/24 centre=3361.03 
[2026-09-24 12:43:00]	[CulturalDiffusion] frontier city=327683 ring=4 best=3361.03 bar=300 over=3/24 centre=249.27 
[2026-09-24 12:43:00]	[CulturalDiffusion] frontier city=393220 ring=4 best=6397.28 bar=300 over=4/19 centre=1162.06 
[2026-09-24 12:43:00]	[CulturalDiffusion] frontier city=458757 ring=4 best=0 bar=300 over=0/24 centre=0 
[2026-09-24 12:43:00]	[CulturalDiffusion] state bytes=4446 field=130 claims=0 locked=0 passMs=65 
[2026-09-24 12:43:00]	[CulturalDiffusion] pass: 0 flip(s), 0 pending, 0 ceded (0 pending), confirmed 0 claim/0 cede (0 dropped), 0 orphan(s) healed, 0 inner tile(s) released to base game, 130 active field tile(s) 
[2026-09-24 12:43:00]	[CulturalDiffusion] pass (turn 150): flips=0 field tiles=53 
[2026-09-24 12:43:06]	[CDH] TURN n=15 turn=150 age=AGE_ANTIQUITY state={"claims":0,"pending":0,"field":130,"locked":0} foreignUnitsOnOurLand=0 
[2026-09-24 12:43:32]	[CulturalDiffusion] inject 92,32 civ=0 culture=51.7 vitality=74.72 strength=99.28 stock=26173.85 cap=198569.73 
[2026-09-24 12:43:32]	[CulturalDiffusion] inject 87,32 civ=0 culture=17 vitality=33 strength=36.2 stock=4014.73 cap=72394.75 
[2026-09-24 12:43:32]	[CulturalDiffusion] inject 84,35 civ=0 culture=1 vitality=24.1 strength=5.14 stock=277.24 cap=10283.51 
[2026-09-24 12:43:32]	[CulturalDiffusion] inject 93,26 civ=0 culture=9 vitality=42.23 strength=26.1 stock=1457.52 cap=52196.62 
[2026-09-24 12:43:32]	[CulturalDiffusion] inject 86,20 civ=0 culture=0 vitality=12.37 strength=0 stock=0 cap=0 
[2026-09-24 12:43:32]	[CulturalDiffusion] inject 90,37 civ=3 culture=5 vitality=23.35 strength=10.79 stock=769.09 cap=21586.23 
[2026-09-24 12:43:32]	[CulturalDiffusion] inject 82,23 civ=3 culture=5 vitality=22.53 strength=10.66 stock=722.44 cap=21316.17 
[2026-09-24 12:43:32]	[CulturalDiffusion] inject 81,18 civ=3 culture=8 vitality=35.03 strength=16.88 stock=1414.88 cap=33766.56 
[2026-09-24 12:43:32]	[CulturalDiffusion] inject 80,31 civ=3 culture=5 vitality=19.7 strength=10.17 stock=589.64 cap=20339.47 
[2026-09-24 12:43:32]	[CulturalDiffusion] inject 79,39 civ=5 culture=1 vitality=9.55 strength=2.43 stock=99.61 cap=4859.11 
[2026-09-24 12:43:32]	[CulturalDiffusion] frontier city=65536 ring=4 best=2520.77 bar=300 over=7/23 centre=26173.85 
[2026-09-24 12:43:32]	[CulturalDiffusion] frontier city=196609 ring=4 best=14149.27 bar=300 over=6/24 centre=4014.73 
[2026-09-24 12:43:32]	[CulturalDiffusion] frontier city=327683 ring=4 best=4014.73 bar=300 over=3/24 centre=277.24 
[2026-09-24 12:43:32]	[CulturalDiffusion] frontier city=393220 ring=4 best=8781.05 bar=300 over=4/19 centre=1457.52 
[2026-09-24 12:43:32]	[CulturalDiffusion] frontier city=458757 ring=4 best=0 bar=300 over=0/24 centre=0 
[2026-09-24 12:43:32]	[CulturalDiffusion] flip 89,29 -> player 0 via purchasePlot sent; pending confirmation next pass (was owner -1) 
[2026-09-24 12:43:32]	[CulturalDiffusion] state bytes=4961 field=142 claims=0 locked=0 passMs=14 
[2026-09-24 12:43:32]	[CulturalDiffusion] pass: 0 flip(s), 1 pending, 0 ceded (0 pending), confirmed 0 claim/0 cede (0 dropped), 0 orphan(s) healed, 0 inner tile(s) released to base game, 142 active field tile(s) 
[2026-09-24 12:43:32]	[CulturalDiffusion] pass (turn 151): flips=0 field tiles=60 
[2026-09-24 12:43:38]	[CDH] TURN n=16 turn=151 age=AGE_ANTIQUITY state={"claims":0,"pending":1,"field":142,"locked":0} foreignUnitsOnOurLand=1 
[2026-09-24 12:44:04]	[CulturalDiffusion] notify: (89,29) unowned -> player 0 
[2026-09-24 12:44:04]	[CulturalDiffusion] pending 89,29 claim confirmed on the live map 
[2026-09-24 12:44:04]	[CulturalDiffusion] inject 92,32 civ=0 culture=51.7 vitality=75.77 strength=101.71 stock=31247.32 cap=203425.66 
[2026-09-24 12:44:04]	[CulturalDiffusion] inject 87,32 civ=0 culture=17 vitality=34.05 strength=37.31 stock=4738.55 cap=74617.36 
[2026-09-24 12:44:04]	[CulturalDiffusion] inject 84,35 civ=0 culture=1 vitality=25.15 strength=5.32 stock=337.85 cap=10641.32 
[2026-09-24 12:44:04]	[CulturalDiffusion] inject 93,26 civ=0 culture=9 vitality=43.28 strength=26.84 stock=1790.44 cap=53671.99 
[2026-09-24 12:44:04]	[CulturalDiffusion] inject 86,20 civ=0 culture=0 vitality=13.42 strength=0 stock=0 cap=0 
[2026-09-24 12:44:04]	[CulturalDiffusion] inject 90,37 civ=3 culture=6 vitality=25.15 strength=12.57 stock=874.61 cap=25131.55 
[2026-09-24 12:44:04]	[CulturalDiffusion] inject 82,23 civ=3 culture=5 vitality=25.85 strength=11.27 stock=812.63 cap=22538.46 
[2026-09-24 12:44:04]	[CulturalDiffusion] inject 81,18 civ=3 culture=8 vitality=38.35 strength=17.56 stock=1608.96 cap=35120.36 
[2026-09-24 12:44:04]	[CulturalDiffusion] inject 80,31 civ=3 culture=5 vitality=19.7 strength=10.25 stock=665.52 cap=20493.98 
[2026-09-24 12:44:04]	[CulturalDiffusion] inject 79,39 civ=5 culture=1 vitality=11.5 strength=2.6 stock=113.69 cap=5206.55 
[2026-09-24 12:44:04]	[CulturalDiffusion] frontier city=65536 ring=4 best=3011.05 bar=300 over=10/23 centre=31247.32 
[2026-09-24 12:44:04]	[CulturalDiffusion] frontier city=196609 ring=4 best=17665.97 bar=300 over=8/24 centre=4738.55 
[2026-09-24 12:44:04]	[CulturalDiffusion] frontier city=327683 ring=4 best=4738.55 bar=300 over=3/24 centre=337.85 
[2026-09-24 12:44:04]	[CulturalDiffusion] frontier city=393220 ring=4 best=11534.36 bar=300 over=4/19 centre=1790.44 
[2026-09-24 12:44:04]	[CulturalDiffusion] frontier city=458757 ring=4 best=0 bar=300 over=0/24 centre=0 
[2026-09-24 12:44:04]	[CulturalDiffusion] flip 89,35 -> player 0 via purchasePlot sent; pending confirmation next pass (was owner 3) 
[2026-09-24 12:44:04]	[CulturalDiffusion] state bytes=5161 field=146 claims=1 locked=1 passMs=18 
[2026-09-24 12:44:04]	[CulturalDiffusion] pass: 0 flip(s), 1 pending, 0 ceded (0 pending), confirmed 1 claim/0 cede (0 dropped), 0 orphan(s) healed, 0 inner tile(s) released to base game, 146 active field tile(s) 
[2026-09-24 12:44:04]	[CulturalDiffusion] pass (turn 152): flips=0 field tiles=63 
[2026-09-24 12:44:10]	[CDH] TURN n=17 turn=152 age=AGE_ANTIQUITY state={"claims":1,"pending":1,"field":146,"locked":1} foreignUnitsOnOurLand=2 
[2026-09-24 12:44:38]	[CulturalDiffusion] notify: (89,35) player 3 -> player 0 
[2026-09-24 12:44:38]	[CulturalDiffusion] pending 89,35 claim confirmed on the live map 
[2026-09-24 12:44:38]	[CulturalDiffusion] inject 92,32 civ=0 culture=51.7 vitality=76.67 strength=102.57 stock=36716.26 cap=205143.57 
[2026-09-24 12:44:38]	[CulturalDiffusion] inject 87,32 civ=0 culture=17 vitality=34.05 strength=37.47 stock=5509.56 cap=74937.7 
[2026-09-24 12:44:38]	[CulturalDiffusion] inject 84,35 civ=0 culture=1 vitality=25.15 strength=5.34 stock=444.01 cap=10687 
[2026-09-24 12:44:38]	[CulturalDiffusion] inject 93,26 civ=0 culture=9 vitality=43.28 strength=26.95 stock=2151.6 cap=53902.41 
[2026-09-24 12:44:38]	[CulturalDiffusion] inject 86,20 civ=0 culture=0 vitality=13.42 strength=0 stock=0 cap=0 
[2026-09-24 12:44:38]	[CulturalDiffusion] inject 90,37 civ=3 culture=6 vitality=25.15 strength=12.55 stock=983.6 cap=25096.75 
[2026-09-24 12:44:38]	[CulturalDiffusion] inject 82,23 civ=3 culture=5 vitality=24.85 strength=11.1 stock=903.54 cap=22198.6 
[2026-09-24 12:44:38]	[CulturalDiffusion] inject 81,18 civ=3 culture=8 vitality=38.25 strength=17.52 stock=1809.68 cap=35039.69 
[2026-09-24 12:44:38]	[CulturalDiffusion] inject 80,31 civ=3 culture=5 vitality=19.7 strength=10.23 stock=743.49 cap=20465.6 
[2026-09-24 12:44:38]	[CulturalDiffusion] inject 79,39 civ=5 culture=1 vitality=10.6 strength=2.49 stock=127.29 cap=4979.68 
[2026-09-24 12:44:38]	[CulturalDiffusion] frontier city=65536 ring=4 best=3553.91 bar=300 over=11/23 centre=36716.26 
[2026-09-24 12:44:38]	[CulturalDiffusion] frontier city=196609 ring=4 best=21829.17 bar=300 over=8/24 centre=5509.56 
[2026-09-24 12:44:38]	[CulturalDiffusion] frontier city=327683 ring=4 best=5509.56 bar=300 over=3/24 centre=444.01 
[2026-09-24 12:44:38]	[CulturalDiffusion] frontier city=393220 ring=4 best=14722.79 bar=300 over=4/19 centre=2151.6 
[2026-09-24 12:44:38]	[CulturalDiffusion] frontier city=458757 ring=4 best=0 bar=300 over=0/24 centre=0 
[2026-09-24 12:44:38]	[CulturalDiffusion] flip 92,36 -> player 0 via purchasePlot sent; pending confirmation next pass (was owner 3) 
[2026-09-24 12:44:38]	[CulturalDiffusion] state bytes=5715 field=161 claims=2 locked=2 passMs=19 
[2026-09-24 12:44:38]	[CulturalDiffusion] pass: 0 flip(s), 1 pending, 0 ceded (0 pending), confirmed 1 claim/0 cede (0 dropped), 0 orphan(s) healed, 0 inner tile(s) released to base game, 161 active field tile(s) 
[2026-09-24 12:44:38]	[CulturalDiffusion] pass (turn 153): flips=0 field tiles=70 
[2026-09-24 12:44:44]	[CDH] TURN n=18 turn=153 age=AGE_ANTIQUITY state={"claims":2,"pending":1,"field":161,"locked":2} foreignUnitsOnOurLand=2 
[2026-09-24 12:45:11]	[CulturalDiffusion] notify: (92,36) player 3 -> player 0 
[2026-09-24 12:45:11]	[CulturalDiffusion] pending 92,36 claim confirmed on the live map 
[2026-09-24 12:45:11]	[CulturalDiffusion] inject 92,32 civ=0 culture=52.8 vitality=80.06 strength=107.11 stock=42837.97 cap=214210.94 
[2026-09-24 12:45:11]	[CulturalDiffusion] inject 87,32 civ=0 culture=17 vitality=34.05 strength=38.01 stock=6335.92 cap=76029.84 
[2026-09-24 12:45:11]	[CulturalDiffusion] inject 84,35 civ=0 culture=1 vitality=25.15 strength=5.42 stock=580.91 cap=10842.75 
[2026-09-24 12:45:11]	[CulturalDiffusion] inject 93,26 civ=0 culture=10 vitality=58.13 strength=32.47 stock=2636.29 cap=64934.92 
[2026-09-24 12:45:11]	[CulturalDiffusion] inject 86,20 civ=0 culture=3.4 vitality=15.6 strength=10.17 stock=10 cap=20332.61 
[2026-09-24 12:45:11]	[CulturalDiffusion] inject 77,36 civ=2 culture=2 vitality=8.75 strength=3.82 stock=10 cap=7649.18 
[2026-09-24 12:45:11]	[CulturalDiffusion] inject 90,37 civ=3 culture=6 vitality=23.5 strength=12.24 stock=1092.04 cap=24470.31 
[2026-09-24 12:45:11]	[CulturalDiffusion] inject 82,23 civ=3 culture=5 vitality=24.5 strength=11.03 stock=995.74 cap=22054.95 
[2026-09-24 12:45:11]	[CulturalDiffusion] inject 81,18 civ=3 culture=8 vitality=37.9 strength=17.44 stock=2015.49 cap=34873.83 
[2026-09-24 12:45:11]	[CulturalDiffusion] inject 80,31 civ=3 culture=5 vitality=19.7 strength=10.22 stock=823.21 cap=20434.36 
[2026-09-24 12:45:11]	[CulturalDiffusion] inject 79,39 civ=5 culture=1 vitality=10.6 strength=2.52 stock=140.94 cap=5042.32 
[2026-09-24 12:45:11]	[CulturalDiffusion] frontier city=65536 ring=4 best=4132.17 bar=300 over=12/23 centre=42837.97 
[2026-09-24 12:45:11]	[CulturalDiffusion] frontier city=196609 ring=4 best=26675.87 bar=300 over=8/24 centre=6335.92 
[2026-09-24 12:45:11]	[CulturalDiffusion] frontier city=327683 ring=4 best=6335.92 bar=300 over=3/24 centre=580.91 
[2026-09-24 12:45:11]	[CulturalDiffusion] frontier city=393220 ring=4 best=17576.62 bar=300 over=5/19 centre=2636.29 
[2026-09-24 12:45:11]	[CulturalDiffusion] frontier city=458757 ring=4 best=0 bar=300 over=0/24 centre=10 
[2026-09-24 12:45:11]	[CulturalDiffusion] flip 90,28 -> player 0 via purchasePlot sent; pending confirmation next pass (was owner -1) 
[2026-09-24 12:45:11]	[CulturalDiffusion] state bytes=6189 field=173 claims=3 locked=3 passMs=17 
[2026-09-24 12:45:11]	[CulturalDiffusion] pass: 0 flip(s), 1 pending, 0 ceded (0 pending), confirmed 1 claim/0 cede (0 dropped), 0 orphan(s) healed, 0 inner tile(s) released to base game, 173 active field tile(s) 
[2026-09-24 12:45:11]	[CulturalDiffusion] pass (turn 154): flips=0 field tiles=75 
[2026-09-24 12:45:17]	[CDH] TURN n=19 turn=154 age=AGE_ANTIQUITY state={"claims":3,"pending":1,"field":173,"locked":3} foreignUnitsOnOurLand=1 
[2026-09-24 12:45:41]	[CulturalDiffusion] notify: (90,28) unowned -> player 0 
[2026-09-24 12:45:41]	[CulturalDiffusion] pending 90,28 claim confirmed on the live map 
[2026-09-24 12:45:41]	[CulturalDiffusion] inject 92,32 civ=0 culture=56.1 vitality=79.51 strength=112.8 stock=49746.82 cap=225591.29 
[2026-09-24 12:45:41]	[CulturalDiffusion] inject 87,32 civ=0 culture=17 vitality=34.05 strength=38.58 stock=7217.47 cap=77158.64 
[2026-09-24 12:45:41]	[CulturalDiffusion] inject 84,35 civ=0 culture=1 vitality=25.15 strength=5.5 stock=752.13 cap=11003.73 
[2026-09-24 12:45:41]	[CulturalDiffusion] inject 93,26 civ=0 culture=10 vitality=59.18 strength=33.16 stock=3172.82 cap=66313.23 
[2026-09-24 12:45:41]	[CulturalDiffusion] inject 86,20 civ=0 culture=3.4 vitality=15.6 strength=10.32 stock=31.14 cap=20634.48 
[2026-09-24 12:45:41]	[CulturalDiffusion] inject 77,36 civ=2 culture=2 vitality=10.4 strength=4.07 stock=23.48 cap=8136.19 
[2026-09-24 12:45:41]	[CulturalDiffusion] inject 90,37 civ=3 culture=6 vitality=23.5 strength=9.67 stock=1170.14 cap=19330.36 
[2026-09-24 12:45:41]	[CulturalDiffusion] inject 82,23 civ=3 culture=5 vitality=25.95 strength=8.89 stock=1063.58 cap=17776.51 
[2026-09-24 12:45:41]	[CulturalDiffusion] inject 81,18 civ=3 culture=8 vitality=37.9 strength=13.77 stock=2163.21 cap=27548.63 
[2026-09-24 12:45:41]	[CulturalDiffusion] inject 80,31 civ=3 culture=5 vitality=19.7 strength=8.07 stock=880.74 cap=16142.15 
[2026-09-24 12:45:41]	[CulturalDiffusion] inject 79,39 civ=5 culture=1 vitality=10.6 strength=2.53 stock=154.51 cap=5054.25 
[2026-09-24 12:45:41]	[CulturalDiffusion] frontier city=65536 ring=4 best=4751.94 bar=300 over=12/23 centre=49746.82 
[2026-09-24 12:45:41]	[CulturalDiffusion] frontier city=196609 ring=4 best=32128.48 bar=300 over=8/24 centre=7217.47 
[2026-09-24 12:45:41]	[CulturalDiffusion] frontier city=327683 ring=4 best=7217.47 bar=300 over=3/24 centre=752.13 
[2026-09-24 12:45:41]	[CulturalDiffusion] frontier city=393220 ring=4 best=20652.9 bar=300 over=6/19 centre=3172.82 
[2026-09-24 12:45:41]	[CulturalDiffusion] frontier city=458757 ring=4 best=0 bar=300 over=0/24 centre=31.14 
[2026-09-24 12:45:41]	[CulturalDiffusion] state bytes=6737 field=188 claims=4 locked=4 passMs=12 
[2026-09-24 12:45:41]	[CulturalDiffusion] pass: 0 flip(s), 0 pending, 0 ceded (0 pending), confirmed 1 claim/0 cede (0 dropped), 0 orphan(s) healed, 0 inner tile(s) released to base game, 188 active field tile(s) 
[2026-09-24 12:45:41]	[CulturalDiffusion] pass (turn 155): flips=0 field tiles=82 
[2026-09-24 12:45:47]	[CDH] TURN n=20 turn=155 age=AGE_ANTIQUITY state={"claims":4,"pending":0,"field":188,"locked":4} foreignUnitsOnOurLand=0 
[2026-09-24 12:46:10]	[CulturalDiffusion] inject 92,32 civ=0 culture=56.1 vitality=79.51 strength=112.63 stock=56997.55 cap=225254.12 
[2026-09-24 12:46:10]	[CulturalDiffusion] inject 87,32 civ=0 culture=17 vitality=34.75 strength=38.8 stock=8142.13 cap=77593.39 
[2026-09-24 12:46:10]	[CulturalDiffusion] inject 84,35 civ=0 culture=1 vitality=25.15 strength=5.49 stock=964.61 cap=10987.29 
[2026-09-24 12:46:10]	[CulturalDiffusion] inject 93,26 civ=0 culture=10 vitality=59.18 strength=33.11 stock=3745.43 cap=66214.11 
[2026-09-24 12:46:10]	[CulturalDiffusion] inject 86,20 civ=0 culture=3.4 vitality=15.6 strength=10.3 stock=60.84 cap=20603.64 
[2026-09-24 12:46:10]	[CulturalDiffusion] inject 77,36 civ=2 culture=2 vitality=10.4 strength=4.09 stock=38.98 cap=8174.47 
[2026-09-24 12:46:10]	[CulturalDiffusion] inject 90,37 civ=3 culture=6 vitality=23.5 strength=9.65 stock=1248.52 cap=19306.2 
[2026-09-24 12:46:10]	[CulturalDiffusion] inject 82,23 civ=3 culture=5 vitality=25.95 strength=8.88 stock=1131.53 cap=17754.29 
[2026-09-24 12:46:10]	[CulturalDiffusion] inject 81,18 civ=3 culture=8 vitality=37.9 strength=13.76 stock=2311.86 cap=27514.21 
[2026-09-24 12:46:10]	[CulturalDiffusion] inject 80,31 civ=3 culture=5 vitality=19.7 strength=8.06 stock=938.35 cap=16121.98 
[2026-09-24 12:46:10]	[CulturalDiffusion] inject 79,39 civ=5 culture=1 vitality=10.6 strength=2.55 stock=168.07 cap=5100.69 
[2026-09-24 12:46:10]	[CulturalDiffusion] frontier city=65536 ring=4 best=5413.1 bar=300 over=13/23 centre=56997.55 
[2026-09-24 12:46:10]	[CulturalDiffusion] frontier city=196609 ring=4 best=37310.12 bar=300 over=11/24 centre=8142.13 
[2026-09-24 12:46:10]	[CulturalDiffusion] frontier city=327683 ring=4 best=8142.13 bar=300 over=3/24 centre=964.61 
[2026-09-24 12:46:10]	[CulturalDiffusion] frontier city=393220 ring=4 best=24096.36 bar=300 over=6/19 centre=3745.43 
[2026-09-24 12:46:10]	[CulturalDiffusion] frontier city=458757 ring=4 best=0 bar=300 over=0/24 centre=60.84 
[2026-09-24 12:46:10]	[CulturalDiffusion] flip 93,36 -> player 0 via purchasePlot sent; pending confirmation next pass (was owner -1) 
[2026-09-24 12:46:10]	[CulturalDiffusion] flip 91,36 -> player 0 via purchasePlot sent; pending confirmation next pass (was owner 3) 
[2026-09-24 12:46:10]	[CulturalDiffusion] flip 90,36 -> player 0 via purchasePlot sent; pending confirmation next pass (was owner 3) 
[2026-09-24 12:46:10]	[CulturalDiffusion] flip 89,28 -> player 0 via purchasePlot sent; pending confirmation next pass (was owner -1) 
[2026-09-24 12:46:10]	[CulturalDiffusion] state bytes=7169 field=192 claims=4 locked=4 passMs=19 
[2026-09-24 12:46:10]	[CulturalDiffusion] pass: 0 flip(s), 4 pending, 0 ceded (0 pending), confirmed 0 claim/0 cede (0 dropped), 0 orphan(s) healed, 0 inner tile(s) released to base game, 192 active field tile(s) 
[2026-09-24 12:46:10]	[CulturalDiffusion] pass (turn 156): flips=0 field tiles=83 
[2026-09-24 12:46:16]	[CDH] TURN n=21 turn=156 age=AGE_ANTIQUITY state={"claims":4,"pending":4,"field":192,"locked":4} foreignUnitsOnOurLand=0 
[2026-09-24 12:46:39]	[CulturalDiffusion] notify: (93,36) unowned -> player 0 
[2026-09-24 12:46:39]	[CulturalDiffusion] pending 93,36 claim confirmed on the live map 
[2026-09-24 12:46:39]	[CulturalDiffusion] notify: (91,36) player 3 -> player 0 
[2026-09-24 12:46:39]	[CulturalDiffusion] pending 91,36 claim confirmed on the live map 
[2026-09-24 12:46:39]	[CulturalDiffusion] notify: (90,36) player 3 -> player 0 
[2026-09-24 12:46:39]	[CulturalDiffusion] pending 90,36 claim confirmed on the live map 
[2026-09-24 12:46:39]	[CulturalDiffusion] notify: (89,28) unowned -> player 0 
[2026-09-24 12:46:39]	[CulturalDiffusion] pending 89,28 claim confirmed on the live map 
[2026-09-24 12:46:39]	[CulturalDiffusion] inject 92,32 civ=0 culture=56.1 vitality=77.94 strength=88.21 stock=62313.06 cap=176422.69 
[2026-09-24 12:46:39]	[CulturalDiffusion] inject 87,32 civ=0 culture=17 vitality=33 strength=30.05 stock=8794.24 cap=60103.06 
[2026-09-24 12:46:39]	[CulturalDiffusion] inject 84,35 civ=0 culture=1 vitality=24.1 strength=4.27 stock=1212.49 cap=8537.5 
[2026-09-24 12:46:39]	[CulturalDiffusion] inject 93,26 civ=0 culture=16 vitality=58.7 strength=35.34 stock=4404.87 cap=70684.83 
[2026-09-24 12:46:39]	[CulturalDiffusion] inject 86,20 civ=0 culture=3.4 vitality=14.55 strength=7.93 stock=90.76 cap=15858.96 
[2026-09-24 12:46:39]	[CulturalDiffusion] inject 77,36 civ=2 culture=2 vitality=10.55 strength=4.1 stock=55.95 cap=8208.09 
[2026-09-24 12:46:39]	[CulturalDiffusion] inject 90,37 civ=3 culture=5 vitality=23.35 strength=8.54 stock=1312 cap=17085.37 
[2026-09-24 12:46:39]	[CulturalDiffusion] inject 82,23 civ=3 culture=5 vitality=25.95 strength=8.86 stock=1199.44 cap=17728.51 
[2026-09-24 12:46:39]	[CulturalDiffusion] inject 81,18 civ=3 culture=8 vitality=38.85 strength=13.86 stock=2463.31 cap=27713.34 
[2026-09-24 12:46:39]	[CulturalDiffusion] inject 80,31 civ=3 culture=5 vitality=19.7 strength=8.05 stock=995.93 cap=16098.57 
[2026-09-24 12:46:39]	[CulturalDiffusion] inject 79,39 civ=5 culture=1 vitality=10.75 strength=2.55 stock=181.47 cap=5101.46 
[2026-09-24 12:46:39]	[CulturalDiffusion] frontier city=65536 ring=4 best=6925.81 bar=300 over=14/23 centre=62313.06 
[2026-09-24 12:46:39]	[CulturalDiffusion] frontier city=196609 ring=4 best=42748.16 bar=300 over=12/24 centre=8794.24 
[2026-09-24 12:46:39]	[CulturalDiffusion] frontier city=327683 ring=4 best=8794.24 bar=300 over=3/24 centre=1212.49 
[2026-09-24 12:46:39]	[CulturalDiffusion] frontier city=393220 ring=4 best=27982.59 bar=300 over=6/19 centre=4404.87 
[2026-09-24 12:46:39]	[CulturalDiffusion] frontier city=458757 ring=4 best=0 bar=300 over=0/24 centre=90.76 
[2026-09-24 12:46:39]	[CulturalDiffusion] flip 89,36 -> player 0 via purchasePlot sent; pending confirmation next pass (was owner 3) 
[2026-09-24 12:46:39]	[CulturalDiffusion] state bytes=7383 field=198 claims=8 locked=8 passMs=17 
[2026-09-24 12:46:39]	[CulturalDiffusion] pass: 0 flip(s), 1 pending, 0 ceded (0 pending), confirmed 4 claim/0 cede (0 dropped), 0 orphan(s) healed, 0 inner tile(s) released to base game, 198 active field tile(s) 
[2026-09-24 12:46:39]	[CulturalDiffusion] pass (turn 157): flips=0 field tiles=89 
[2026-09-24 12:46:45]	[CDH] TURN n=22 turn=157 age=AGE_ANTIQUITY state={"claims":8,"pending":1,"field":198,"locked":8} foreignUnitsOnOurLand=0 
[2026-09-24 12:47:09]	[CulturalDiffusion] notify: (89,36) player 3 -> player 0 
[2026-09-24 12:47:09]	[CulturalDiffusion] pending 89,36 claim confirmed on the live map 
[2026-09-24 12:47:09]	[CulturalDiffusion] inject 92,32 civ=0 culture=55 vitality=77.94 strength=87.21 stock=67637.51 cap=174413.19 
[2026-09-24 12:47:09]	[CulturalDiffusion] inject 87,32 civ=0 culture=17 vitality=33 strength=30.09 stock=9456.52 cap=60186.6 
[2026-09-24 12:47:09]	[CulturalDiffusion] inject 84,35 civ=0 culture=1 vitality=24.1 strength=4.27 stock=1518.61 cap=8549.37 
[2026-09-24 12:47:09]	[CulturalDiffusion] inject 93,26 civ=0 culture=15 vitality=58.7 strength=33.94 stock=5065.98 cap=67875.14 
[2026-09-24 12:47:09]	[CulturalDiffusion] inject 86,20 civ=0 culture=3.4 vitality=14.55 strength=7.94 stock=124.51 cap=15881 
[2026-09-24 12:47:09]	[CulturalDiffusion] inject 77,36 civ=2 culture=2 vitality=9.55 strength=3.95 stock=73.6 cap=7900.12 
[2026-09-24 12:47:09]	[CulturalDiffusion] inject 90,37 civ=3 culture=5 vitality=23.35 strength=8.54 stock=1375.24 cap=17084.75 
[2026-09-24 12:47:09]	[CulturalDiffusion] inject 82,23 civ=3 culture=5 vitality=25.95 strength=8.86 stock=1267.36 cap=17727.86 
[2026-09-24 12:47:09]	[CulturalDiffusion] inject 81,18 civ=3 culture=8 vitality=38.85 strength=13.86 stock=2615.49 cap=27712.33 
[2026-09-24 12:47:09]	[CulturalDiffusion] inject 80,31 civ=3 culture=5 vitality=19.7 strength=8.05 stock=1053.51 cap=16097.98 
[2026-09-24 12:47:09]	[CulturalDiffusion] inject 79,39 civ=5 culture=1 vitality=10.75 strength=3.38 stock=199.01 cap=6753.27 
[2026-09-24 12:47:09]	[CulturalDiffusion] frontier city=65536 ring=4 best=8932.86 bar=300 over=14/23 centre=67637.51 
[2026-09-24 12:47:09]	[CulturalDiffusion] frontier city=196609 ring=4 best=46734.8 bar=300 over=13/24 centre=9456.52 
[2026-09-24 12:47:09]	[CulturalDiffusion] frontier city=327683 ring=4 best=9456.52 bar=300 over=3/24 centre=1518.61 
[2026-09-24 12:47:09]	[CulturalDiffusion] frontier city=393220 ring=4 best=32061.12 bar=300 over=7/19 centre=5065.98 
[2026-09-24 12:47:09]	[CulturalDiffusion] frontier city=458757 ring=4 best=0 bar=300 over=0/24 centre=124.51 
[2026-09-24 12:47:09]	[CulturalDiffusion] flip 90,23 -> player 0 via purchasePlot sent; pending confirmation next pass (was owner -1) 
[2026-09-24 12:47:09]	[CulturalDiffusion] state bytes=7551 field=201 claims=9 locked=9 passMs=15 
[2026-09-24 12:47:09]	[CulturalDiffusion] pass: 0 flip(s), 1 pending, 0 ceded (0 pending), confirmed 1 claim/0 cede (0 dropped), 0 orphan(s) healed, 0 inner tile(s) released to base game, 201 active field tile(s) 
[2026-09-24 12:47:09]	[CulturalDiffusion] pass (turn 158): flips=0 field tiles=91 
[2026-09-24 12:47:15]	[CDH] TURN n=23 turn=158 age=AGE_ANTIQUITY state={"claims":9,"pending":1,"field":201,"locked":9} foreignUnitsOnOurLand=0 
[2026-09-24 12:47:38]	[CulturalDiffusion] notify: (90,23) unowned -> player 0 
[2026-09-24 12:47:38]	[CulturalDiffusion] pending 90,23 claim confirmed on the live map 
[2026-09-24 12:47:38]	[CulturalDiffusion] inject 92,32 civ=0 culture=55 vitality=77.94 strength=87.22 stock=73049.64 cap=174434.56 
[2026-09-24 12:47:38]	[CulturalDiffusion] inject 87,32 civ=0 culture=17 vitality=33.7 strength=30.32 stock=10134.57 cap=60637.33 
[2026-09-24 12:47:38]	[CulturalDiffusion] inject 84,35 civ=0 culture=1 vitality=24.1 strength=4.28 stock=1892.49 cap=8550.42 
[2026-09-24 12:47:38]	[CulturalDiffusion] inject 93,26 civ=0 culture=15 vitality=58.7 strength=33.94 stock=5757.33 cap=67883.46 
[2026-09-24 12:47:38]	[CulturalDiffusion] inject 86,20 civ=0 culture=3.4 vitality=14.55 strength=7.94 stock=161.61 cap=15882.94 
[2026-09-24 12:47:38]	[CulturalDiffusion] inject 77,36 civ=2 culture=2 vitality=9.55 strength=3.83 stock=91.65 cap=7661.82 
[2026-09-24 12:47:38]	[CulturalDiffusion] inject 90,37 civ=3 culture=5 vitality=25.3 strength=8.74 stock=1441.05 cap=17487.04 
[2026-09-24 12:47:38]	[CulturalDiffusion] inject 82,23 civ=3 culture=5 vitality=26.3 strength=8.86 stock=1335.19 cap=17725.91 
[2026-09-24 12:47:38]	[CulturalDiffusion] inject 81,18 civ=3 culture=8 vitality=39.2 strength=13.83 stock=2767.71 cap=27666.37 
[2026-09-24 12:47:38]	[CulturalDiffusion] inject 80,31 civ=3 culture=5 vitality=19.7 strength=8.01 stock=1110.54 cap=16020.91 
[2026-09-24 12:47:38]	[CulturalDiffusion] inject 79,39 civ=5 culture=1 vitality=10.75 strength=3.36 stock=216.39 cap=6710.22 
[2026-09-24 12:47:38]	[CulturalDiffusion] frontier city=65536 ring=4 best=11357.66 bar=300 over=15/23 centre=73049.64 
[2026-09-24 12:47:38]	[CulturalDiffusion] frontier city=196609 ring=4 best=50728.13 bar=300 over=14/24 centre=10134.57 
[2026-09-24 12:47:38]	[CulturalDiffusion] frontier city=327683 ring=4 best=10134.57 bar=300 over=3/24 centre=1892.49 
[2026-09-24 12:47:38]	[CulturalDiffusion] frontier city=393220 ring=4 best=35051.1 bar=300 over=7/19 centre=5757.33 
[2026-09-24 12:47:38]	[CulturalDiffusion] frontier city=458757 ring=4 best=0 bar=300 over=0/24 centre=161.61 
[2026-09-24 12:47:38]	[CulturalDiffusion] flip 89,37 -> player 0 via purchasePlot sent; pending confirmation next pass (was owner 3) 
[2026-09-24 12:47:38]	[CulturalDiffusion] state bytes=8250 field=220 claims=10 locked=10 passMs=16 
[2026-09-24 12:47:38]	[CulturalDiffusion] pass: 0 flip(s), 1 pending, 0 ceded (0 pending), confirmed 1 claim/0 cede (0 dropped), 0 orphan(s) healed, 0 inner tile(s) released to base game, 220 active field tile(s) 
[2026-09-24 12:47:38]	[CulturalDiffusion] pass (turn 159): flips=0 field tiles=99 
[2026-09-24 12:47:45]	[CDH] TURN n=24 turn=159 age=AGE_ANTIQUITY state={"claims":10,"pending":1,"field":220,"locked":10} foreignUnitsOnOurLand=0 
[2026-09-24 12:48:09]	[CulturalDiffusion] notify: (89,37) player 3 -> player 0 
[2026-09-24 12:48:09]	[CulturalDiffusion] pending 89,37 claim confirmed on the live map 
[2026-09-24 12:48:09]	[CulturalDiffusion] inject 92,32 civ=0 culture=55 vitality=77.94 strength=87.43 stock=78558.52 cap=174867.17 
[2026-09-24 12:48:09]	[CulturalDiffusion] inject 87,32 civ=0 culture=17 vitality=33.7 strength=30.39 stock=10821.89 cap=60787.72 
[2026-09-24 12:48:09]	[CulturalDiffusion] inject 84,35 civ=0 culture=1 vitality=24.1 strength=4.29 stock=2339.44 cap=8571.62 
[2026-09-24 12:48:09]	[CulturalDiffusion] inject 93,26 civ=0 culture=15 vitality=58.7 strength=34.03 stock=6478.38 cap=68051.82 
[2026-09-24 12:48:09]	[CulturalDiffusion] inject 86,20 civ=0 culture=3.4 vitality=14.55 strength=7.96 stock=201.73 cap=15922.34 
[2026-09-24 12:48:09]	[CulturalDiffusion] inject 77,36 civ=2 culture=2 vitality=9.55 strength=3.84 stock=110.31 cap=7681.9 
[2026-09-24 12:48:09]	[CulturalDiffusion] inject 90,37 civ=3 culture=5 vitality=26.5 strength=8.91 stock=1509 cap=17820.66 
[2026-09-24 12:48:09]	[CulturalDiffusion] inject 82,23 civ=3 culture=5 vitality=25.6 strength=8.8 stock=1402.02 cap=17606.45 
[2026-09-24 12:48:09]	[CulturalDiffusion] inject 81,18 civ=3 culture=8 vitality=38.5 strength=13.78 stock=2919.16 cap=27566.21 
[2026-09-24 12:48:09]	[CulturalDiffusion] inject 80,31 civ=3 culture=5 vitality=19.7 strength=8.03 stock=1167.68 cap=16063.9 
[2026-09-24 12:48:09]	[CulturalDiffusion] inject 79,39 civ=5 culture=1 vitality=12.7 strength=3.52 stock=234.65 cap=7046.44 
[2026-09-24 12:48:09]	[CulturalDiffusion] frontier city=65536 ring=4 best=14069.58 bar=300 over=16/23 centre=78558.52 
[2026-09-24 12:48:09]	[CulturalDiffusion] frontier city=196609 ring=4 best=54787.23 bar=300 over=14/24 centre=10821.89 
[2026-09-24 12:48:09]	[CulturalDiffusion] frontier city=327683 ring=4 best=10821.89 bar=300 over=3/24 centre=2339.44 
[2026-09-24 12:48:09]	[CulturalDiffusion] frontier city=393220 ring=4 best=38046.1 bar=300 over=8/19 centre=6478.38 
[2026-09-24 12:48:09]	[CulturalDiffusion] frontier city=458757 ring=4 best=15.01 bar=300 over=0/24 centre=201.73 
[2026-09-24 12:48:09]	[CulturalDiffusion] flip 90,24 -> player 0 via purchasePlot sent; pending confirmation next pass (was owner -1) 
[2026-09-24 12:48:09]	[CulturalDiffusion] flip 91,37 -> player 0 via purchasePlot sent; pending confirmation next pass (was owner 3) 
[2026-09-24 12:48:09]	[CulturalDiffusion] state bytes=8907 field=231 claims=11 locked=11 passMs=19 
[2026-09-24 12:48:09]	[CulturalDiffusion] pass: 0 flip(s), 2 pending, 0 ceded (0 pending), confirmed 1 claim/0 cede (0 dropped), 0 orphan(s) healed, 0 inner tile(s) released to base game, 231 active field tile(s) 
[2026-09-24 12:48:09]	[CulturalDiffusion] pass (turn 160): flips=0 field tiles=105 
[2026-09-24 12:48:15]	[CDH] TURN n=25 turn=160 age=AGE_ANTIQUITY state={"claims":11,"pending":2,"field":231,"locked":11} foreignUnitsOnOurLand=0 
[2026-09-24 12:48:54]	[CDH] attached run31 
[2026-09-24 12:48:54]	[CulturalDiffusion] boot (turnInterval 1, verb purchasePlot, enabled true) 
[2026-09-24 12:48:59]	[CDH] LOAD GameStarted 
[2026-09-24 12:49:00]	[CulturalDiffusion] notify: (90,24) unowned -> player 0 
[2026-09-24 12:49:00]	[CulturalDiffusion] pending 90,24 claim confirmed on the live map 
[2026-09-24 12:49:00]	[CulturalDiffusion] notify: (91,37) player 3 -> player 0 
[2026-09-24 12:49:00]	[CulturalDiffusion] pending 91,37 claim confirmed on the live map 
[2026-09-24 12:49:00]	[CulturalDiffusion] inject 92,32 civ=0 culture=39.6 vitality=44.45 strength=40.88 stock=77831.59 cap=81760.51 
[2026-09-24 12:49:00]	[CulturalDiffusion] inject 86,20 civ=0 culture=0 vitality=20.26 strength=0 stock=190.64 cap=0 
[2026-09-24 12:49:00]	[CulturalDiffusion] inject 93,26 civ=0 culture=7.7 vitality=54.27 strength=15.12 stock=6634.79 cap=30239.38 
[2026-09-24 12:49:00]	[CulturalDiffusion] inject 87,32 civ=0 culture=13.2 vitality=39.13 strength=19.14 stock=11333.45 cap=38285.51 
[2026-09-24 12:49:00]	[CulturalDiffusion] inject 84,35 civ=0 culture=1.1 vitality=26.3 strength=3.31 stock=2814.48 cap=6615.65 
[2026-09-24 12:49:00]	[CulturalDiffusion] inject 77,36 civ=2 culture=2.2 vitality=12.9 strength=4.28 stock=131.22 cap=8567.15 
[2026-09-24 12:49:00]	[CulturalDiffusion] inject 81,18 civ=3 culture=9.9 vitality=33.65 strength=12.2 stock=3037.48 cap=24398.85 
[2026-09-24 12:49:00]	[CulturalDiffusion] inject 82,23 civ=3 culture=7.7 vitality=20.83 strength=8.76 stock=1467.95 cap=17519.9 
[2026-09-24 12:49:00]	[CulturalDiffusion] inject 80,31 civ=3 culture=4.4 vitality=22.36 strength=6.24 stock=1200.89 cap=12482.3 
[2026-09-24 12:49:00]	[CulturalDiffusion] inject 90,37 civ=3 culture=7.7 vitality=20.57 strength=8.72 stock=1573.78 cap=17444.56 
[2026-09-24 12:49:00]	[CulturalDiffusion] inject 79,39 civ=5 culture=0 vitality=17.71 strength=0 stock=221.91 cap=0 
[2026-09-24 12:49:00]	[CulturalDiffusion] frontier city=65536 ring=4 best=15772.99 bar=375 over=15/23 centre=77831.59 
[2026-09-24 12:49:00]	[CulturalDiffusion] frontier city=131073 ring=4 best=39.34 bar=375 over=0/24 centre=190.64 
[2026-09-24 12:49:00]	[CulturalDiffusion] frontier city=196610 ring=4 best=39446.81 bar=375 over=8/19 centre=6634.79 
[2026-09-24 12:49:00]	[CulturalDiffusion] frontier city=262147 ring=4 best=58918.89 bar=375 over=14/24 centre=11333.45 
[2026-09-24 12:49:00]	[CulturalDiffusion] frontier city=327684 ring=4 best=11333.45 bar=375 over=3/24 centre=2814.48 
[2026-09-24 12:49:00]	[CulturalDiffusion] flip 92,37 -> player 0 via purchasePlot sent; pending confirmation next pass (was owner 3) 
[2026-09-24 12:49:00]	[CulturalDiffusion] state bytes=9958 field=262 claims=13 locked=13 passMs=33 
[2026-09-24 12:49:00]	[CulturalDiffusion] pass: 0 flip(s), 1 pending, 0 ceded (0 pending), confirmed 2 claim/0 cede (0 dropped), 0 orphan(s) healed, 0 inner tile(s) released to base game, 262 active field tile(s) 
[2026-09-24 12:49:00]	[CulturalDiffusion] pass (turn 1): flips=0 field tiles=107 
[2026-09-24 12:49:07]	[CDH] S0 run31 CONTROL modPassDisabled turn=1 age=AGE_EXPLORATION local=0 diffusion=false guard=true minorFloor=1 recede=false buffer=false 
[2026-09-24 12:49:07]	[CDH] S0 state {"claims":13,"pending":1,"field":262,"locked":13} foreignUnitsOnOurLand=0 
[2026-09-24 12:49:07]	[CDH] STRESS running; ending turns until the budget is spent or the game faults 
[2026-09-24 12:49:08]	[CulturalDiffusion] notify: (92,37) player 3 -> player 0 
[2026-09-24 12:49:08]	[CulturalDiffusion] pending 92,37 claim confirmed on the live map 
[2026-09-24 12:49:08]	[CulturalDiffusion] inject 92,32 civ=0 culture=39.6 vitality=45.57 strength=38.05 stock=73939.01 cap=76102.83 
[2026-09-24 12:49:08]	[CulturalDiffusion] inject 86,20 civ=0 culture=0 vitality=20.26 strength=0 stock=180.11 cap=0 
[2026-09-24 12:49:08]	[CulturalDiffusion] inject 93,26 civ=0 culture=7.7 vitality=54.27 strength=13.95 stock=6752.2 cap=27903.96 
[2026-09-24 12:49:08]	[CulturalDiffusion] inject 87,32 civ=0 culture=13.2 vitality=39.13 strength=17.66 stock=12568.07 cap=35328.67 
[2026-09-24 12:49:08]	[CulturalDiffusion] inject 84,35 civ=0 culture=1.1 vitality=26.3 strength=3.05 stock=3064.82 cap=6104.71 
[2026-09-24 12:49:08]	[CulturalDiffusion] inject 77,36 civ=2 culture=2.2 vitality=12.9 strength=4.45 stock=153.39 cap=8897.39 
[2026-09-24 12:49:08]	[CulturalDiffusion] inject 81,18 civ=3 culture=10.8 vitality=76.2 strength=17.88 stock=3276.26 cap=35759.26 
[2026-09-24 12:49:08]	[CulturalDiffusion] inject 82,23 civ=3 culture=7.7 vitality=24.32 strength=9.62 stock=1546.34 cap=19245.69 
[2026-09-24 12:49:08]	[CulturalDiffusion] inject 80,31 civ=3 culture=4.4 vitality=22.11 strength=6.47 stock=1236.66 cap=12936.09 
[2026-09-24 12:49:08]	[CulturalDiffusion] inject 90,37 civ=3 culture=7.7 vitality=22.2 strength=9.32 stock=1647.31 cap=18642.4 
[2026-09-24 12:49:08]	[CulturalDiffusion] inject 79,39 civ=5 culture=0 vitality=17.34 strength=0 stock=209.82 cap=0 
[2026-09-24 12:49:08]	[CulturalDiffusion] frontier city=65536 ring=4 best=17120.75 bar=375 over=16/23 centre=73939.01 
[2026-09-24 12:49:08]	[CulturalDiffusion] frontier city=131073 ring=4 best=71.54 bar=375 over=0/24 centre=180.11 
[2026-09-24 12:49:08]	[CulturalDiffusion] frontier city=196610 ring=4 best=40724.74 bar=375 over=9/19 centre=6752.2 
[2026-09-24 12:49:08]	[CulturalDiffusion] frontier city=262147 ring=4 best=58373.69 bar=375 over=15/24 centre=12568.07 
[2026-09-24 12:49:08]	[CulturalDiffusion] frontier city=327684 ring=4 best=12568.07 bar=375 over=4/24 centre=3064.82 
[2026-09-24 12:49:08]	[CulturalDiffusion] flip 89,27 -> player 0 via purchasePlot sent; pending confirmation next pass (was owner -1) 
[2026-09-24 12:49:08]	[CulturalDiffusion] flip 88,28 -> player 0 via purchasePlot sent; pending confirmation next pass (was owner -1) 
[2026-09-24 12:49:08]	[CulturalDiffusion] flip 87,37 -> player 0 via purchasePlot sent; pending confirmation next pass (was owner 3) 
[2026-09-24 12:49:08]	[CulturalDiffusion] flip 88,37 -> player 0 via purchasePlot sent; pending confirmation next pass (was owner 3) 
[2026-09-24 12:49:08]	[CulturalDiffusion] state bytes=10550 field=273 claims=14 locked=14 passMs=26 
[2026-09-24 12:49:08]	[CulturalDiffusion] pass: 0 flip(s), 4 pending, 0 ceded (0 pending), confirmed 1 claim/0 cede (0 dropped), 0 orphan(s) healed, 0 inner tile(s) released to base game, 273 active field tile(s) 
[2026-09-24 12:49:08]	[CulturalDiffusion] pass (turn 2): flips=0 field tiles=112 
[2026-09-24 12:49:13]	[CulturalDiffusion] notify: (89,27) unowned -> player 0 
[2026-09-24 12:49:13]	[CulturalDiffusion] pending 89,27 claim confirmed on the live map 
[2026-09-24 12:49:13]	[CulturalDiffusion] notify: (88,28) unowned -> player 0 
[2026-09-24 12:49:13]	[CulturalDiffusion] pending 88,28 claim confirmed on the live map 
[2026-09-24 12:49:13]	[CulturalDiffusion] notify: (87,37) player 3 -> player 0 
[2026-09-24 12:49:13]	[CulturalDiffusion] pending 87,37 claim confirmed on the live map 
[2026-09-24 12:49:13]	[CulturalDiffusion] notify: (88,37) player 3 -> player 0 
[2026-09-24 12:49:13]	[CulturalDiffusion] pending 88,37 claim confirmed on the live map 
[2026-09-24 12:49:13]	[CulturalDiffusion] inject 92,32 civ=0 culture=39.6 vitality=45.57 strength=38.03 stock=72365.22 cap=76063.17 
[2026-09-24 12:49:13]	[CulturalDiffusion] inject 86,20 civ=0 culture=0 vitality=20.26 strength=0 stock=170.1 cap=0 
[2026-09-24 12:49:13]	[CulturalDiffusion] inject 93,26 civ=0 culture=7.7 vitality=54.27 strength=13.94 stock=6867.38 cap=27889.42 
[2026-09-24 12:49:13]	[CulturalDiffusion] inject 87,32 civ=0 culture=13.2 vitality=39.13 strength=17.66 stock=13617.13 cap=35310.26 
[2026-09-24 12:49:13]	[CulturalDiffusion] inject 84,35 civ=0 culture=1.1 vitality=26.3 strength=3.05 stock=3282.05 cap=6101.53 
[2026-09-24 12:49:13]	[CulturalDiffusion] inject 77,36 civ=2 culture=2.2 vitality=12.9 strength=4.45 stock=176.05 cap=8892.7 
[2026-09-24 12:49:13]	[CulturalDiffusion] inject 81,18 civ=3 culture=10.8 vitality=76.2 strength=17.87 stock=3517.65 cap=35745.35 
[2026-09-24 12:49:13]	[CulturalDiffusion] inject 82,23 civ=3 culture=7.7 vitality=24.32 strength=9.62 stock=1624.53 cap=19238.2 
[2026-09-24 12:49:13]	[CulturalDiffusion] inject 80,31 civ=3 culture=4.4 vitality=22.11 strength=6.47 stock=1271.88 cap=12931.06 
[2026-09-24 12:49:13]	[CulturalDiffusion] inject 90,37 civ=3 culture=7.7 vitality=22.2 strength=9.32 stock=1720.41 cap=18635.15 
[2026-09-24 12:49:13]	[CulturalDiffusion] inject 79,39 civ=5 culture=0 vitality=19.34 strength=0 stock=198.33 cap=0 
[2026-09-24 12:49:13]	[CulturalDiffusion] frontier city=65536 ring=4 best=18490.69 bar=375 over=20/23 centre=72365.22 
[2026-09-24 12:49:13]	[CulturalDiffusion] frontier city=131073 ring=4 best=85.56 bar=375 over=0/24 centre=170.1 
[2026-09-24 12:49:13]	[CulturalDiffusion] frontier city=196610 ring=4 best=40347.9 bar=375 over=10/19 centre=6867.38 
[2026-09-24 12:49:13]	[CulturalDiffusion] frontier city=262147 ring=4 best=55454.26 bar=375 over=15/24 centre=13617.13 
[2026-09-24 12:49:13]	[CulturalDiffusion] frontier city=327684 ring=4 best=13617.13 bar=375 over=4/24 centre=3282.05 
[2026-09-24 12:49:13]	[CulturalDiffusion] flip 94,36 -> player 0 via purchasePlot sent; pending confirmation next pass (was owner -1) 
[2026-09-24 12:49:13]	[CulturalDiffusion] flip 95,30 -> player 0 via purchasePlot sent; pending confirmation next pass (was owner -1) 
[2026-09-24 12:49:13]	[CulturalDiffusion] flip 94,35 -> player 0 via purchasePlot sent; pending confirmation next pass (was owner -1) 
[2026-09-24 12:49:13]	[CulturalDiffusion] state bytes=10977 field=281 claims=18 locked=18 passMs=20 
[2026-09-24 12:49:13]	[CulturalDiffusion] pass: 0 flip(s), 3 pending, 0 ceded (0 pending), confirmed 4 claim/0 cede (0 dropped), 0 orphan(s) healed, 0 inner tile(s) released to base game, 281 active field tile(s) 
[2026-09-24 12:49:13]	[CulturalDiffusion] pass (turn 3): flips=0 field tiles=115 
[2026-09-24 12:49:14]	[CDH] TURN n=3 turn=3 age=AGE_EXPLORATION state={"claims":18,"pending":3,"field":281,"locked":18} foreignUnitsOnOurLand=0 
[2026-09-24 12:49:19]	[CDH] TURN n=3 turn=3 age=AGE_EXPLORATION state={"claims":18,"pending":3,"field":281,"locked":18} foreignUnitsOnOurLand=1 
[2026-09-24 12:49:23]	[CulturalDiffusion] notify: (94,36) unowned -> player 0 
[2026-09-24 12:49:23]	[CulturalDiffusion] pending 94,36 claim confirmed on the live map 
[2026-09-24 12:49:23]	[CulturalDiffusion] notify: (95,30) unowned -> player 0 
[2026-09-24 12:49:23]	[CulturalDiffusion] pending 95,30 claim confirmed on the live map 
[2026-09-24 12:49:23]	[CulturalDiffusion] notify: (94,35) unowned -> player 0 
[2026-09-24 12:49:23]	[CulturalDiffusion] pending 94,35 claim confirmed on the live map 
[2026-09-24 12:49:24]	[CulturalDiffusion] inject 92,32 civ=0 culture=39.6 vitality=45.57 strength=38.01 stock=72408.76 cap=76028.02 
[2026-09-24 12:49:24]	[CulturalDiffusion] inject 86,20 civ=0 culture=0 vitality=20.26 strength=0 stock=160.6 cap=0 
[2026-09-24 12:49:24]	[CulturalDiffusion] inject 93,26 civ=0 culture=7.7 vitality=54.27 strength=13.94 stock=6980.36 cap=27876.53 
[2026-09-24 12:49:24]	[CulturalDiffusion] inject 87,32 civ=0 culture=13.2 vitality=39.13 strength=17.65 stock=14675.57 cap=35293.94 
[2026-09-24 12:49:24]	[CulturalDiffusion] inject 84,35 civ=0 culture=1.1 vitality=26.3 strength=3.05 stock=3501.77 cap=6098.71 
[2026-09-24 12:49:24]	[CulturalDiffusion] inject 77,36 civ=2 culture=2.2 vitality=12.9 strength=4.46 stock=199.17 cap=8920.5 
[2026-09-24 12:49:24]	[CulturalDiffusion] inject 81,18 civ=3 culture=10.8 vitality=76.2 strength=17.35 stock=3749.3 cap=34699.52 
[2026-09-24 12:49:24]	[CulturalDiffusion] inject 82,23 civ=3 culture=7.7 vitality=24.32 strength=9.34 stock=1698.06 cap=18675.34 
[2026-09-24 12:49:24]	[CulturalDiffusion] inject 80,31 civ=3 culture=4.4 vitality=22.11 strength=6.28 stock=1303.98 cap=12552.72 
[2026-09-24 12:49:24]	[CulturalDiffusion] inject 90,37 civ=3 culture=7.7 vitality=22.2 strength=9.04 stock=1788.69 cap=18089.93 
[2026-09-24 12:49:24]	[CulturalDiffusion] inject 79,39 civ=5 culture=0 vitality=19.34 strength=0 stock=187.41 cap=0 
[2026-09-24 12:49:24]	[CulturalDiffusion] frontier city=65536 ring=4 best=19885.12 bar=375 over=20/23 centre=72408.76 
[2026-09-24 12:49:24]	[CulturalDiffusion] frontier city=131073 ring=4 best=81.12 bar=375 over=0/24 centre=160.6 
[2026-09-24 12:49:24]	[CulturalDiffusion] frontier city=196610 ring=4 best=38329.98 bar=375 over=10/19 centre=6980.36 
[2026-09-24 12:49:24]	[CulturalDiffusion] frontier city=262147 ring=4 best=54273.91 bar=375 over=15/24 centre=14675.57 
[2026-09-24 12:49:24]	[CulturalDiffusion] frontier city=327684 ring=4 best=14675.57 bar=375 over=4/24 centre=3501.77 
[2026-09-24 12:49:24]	[CulturalDiffusion] flip 92,38 -> player 0 via purchasePlot sent; pending confirmation next pass (was owner 3) 
[2026-09-24 12:49:24]	[CulturalDiffusion] state bytes=11581 field=295 claims=21 locked=21 passMs=28 
[2026-09-24 12:49:24]	[CulturalDiffusion] pass: 0 flip(s), 1 pending, 0 ceded (0 pending), confirmed 3 claim/0 cede (0 dropped), 0 orphan(s) healed, 0 inner tile(s) released to base game, 295 active field tile(s) 
[2026-09-24 12:49:24]	[CulturalDiffusion] pass (turn 4): flips=0 field tiles=121 
[2026-09-24 12:49:29]	[CDH] TURN n=4 turn=4 age=AGE_EXPLORATION state={"claims":21,"pending":1,"field":295,"locked":21} foreignUnitsOnOurLand=1 
[2026-09-24 12:49:34]	[CulturalDiffusion] notify: (92,38) player 3 -> player 0 
[2026-09-24 12:49:34]	[CulturalDiffusion] pending 92,38 claim confirmed on the live map 
[2026-09-24 12:49:34]	[CulturalDiffusion] inject 92,32 civ=0 culture=39.6 vitality=48.87 strength=39.37 stock=72900.61 cap=78744.64 
[2026-09-24 12:49:34]	[CulturalDiffusion] inject 86,20 civ=0 culture=0 vitality=21.25 strength=0 stock=151.57 cap=0 
[2026-09-24 12:49:34]	[CulturalDiffusion] inject 93,26 civ=0 culture=7.7 vitality=57.57 strength=14.38 stock=7105.7 cap=28762.86 
[2026-09-24 12:49:34]	[CulturalDiffusion] inject 87,32 civ=0 culture=13.2 vitality=39.13 strength=17.84 stock=15760.67 cap=35671.7 
[2026-09-24 12:49:34]	[CulturalDiffusion] inject 84,35 civ=0 culture=1.1 vitality=26.3 strength=3.08 stock=3666.61 cap=6163.99 
[2026-09-24 12:49:34]	[CulturalDiffusion] inject 77,36 civ=2 culture=2.2 vitality=12.9 strength=4.39 stock=222.23 cap=8788.1 
[2026-09-24 12:49:34]	[CulturalDiffusion] inject 81,18 civ=3 culture=10.8 vitality=75.85 strength=17.33 stock=3981.86 cap=34663.23 
[2026-09-24 12:49:34]	[CulturalDiffusion] inject 82,23 civ=3 culture=7.7 vitality=24.32 strength=9.34 stock=1771.27 cap=18685.89 
[2026-09-24 12:49:34]	[CulturalDiffusion] inject 80,31 civ=3 culture=4.4 vitality=25.15 strength=6.57 stock=1339.67 cap=13140.14 
[2026-09-24 12:49:34]	[CulturalDiffusion] inject 90,37 civ=3 culture=7.7 vitality=25.55 strength=9.51 stock=1863.96 cap=19012.32 
[2026-09-24 12:49:34]	[CulturalDiffusion] inject 79,39 civ=5 culture=0 vitality=19.34 strength=0 stock=177.04 cap=0 
[2026-09-24 12:49:34]	[CulturalDiffusion] frontier city=65536 ring=4 best=19701.12 bar=375 over=20/23 centre=72900.61 
[2026-09-24 12:49:34]	[CulturalDiffusion] frontier city=131073 ring=4 best=76.91 bar=375 over=0/24 centre=151.57 
[2026-09-24 12:49:34]	[CulturalDiffusion] frontier city=196610 ring=4 best=37514.13 bar=375 over=10/19 centre=7105.7 
[2026-09-24 12:49:34]	[CulturalDiffusion] frontier city=262147 ring=4 best=54306.57 bar=375 over=15/24 centre=15760.67 
[2026-09-24 12:49:34]	[CulturalDiffusion] frontier city=327684 ring=4 best=15760.67 bar=375 over=4/24 centre=3666.61 
[2026-09-24 12:49:34]	[CulturalDiffusion] flip 89,26 -> player 0 via purchasePlot sent; pending confirmation next pass (was owner -1) 
[2026-09-24 12:49:34]	[CulturalDiffusion] flip 93,37 -> player 0 via purchasePlot sent; pending confirmation next pass (was owner -1) 
[2026-09-24 12:49:34]	[CulturalDiffusion] flip 88,38 -> player 0 via purchasePlot sent; pending confirmation next pass (was owner 3) 
[2026-09-24 12:49:34]	[CulturalDiffusion] state bytes=12083 field=303 claims=22 locked=22 passMs=23 
[2026-09-24 12:49:34]	[CulturalDiffusion] pass: 0 flip(s), 3 pending, 0 ceded (0 pending), confirmed 1 claim/0 cede (0 dropped), 0 orphan(s) healed, 0 inner tile(s) released to base game, 303 active field tile(s) 
[2026-09-24 12:49:34]	[CulturalDiffusion] pass (turn 5): flips=0 field tiles=127 
[2026-09-24 12:49:40]	[CDH] TURN n=5 turn=5 age=AGE_EXPLORATION state={"claims":22,"pending":3,"field":303,"locked":22} foreignUnitsOnOurLand=1 
[2026-09-24 12:49:44]	[CulturalDiffusion] notify: (89,26) unowned -> player 0 
[2026-09-24 12:49:44]	[CulturalDiffusion] pending 89,26 claim confirmed on the live map 
[2026-09-24 12:49:44]	[CulturalDiffusion] notify: (93,37) unowned -> player 0 
[2026-09-24 12:49:44]	[CulturalDiffusion] pending 93,37 claim confirmed on the live map 
[2026-09-24 12:49:44]	[CulturalDiffusion] notify: (88,38) player 3 -> player 0 
[2026-09-24 12:49:44]	[CulturalDiffusion] pending 88,38 claim confirmed on the live map 
[2026-09-24 12:49:44]	[CulturalDiffusion] inject 92,32 civ=0 culture=40.8 vitality=50.58 strength=40.82 stock=73533.46 cap=81645.71 
[2026-09-24 12:49:44]	[CulturalDiffusion] inject 86,20 civ=0 culture=0 vitality=24.41 strength=0 stock=142.99 cap=0 
[2026-09-24 12:49:44]	[CulturalDiffusion] inject 93,26 civ=0 culture=7.7 vitality=57.57 strength=14.45 stock=7231.15 cap=28898.51 
[2026-09-24 12:49:44]	[CulturalDiffusion] inject 87,32 civ=0 culture=13.2 vitality=39.13 strength=17.92 stock=15852.94 cap=35839.94 
[2026-09-24 12:49:44]	[CulturalDiffusion] inject 84,35 civ=0 culture=1.1 vitality=26.3 strength=3.1 stock=4059.23 cap=6193.06 
[2026-09-24 12:49:44]	[CulturalDiffusion] inject 77,36 civ=2 culture=2.2 vitality=12.9 strength=4.4 stock=245.5 cap=8792.37 
[2026-09-24 12:49:44]	[CulturalDiffusion] inject 81,18 civ=3 culture=10.8 vitality=75.85 strength=17.33 stock=4215.29 cap=34659.45 
[2026-09-24 12:49:44]	[CulturalDiffusion] inject 82,23 civ=3 culture=7.7 vitality=24.32 strength=9.34 stock=1843.98 cap=18683.85 
[2026-09-24 12:49:44]	[CulturalDiffusion] inject 80,31 civ=3 culture=4.4 vitality=25.15 strength=6.57 stock=1374.81 cap=13138.7 
[2026-09-24 12:49:44]	[CulturalDiffusion] inject 90,37 civ=3 culture=7.7 vitality=25.55 strength=9.51 stock=1938.7 cap=19010.24 
[2026-09-24 12:49:44]	[CulturalDiffusion] inject 79,39 civ=5 culture=0 vitality=21.95 strength=0 stock=167.19 cap=0 
[2026-09-24 12:49:44]	[CulturalDiffusion] frontier city=65536 ring=4 best=18715.81 bar=375 over=21/23 centre=73533.46 
[2026-09-24 12:49:44]	[CulturalDiffusion] frontier city=131073 ring=4 best=90.54 bar=375 over=0/24 centre=142.99 
[2026-09-24 12:49:44]	[CulturalDiffusion] frontier city=196610 ring=4 best=37536.7 bar=375 over=11/19 centre=7231.15 
[2026-09-24 12:49:44]	[CulturalDiffusion] frontier city=262147 ring=4 best=54675.46 bar=375 over=15/24 centre=15852.94 
[2026-09-24 12:49:44]	[CulturalDiffusion] frontier city=327684 ring=4 best=15852.94 bar=375 over=4/24 centre=4059.23 
[2026-09-24 12:49:44]	[CulturalDiffusion] flip 95,31 -> player 0 via purchasePlot sent; pending confirmation next pass (was owner -1) 
[2026-09-24 12:49:44]	[CulturalDiffusion] flip 95,29 -> player 0 via purchasePlot sent; pending confirmation next pass (was owner -1) 
[2026-09-24 12:49:44]	[CulturalDiffusion] flip 88,27 -> player 0 via purchasePlot sent; pending confirmation next pass (was owner -1) 
[2026-09-24 12:49:44]	[CulturalDiffusion] state bytes=12430 field=308 claims=25 locked=25 passMs=19 
[2026-09-24 12:49:44]	[CulturalDiffusion] pass: 0 flip(s), 3 pending, 0 ceded (0 pending), confirmed 3 claim/0 cede (0 dropped), 0 orphan(s) healed, 0 inner tile(s) released to base game, 308 active field tile(s) 
[2026-09-24 12:49:44]	[CulturalDiffusion] pass (turn 6): flips=0 field tiles=131 
[2026-09-24 12:49:50]	[CDH] TURN n=6 turn=6 age=AGE_EXPLORATION state={"claims":25,"pending":3,"field":308,"locked":25} foreignUnitsOnOurLand=0 
[2026-09-24 12:49:54]	[CulturalDiffusion] notify: (95,31) unowned -> player 0 
[2026-09-24 12:49:54]	[CulturalDiffusion] pending 95,31 claim confirmed on the live map 
[2026-09-24 12:49:54]	[CulturalDiffusion] notify: (95,29) unowned -> player 0 
[2026-09-24 12:49:54]	[CulturalDiffusion] pending 95,29 claim confirmed on the live map 
[2026-09-24 12:49:54]	[CulturalDiffusion] notify: (88,27) unowned -> player 0 
[2026-09-24 12:49:54]	[CulturalDiffusion] pending 88,27 claim confirmed on the live map 
[2026-09-24 12:49:54]	[CulturalDiffusion] inject 92,32 civ=0 culture=40.8 vitality=55.11 strength=41.52 stock=74226.49 cap=83042.02 
[2026-09-24 12:49:54]	[CulturalDiffusion] inject 86,20 civ=0 culture=0 vitality=24.41 strength=0 stock=134.84 cap=0 
[2026-09-24 12:49:54]	[CulturalDiffusion] inject 93,26 civ=0 culture=7.7 vitality=54.52 strength=13.99 stock=7339.43 cap=27985.54 
[2026-09-24 12:49:54]	[CulturalDiffusion] inject 87,32 civ=0 culture=13.2 vitality=36.87 strength=17.32 stock=15914 cap=34644.59 
[2026-09-24 12:49:54]	[CulturalDiffusion] inject 84,35 civ=0 culture=1.1 vitality=26.3 strength=3.06 stock=4393.96 cap=6112.72 
[2026-09-24 12:49:54]	[CulturalDiffusion] inject 77,36 civ=2 culture=2.2 vitality=12.9 strength=4.23 stock=267.89 cap=8459.81 
[2026-09-24 12:49:54]	[CulturalDiffusion] inject 81,18 civ=3 culture=14.4 vitality=79.7 strength=27.34 stock=4701.08 cap=54686.04 
[2026-09-24 12:49:54]	[CulturalDiffusion] inject 82,23 civ=3 culture=7.7 vitality=24.32 strength=12.01 stock=1960.59 cap=24028.52 
[2026-09-24 12:49:54]	[CulturalDiffusion] inject 80,31 civ=3 culture=4.4 vitality=22.11 strength=8.08 stock=1431.04 cap=16150.89 
[2026-09-24 12:49:54]	[CulturalDiffusion] inject 90,37 civ=3 culture=7.7 vitality=25.55 strength=12.22 stock=2059.22 cap=24448.27 
[2026-09-24 12:49:54]	[CulturalDiffusion] inject 79,39 civ=5 culture=0 vitality=21.95 strength=0 stock=157.83 cap=0 
[2026-09-24 12:49:54]	[CulturalDiffusion] frontier city=65536 ring=4 best=18317.45 bar=375 over=21/23 centre=74226.49 
[2026-09-24 12:49:54]	[CulturalDiffusion] frontier city=131073 ring=4 best=118.47 bar=375 over=0/24 centre=134.84 
[2026-09-24 12:49:54]	[CulturalDiffusion] frontier city=196610 ring=4 best=37791.67 bar=375 over=11/19 centre=7339.43 
[2026-09-24 12:49:54]	[CulturalDiffusion] frontier city=262147 ring=4 best=55150.1 bar=375 over=15/24 centre=15914 
[2026-09-24 12:49:54]	[CulturalDiffusion] frontier city=327684 ring=4 best=15914 bar=375 over=4/24 centre=4393.96 
[2026-09-24 12:49:54]	[CulturalDiffusion] state bytes=12489 field=309 claims=28 locked=27 passMs=15 
[2026-09-24 12:49:54]	[CulturalDiffusion] pass: 0 flip(s), 0 pending, 0 ceded (0 pending), confirmed 3 claim/0 cede (0 dropped), 0 orphan(s) healed, 0 inner tile(s) released to base game, 309 active field tile(s) 
[2026-09-24 12:49:54]	[CulturalDiffusion] pass (turn 7): flips=0 field tiles=131 
[2026-09-24 12:50:00]	[CDH] TURN n=7 turn=7 age=AGE_EXPLORATION state={"claims":28,"pending":0,"field":309,"locked":27} foreignUnitsOnOurLand=0 
[2026-09-24 12:50:06]	[CulturalDiffusion] inject 92,32 civ=0 culture=40.8 vitality=54.06 strength=41.11 stock=74862.4 cap=82227.71 
[2026-09-24 12:50:06]	[CulturalDiffusion] inject 86,20 civ=0 culture=0 vitality=24.41 strength=0 stock=127.1 cap=0 
[2026-09-24 12:50:06]	[CulturalDiffusion] inject 93,26 civ=0 culture=7.7 vitality=56.07 strength=14.09 stock=7448.87 cap=28174.25 
[2026-09-24 12:50:06]	[CulturalDiffusion] inject 87,32 civ=0 culture=13.2 vitality=36.87 strength=17.27 stock=15971 cap=34536.59 
[2026-09-24 12:50:06]	[CulturalDiffusion] inject 84,35 civ=0 culture=1.1 vitality=26.3 strength=3.05 stock=4731.66 cap=6093.67 
[2026-09-24 12:50:06]	[CulturalDiffusion] inject 77,36 civ=2 culture=2.2 vitality=12.9 strength=4.22 stock=290.27 cap=8447.28 
[2026-09-24 12:50:06]	[CulturalDiffusion] inject 81,18 civ=3 culture=14.4 vitality=79.7 strength=27.25 stock=5198.74 cap=54507.57 
[2026-09-24 12:50:06]	[CulturalDiffusion] inject 82,23 civ=3 culture=7.7 vitality=24.32 strength=11.98 stock=2076.92 cap=23950.1 
[2026-09-24 12:50:06]	[CulturalDiffusion] inject 80,31 civ=3 culture=4.4 vitality=22.11 strength=8.05 stock=1486.41 cap=16098.18 
[2026-09-24 12:50:06]	[CulturalDiffusion] inject 90,37 civ=3 culture=7.7 vitality=25.55 strength=12.18 stock=2179.4 cap=24368.48 
[2026-09-24 12:50:06]	[CulturalDiffusion] inject 79,39 civ=5 culture=0 vitality=21.95 strength=0 stock=148.94 cap=0 
[2026-09-24 12:50:06]	[CulturalDiffusion] frontier city=65536 ring=4 best=18328.47 bar=375 over=21/23 centre=74862.4 
[2026-09-24 12:50:06]	[CulturalDiffusion] frontier city=131073 ring=4 best=158.11 bar=375 over=0/24 centre=127.1 
[2026-09-24 12:50:06]	[CulturalDiffusion] frontier city=196610 ring=4 best=38119.75 bar=375 over=10/19 centre=7448.87 
[2026-09-24 12:50:06]	[CulturalDiffusion] frontier city=262147 ring=4 best=55669.87 bar=375 over=16/24 centre=15971 
[2026-09-24 12:50:06]	[CulturalDiffusion] frontier city=327684 ring=4 best=15971 bar=375 over=4/24 centre=4731.66 
[2026-09-24 12:50:06]	[CulturalDiffusion] flip 87,28 -> player 0 via purchasePlot sent; pending confirmation next pass (was owner -1) 
[2026-09-24 12:50:06]	[CulturalDiffusion] flip 87,27 -> player 0 via purchasePlot sent; pending confirmation next pass (was owner -1) 
[2026-09-24 12:50:06]	[CulturalDiffusion] flip 88,25 -> player 0 via purchasePlot sent; pending confirmation next pass (was owner -1) 
[2026-09-24 12:50:06]	[CulturalDiffusion] state bytes=12764 field=311 claims=28 locked=26 passMs=21 
[2026-09-24 12:50:06]	[CulturalDiffusion] pass: 0 flip(s), 3 pending, 0 ceded (0 pending), confirmed 0 claim/0 cede (0 dropped), 0 orphan(s) healed, 0 inner tile(s) released to base game, 311 active field tile(s) 
[2026-09-24 12:50:06]	[CulturalDiffusion] pass (turn 8): flips=0 field tiles=134 
[2026-09-24 12:50:12]	[CDH] TURN n=8 turn=8 age=AGE_EXPLORATION state={"claims":28,"pending":3,"field":311,"locked":26} foreignUnitsOnOurLand=0 
[2026-09-24 12:50:18]	[CulturalDiffusion] notify: (87,28) unowned -> player 0 
[2026-09-24 12:50:18]	[CulturalDiffusion] pending 87,28 claim confirmed on the live map 
[2026-09-24 12:50:18]	[CulturalDiffusion] notify: (87,27) unowned -> player 0 
[2026-09-24 12:50:18]	[CulturalDiffusion] pending 87,27 claim confirmed on the live map 
[2026-09-24 12:50:18]	[CulturalDiffusion] notify: (88,25) unowned -> player 0 
[2026-09-24 12:50:18]	[CulturalDiffusion] pending 88,25 claim confirmed on the live map 
[2026-09-24 12:50:18]	[CulturalDiffusion] inject 92,32 civ=0 culture=40.8 vitality=54.06 strength=41.14 stock=75487.4 cap=82271.81 
[2026-09-24 12:50:18]	[CulturalDiffusion] inject 86,20 civ=0 culture=0 vitality=24.41 strength=0 stock=119.74 cap=0 
[2026-09-24 12:50:18]	[CulturalDiffusion] inject 93,26 civ=0 culture=7.7 vitality=56.07 strength=14.09 stock=7556.56 cap=28189.36 
[2026-09-24 12:50:18]	[CulturalDiffusion] inject 87,32 civ=0 culture=13.2 vitality=36.87 strength=17.28 stock=16027.1 cap=34555.12 
[2026-09-24 12:50:18]	[CulturalDiffusion] inject 84,35 civ=0 culture=1.1 vitality=26.3 strength=3.05 stock=5077.99 cap=6096.93 
[2026-09-24 12:50:18]	[CulturalDiffusion] inject 77,36 civ=2 culture=2.2 vitality=12.9 strength=4.22 stock=312.58 cap=8433.86 
[2026-09-24 12:50:18]	[CulturalDiffusion] inject 81,18 civ=3 culture=14.4 vitality=79.7 strength=27.26 stock=5709.1 cap=54524.19 
[2026-09-24 12:50:18]	[CulturalDiffusion] inject 82,23 civ=3 culture=7.7 vitality=24.32 strength=11.98 stock=2193.51 cap=23957.4 
[2026-09-24 12:50:18]	[CulturalDiffusion] inject 80,31 civ=3 culture=4.4 vitality=22.11 strength=8.05 stock=1541.32 cap=16103.09 
[2026-09-24 12:50:18]	[CulturalDiffusion] inject 90,37 civ=3 culture=7.7 vitality=25.55 strength=12.19 stock=2299.8 cap=24375.91 
[2026-09-24 12:50:18]	[CulturalDiffusion] inject 79,39 civ=5 culture=0 vitality=21.95 strength=0 stock=140.49 cap=0 
[2026-09-24 12:50:18]	[CulturalDiffusion] frontier city=65536 ring=4 best=18452.97 bar=375 over=21/23 centre=75487.4 
[2026-09-24 12:50:18]	[CulturalDiffusion] frontier city=131073 ring=4 best=214.25 bar=375 over=0/24 centre=119.74 
[2026-09-24 12:50:18]	[CulturalDiffusion] frontier city=196610 ring=4 best=38479.01 bar=375 over=10/19 centre=7556.56 
[2026-09-24 12:50:18]	[CulturalDiffusion] frontier city=262147 ring=4 best=56146.8 bar=375 over=16/24 centre=16027.1 
[2026-09-24 12:50:18]	[CulturalDiffusion] frontier city=327684 ring=4 best=16027.1 bar=375 over=4/24 centre=5077.99 
[2026-09-24 12:50:18]	[CulturalDiffusion] flip 89,25 -> player 0 via purchasePlot sent; pending confirmation next pass (was owner -1) 
[2026-09-24 12:50:18]	[CulturalDiffusion] state bytes=12918 field=312 claims=31 locked=28 passMs=18 
[2026-09-24 12:50:18]	[CulturalDiffusion] pass: 0 flip(s), 1 pending, 0 ceded (0 pending), confirmed 3 claim/0 cede (0 dropped), 0 orphan(s) healed, 0 inner tile(s) released to base game, 312 active field tile(s) 
[2026-09-24 12:50:18]	[CulturalDiffusion] pass (turn 9): flips=0 field tiles=136 
[2026-09-24 12:50:24]	[CDH] TURN n=9 turn=9 age=AGE_EXPLORATION state={"claims":31,"pending":1,"field":312,"locked":28} foreignUnitsOnOurLand=0 
[2026-09-24 12:50:30]	[CulturalDiffusion] notify: (89,25) unowned -> player 0 
[2026-09-24 12:50:30]	[CulturalDiffusion] pending 89,25 claim confirmed on the live map 
[2026-09-24 12:50:30]	[CulturalDiffusion] inject 92,32 civ=0 culture=40.8 vitality=54.06 strength=41.04 stock=76088.69 cap=82072.24 
[2026-09-24 12:50:30]	[CulturalDiffusion] inject 86,20 civ=0 culture=0 vitality=24.41 strength=0 stock=112.76 cap=0 
[2026-09-24 12:50:30]	[CulturalDiffusion] inject 93,26 civ=0 culture=7.7 vitality=56.07 strength=14.06 stock=7661.11 cap=28120.98 
[2026-09-24 12:50:30]	[CulturalDiffusion] inject 87,32 civ=0 culture=13.2 vitality=36.87 strength=17.24 stock=16079.83 cap=34471.29 
[2026-09-24 12:50:30]	[CulturalDiffusion] inject 84,35 civ=0 culture=1.1 vitality=26.3 strength=3.04 stock=5109.9 cap=6082.14 
[2026-09-24 12:50:30]	[CulturalDiffusion] inject 77,36 civ=2 culture=2.2 vitality=12.9 strength=4.22 stock=334.84 cap=8438.02 
[2026-09-24 12:50:30]	[CulturalDiffusion] inject 81,18 civ=3 culture=14.4 vitality=79.7 strength=27.25 stock=6230.17 cap=54505.99 
[2026-09-24 12:50:30]	[CulturalDiffusion] inject 82,23 civ=3 culture=7.7 vitality=24.32 strength=11.97 stock=2310.04 cap=23949.4 
[2026-09-24 12:50:30]	[CulturalDiffusion] inject 80,31 civ=3 culture=4.4 vitality=22.11 strength=8.05 stock=1595.63 cap=16097.71 
[2026-09-24 12:50:30]	[CulturalDiffusion] inject 90,37 civ=3 culture=7.7 vitality=25.55 strength=12.18 stock=2420.1 cap=24367.78 
[2026-09-24 12:50:30]	[CulturalDiffusion] inject 79,39 civ=5 culture=0 vitality=21.95 strength=0 stock=132.47 cap=0 
[2026-09-24 12:50:30]	[CulturalDiffusion] frontier city=65536 ring=4 best=18613.16 bar=375 over=21/23 centre=76088.69 
[2026-09-24 12:50:30]	[CulturalDiffusion] frontier city=131073 ring=4 best=292.34 bar=375 over=0/24 centre=112.76 
[2026-09-24 12:50:30]	[CulturalDiffusion] frontier city=196610 ring=4 best=38808.67 bar=375 over=10/19 centre=7661.11 
[2026-09-24 12:50:30]	[CulturalDiffusion] frontier city=262147 ring=4 best=56615.55 bar=375 over=16/24 centre=16079.83 
[2026-09-24 12:50:30]	[CulturalDiffusion] frontier city=327684 ring=4 best=16079.83 bar=375 over=4/24 centre=5109.9 
[2026-09-24 12:50:30]	[CulturalDiffusion] flip 89,24 -> player 0 via purchasePlot sent; pending confirmation next pass (was owner -1) 
[2026-09-24 12:50:30]	[CulturalDiffusion] state bytes=13095 field=317 claims=32 locked=28 passMs=17 
[2026-09-24 12:50:30]	[CulturalDiffusion] pass: 0 flip(s), 1 pending, 0 ceded (0 pending), confirmed 1 claim/0 cede (0 dropped), 0 orphan(s) healed, 0 inner tile(s) released to base game, 317 active field tile(s) 
[2026-09-24 12:50:30]	[CulturalDiffusion] pass (turn 10): flips=0 field tiles=137 
[2026-09-24 12:50:36]	[CDH] TURN n=10 turn=10 age=AGE_EXPLORATION state={"claims":32,"pending":1,"field":317,"locked":28} foreignUnitsOnOurLand=0 
[2026-09-24 12:50:38]	[CulturalDiffusion] notify: (89,24) unowned -> player 0 
[2026-09-24 12:50:38]	[CulturalDiffusion] pending 89,24 claim confirmed on the live map 
[2026-09-24 12:50:38]	[CulturalDiffusion] inject 92,32 civ=0 culture=40.8 vitality=54.79 strength=52.93 stock=77948.39 cap=105868.77 
[2026-09-24 12:50:38]	[CulturalDiffusion] inject 86,20 civ=0 culture=0 vitality=24.74 strength=0 stock=106.12 cap=0 
[2026-09-24 12:50:38]	[CulturalDiffusion] inject 93,26 civ=0 culture=8.8 vitality=59.77 strength=20.13 stock=7969.47 cap=40261.23 
[2026-09-24 12:50:38]	[CulturalDiffusion] inject 87,32 civ=0 culture=13.2 vitality=37.2 strength=22.2 stock=16375.04 cap=44396.34 
[2026-09-24 12:50:38]	[CulturalDiffusion] inject 84,35 civ=0 culture=1.1 vitality=26.63 strength=3.92 stock=5153.86 cap=7843.04 
[2026-09-24 12:50:38]	[CulturalDiffusion] inject 77,36 civ=2 culture=2.2 vitality=12.9 strength=4.16 stock=356.58 cap=8318.11 
[2026-09-24 12:50:38]	[CulturalDiffusion] inject 81,18 civ=3 culture=14.4 vitality=65.18 strength=25.47 stock=6706.19 cap=50933.82 
[2026-09-24 12:50:38]	[CulturalDiffusion] inject 82,23 civ=3 culture=7.7 vitality=24.32 strength=12.01 stock=2427.03 cap=24012.5 
[2026-09-24 12:50:38]	[CulturalDiffusion] inject 80,31 civ=3 culture=4.4 vitality=22.11 strength=8.07 stock=1649.7 cap=16140.12 
[2026-09-24 12:50:38]	[CulturalDiffusion] inject 90,37 civ=3 culture=7.7 vitality=37.07 strength=13.91 stock=2573.22 cap=27829.78 
[2026-09-24 12:50:38]	[CulturalDiffusion] inject 79,39 civ=5 culture=0 vitality=21.95 strength=0 stock=124.84 cap=0 
[2026-09-24 12:50:38]	[CulturalDiffusion] frontier city=65536 ring=4 best=18788.58 bar=375 over=21/23 centre=77948.39 
[2026-09-24 12:50:38]	[CulturalDiffusion] frontier city=131073 ring=4 best=396.65 bar=375 over=1/24 centre=106.12 
[2026-09-24 12:50:38]	[CulturalDiffusion] frontier city=196610 ring=4 best=39132.67 bar=375 over=10/19 centre=7969.47 
[2026-09-24 12:50:38]	[CulturalDiffusion] frontier city=262147 ring=4 best=57066.51 bar=375 over=16/24 centre=16375.04 
[2026-09-24 12:50:38]	[CulturalDiffusion] frontier city=327684 ring=4 best=16375.04 bar=375 over=4/24 centre=5153.86 
[2026-09-24 12:50:38]	[CulturalDiffusion] flip 88,24 -> player 0 via purchasePlot sent; pending confirmation next pass (was owner -1) 
[2026-09-24 12:50:38]	[CulturalDiffusion] flip 88,39 -> player 0 via purchasePlot sent; pending confirmation next pass (was owner 3) 
[2026-09-24 12:50:38]	[CulturalDiffusion] state bytes=13387 field=321 claims=33 locked=29 passMs=18 
[2026-09-24 12:50:38]	[CulturalDiffusion] pass: 0 flip(s), 2 pending, 0 ceded (0 pending), confirmed 1 claim/0 cede (0 dropped), 0 orphan(s) healed, 0 inner tile(s) released to base game, 321 active field tile(s) 
[2026-09-24 12:50:38]	[CulturalDiffusion] pass (turn 11): flips=0 field tiles=139 
[2026-09-24 12:50:44]	[CulturalDiffusion] notify: (88,24) unowned -> player 0 
[2026-09-24 12:50:44]	[CulturalDiffusion] pending 88,24 claim confirmed on the live map 
[2026-09-24 12:50:44]	[CulturalDiffusion] notify: (88,39) player 3 -> player 0 
[2026-09-24 12:50:44]	[CulturalDiffusion] pending 88,39 claim confirmed on the live map 
[2026-09-24 12:50:44]	[CulturalDiffusion] inject 92,32 civ=0 culture=40.8 vitality=54.79 strength=52.79 stock=79768.1 cap=105578.2 
[2026-09-24 12:50:44]	[CulturalDiffusion] inject 86,20 civ=0 culture=0 vitality=24.74 strength=0 stock=99.81 cap=0 
[2026-09-24 12:50:44]	[CulturalDiffusion] inject 93,26 civ=0 culture=8.8 vitality=59.77 strength=20.08 stock=8274.1 cap=40150.73 
[2026-09-24 12:50:44]	[CulturalDiffusion] inject 87,32 civ=0 culture=13.2 vitality=37.2 strength=22.14 stock=16662.42 cap=44274.49 
[2026-09-24 12:50:44]	[CulturalDiffusion] inject 84,35 civ=0 culture=1.1 vitality=26.63 strength=3.91 stock=5172.06 cap=7821.52 
[2026-09-24 12:50:44]	[CulturalDiffusion] inject 77,36 civ=2 culture=2.2 vitality=12.9 strength=4.12 stock=377.88 cap=8241.17 
[2026-09-24 12:50:44]	[CulturalDiffusion] inject 81,18 civ=3 culture=14.4 vitality=65.18 strength=25.41 stock=7185.73 cap=50816.31 
[2026-09-24 12:50:44]	[CulturalDiffusion] inject 82,23 civ=3 culture=7.7 vitality=24.32 strength=11.98 stock=2543.23 cap=23957.1 
[2026-09-24 12:50:44]	[CulturalDiffusion] inject 80,31 civ=3 culture=4.4 vitality=22.11 strength=8.05 stock=1702.87 cap=16102.89 
[2026-09-24 12:50:44]	[CulturalDiffusion] inject 90,37 civ=3 culture=7.7 vitality=37.07 strength=13.88 stock=2726.31 cap=27765.58 
[2026-09-24 12:50:44]	[CulturalDiffusion] inject 79,39 civ=5 culture=0 vitality=19.34 strength=0 stock=117.6 cap=0 
[2026-09-24 12:50:44]	[CulturalDiffusion] frontier city=65536 ring=4 best=18949.55 bar=375 over=21/23 centre=79768.1 
[2026-09-24 12:50:44]	[CulturalDiffusion] frontier city=131073 ring=4 best=525.2 bar=375 over=1/24 centre=99.81 
[2026-09-24 12:50:44]	[CulturalDiffusion] frontier city=196610 ring=4 best=39444.37 bar=375 over=10/19 centre=8274.1 
[2026-09-24 12:50:44]	[CulturalDiffusion] frontier city=262147 ring=4 best=58461.3 bar=375 over=16/24 centre=16662.42 
[2026-09-24 12:50:44]	[CulturalDiffusion] frontier city=327684 ring=4 best=16662.42 bar=375 over=4/24 centre=5172.06 
[2026-09-24 12:50:44]	[CulturalDiffusion] state bytes=13540 field=325 claims=35 locked=27 passMs=17 
[2026-09-24 12:50:44]	[CulturalDiffusion] pass: 0 flip(s), 0 pending, 0 ceded (0 pending), confirmed 2 claim/0 cede (0 dropped), 0 orphan(s) healed, 0 inner tile(s) released to base game, 325 active field tile(s) 
[2026-09-24 12:50:44]	[CulturalDiffusion] pass (turn 12): flips=0 field tiles=141 
[2026-09-24 12:50:44]	[CDH] TURN n=12 turn=12 age=AGE_EXPLORATION state={"claims":35,"pending":0,"field":325,"locked":27} foreignUnitsOnOurLand=0 
[2026-09-24 12:50:50]	[CDH] TURN n=12 turn=12 age=AGE_EXPLORATION state={"claims":35,"pending":0,"field":325,"locked":27} foreignUnitsOnOurLand=0 
[2026-09-24 12:50:54]	[CulturalDiffusion] inject 92,32 civ=0 culture=40.8 vitality=54.79 strength=52.14 stock=81492.1 cap=104280.68 
[2026-09-24 12:50:54]	[CulturalDiffusion] inject 86,20 civ=0 culture=0 vitality=24.74 strength=0 stock=93.82 cap=0 
[2026-09-24 12:50:54]	[CulturalDiffusion] inject 93,26 civ=0 culture=8.8 vitality=59.77 strength=19.83 stock=8567.95 cap=39657.29 
[2026-09-24 12:50:54]	[CulturalDiffusion] inject 87,32 civ=0 culture=13.2 vitality=37.2 strength=21.87 stock=16931.42 cap=43730.37 
[2026-09-24 12:50:54]	[CulturalDiffusion] inject 84,35 civ=0 culture=1.1 vitality=26.63 strength=3.86 stock=5188.66 cap=7725.39 
[2026-09-24 12:50:54]	[CulturalDiffusion] inject 77,36 civ=2 culture=2.2 vitality=12.9 strength=5.47 stock=409.2 cap=10948.45 
[2026-09-24 12:50:54]	[CulturalDiffusion] inject 81,18 civ=3 culture=14.4 vitality=66.83 strength=25.41 stock=7669.8 cap=50827.25 
[2026-09-24 12:50:54]	[CulturalDiffusion] inject 82,23 civ=3 culture=7.7 vitality=24.32 strength=11.88 stock=2657.04 cap=23753.5 
[2026-09-24 12:50:54]	[CulturalDiffusion] inject 80,31 civ=3 culture=4.4 vitality=22.11 strength=7.98 stock=1754.32 cap=15966.04 
[2026-09-24 12:50:54]	[CulturalDiffusion] inject 90,37 civ=3 culture=7.7 vitality=37.07 strength=13.76 stock=2877.35 cap=27529.62 
[2026-09-24 12:50:54]	[CulturalDiffusion] inject 79,39 civ=5 culture=0 vitality=19.34 strength=0 stock=110.72 cap=0 
[2026-09-24 12:50:54]	[CulturalDiffusion] frontier city=65536 ring=4 best=19107.75 bar=375 over=21/23 centre=81492.1 
[2026-09-24 12:50:54]	[CulturalDiffusion] frontier city=131073 ring=4 best=675.4 bar=375 over=1/24 centre=93.82 
[2026-09-24 12:50:54]	[CulturalDiffusion] frontier city=196610 ring=4 best=40408.45 bar=375 over=11/19 centre=8567.95 
[2026-09-24 12:50:54]	[CulturalDiffusion] frontier city=262147 ring=4 best=59826.07 bar=375 over=16/24 centre=16931.42 
[2026-09-24 12:50:54]	[CulturalDiffusion] frontier city=327684 ring=4 best=16931.42 bar=375 over=4/24 centre=5188.66 
[2026-09-24 12:50:54]	[CulturalDiffusion] flip 87,25 -> player 0 via purchasePlot sent; pending confirmation next pass (was owner -1) 
[2026-09-24 12:50:54]	[CulturalDiffusion] state bytes=13678 field=327 claims=35 locked=26 passMs=15 
[2026-09-24 12:50:54]	[CulturalDiffusion] pass: 0 flip(s), 1 pending, 0 ceded (0 pending), confirmed 0 claim/0 cede (0 dropped), 0 orphan(s) healed, 0 inner tile(s) released to base game, 327 active field tile(s) 
[2026-09-24 12:50:54]	[CulturalDiffusion] pass (turn 13): flips=0 field tiles=141 
[2026-09-24 12:51:00]	[CulturalDiffusion] notify: (87,25) unowned -> player 0 
[2026-09-24 12:51:00]	[CulturalDiffusion] pending 87,25 claim confirmed on the live map 
[2026-09-24 12:51:00]	[CulturalDiffusion] inject 92,32 civ=0 culture=40.8 vitality=54.63 strength=52.17 stock=83194.85 cap=104346.68 
[2026-09-24 12:51:00]	[CulturalDiffusion] inject 86,20 civ=0 culture=0 vitality=26.68 strength=0 stock=88.13 cap=0 
[2026-09-24 12:51:00]	[CulturalDiffusion] inject 93,26 civ=0 culture=8.8 vitality=59.93 strength=19.88 stock=8861.29 cap=39762.76 
[2026-09-24 12:51:00]	[CulturalDiffusion] inject 87,32 civ=0 culture=13.2 vitality=37.2 strength=21.9 stock=17197.62 cap=43804.33 
[2026-09-24 12:51:00]	[CulturalDiffusion] inject 84,35 civ=0 culture=1.1 vitality=26.63 strength=3.87 stock=5205.7 cap=7738.46 
[2026-09-24 12:51:00]	[CulturalDiffusion] inject 77,36 civ=2 culture=2.2 vitality=12.9 strength=5.47 stock=440.63 cap=10946.96 
[2026-09-24 12:51:00]	[CulturalDiffusion] inject 81,18 civ=3 culture=14.4 vitality=66.83 strength=25.47 stock=8159.3 cap=50945.2 
[2026-09-24 12:51:00]	[CulturalDiffusion] inject 82,23 civ=3 culture=7.7 vitality=24.32 strength=11.9 stock=2770.85 cap=23808.62 
[2026-09-24 12:51:00]	[CulturalDiffusion] inject 80,31 civ=3 culture=4.4 vitality=22.11 strength=8 stock=1805.4 cap=16003.09 
[2026-09-24 12:51:00]	[CulturalDiffusion] inject 90,37 civ=3 culture=7.7 vitality=37.07 strength=13.8 stock=3029.11 cap=27593.5 
[2026-09-24 12:51:00]	[CulturalDiffusion] inject 79,39 civ=5 culture=0 vitality=19.34 strength=0 stock=104.18 cap=0 
[2026-09-24 12:51:00]	[CulturalDiffusion] frontier city=65536 ring=4 best=19259.95 bar=375 over=21/23 centre=83194.85 
[2026-09-24 12:51:00]	[CulturalDiffusion] frontier city=131073 ring=4 best=820.19 bar=375 over=1/24 centre=88.13 
[2026-09-24 12:51:00]	[CulturalDiffusion] frontier city=196610 ring=4 best=41351.78 bar=375 over=11/19 centre=8861.29 
[2026-09-24 12:51:00]	[CulturalDiffusion] frontier city=262147 ring=4 best=61119.07 bar=375 over=16/24 centre=17197.62 
[2026-09-24 12:51:00]	[CulturalDiffusion] frontier city=327684 ring=4 best=17197.62 bar=375 over=4/24 centre=5205.7 
[2026-09-24 12:51:00]	[CulturalDiffusion] state bytes=13737 field=328 claims=36 locked=26 passMs=14 
[2026-09-24 12:51:00]	[CulturalDiffusion] pass: 0 flip(s), 0 pending, 0 ceded (0 pending), confirmed 1 claim/0 cede (0 dropped), 0 orphan(s) healed, 0 inner tile(s) released to base game, 328 active field tile(s) 
[2026-09-24 12:51:00]	[CulturalDiffusion] pass (turn 14): flips=0 field tiles=141 
[2026-09-24 12:51:01]	[CDH] TURN n=14 turn=14 age=AGE_EXPLORATION state={"claims":36,"pending":0,"field":328,"locked":26} foreignUnitsOnOurLand=1 
[2026-09-24 12:51:06]	[CDH] TURN n=14 turn=14 age=AGE_EXPLORATION state={"claims":36,"pending":0,"field":328,"locked":26} foreignUnitsOnOurLand=1 
[2026-09-24 12:51:16]	[CulturalDiffusion] inject 92,32 civ=0 culture=40.8 vitality=54.63 strength=52.1 stock=84864.43 cap=104203.7 
[2026-09-24 12:51:16]	[CulturalDiffusion] inject 86,20 civ=0 culture=0 vitality=26.68 strength=0 stock=82.72 cap=0 
[2026-09-24 12:51:16]	[CulturalDiffusion] inject 93,26 civ=0 culture=11 vitality=59.41 strength=22.89 stock=9261.7 cap=45777.06 
[2026-09-24 12:51:16]	[CulturalDiffusion] inject 87,32 civ=0 culture=13.2 vitality=37.2 strength=21.87 stock=17457.63 cap=43744.31 
[2026-09-24 12:51:16]	[CulturalDiffusion] inject 84,35 civ=0 culture=1.1 vitality=26.63 strength=3.86 stock=5299.14 cap=7727.85 
[2026-09-24 12:51:16]	[CulturalDiffusion] inject 77,36 civ=2 culture=2.2 vitality=12.9 strength=5.46 stock=472 cap=10923.49 
[2026-09-24 12:51:16]	[CulturalDiffusion] inject 81,18 civ=3 culture=14.4 vitality=66.83 strength=25.43 stock=8650.07 cap=50864.68 
[2026-09-24 12:51:16]	[CulturalDiffusion] inject 82,23 civ=3 culture=7.7 vitality=24.32 strength=11.89 stock=2883.61 cap=23770.99 
[2026-09-24 12:51:16]	[CulturalDiffusion] inject 80,31 civ=3 culture=4.4 vitality=22.11 strength=7.99 stock=1855.6 cap=15977.79 
[2026-09-24 12:51:16]	[CulturalDiffusion] inject 90,37 civ=3 culture=7.7 vitality=37.07 strength=13.77 stock=3180.28 cap=27549.89 
[2026-09-24 12:51:16]	[CulturalDiffusion] inject 79,39 civ=5 culture=0 vitality=19.34 strength=0 stock=97.98 cap=0 
[2026-09-24 12:51:16]	[CulturalDiffusion] frontier city=65536 ring=4 best=19730.69 bar=375 over=19/23 centre=84864.43 
[2026-09-24 12:51:16]	[CulturalDiffusion] frontier city=131073 ring=4 best=833.68 bar=375 over=1/24 centre=82.72 
[2026-09-24 12:51:16]	[CulturalDiffusion] frontier city=196610 ring=4 best=42245.5 bar=375 over=11/19 centre=9261.7 
[2026-09-24 12:51:16]	[CulturalDiffusion] frontier city=262147 ring=4 best=62396.14 bar=375 over=16/24 centre=17457.63 
[2026-09-24 12:51:16]	[CulturalDiffusion] frontier city=327684 ring=4 best=17457.63 bar=375 over=4/24 centre=5299.14 
[2026-09-24 12:51:16]	[CulturalDiffusion] state bytes=13780 field=329 claims=36 locked=25 passMs=17 
[2026-09-24 12:51:16]	[CulturalDiffusion] pass: 0 flip(s), 0 pending, 0 ceded (0 pending), confirmed 0 claim/0 cede (0 dropped), 0 orphan(s) healed, 0 inner tile(s) released to base game, 329 active field tile(s) 
[2026-09-24 12:51:16]	[CulturalDiffusion] pass (turn 15): flips=0 field tiles=141 
[2026-09-24 12:51:22]	[CDH] TURN n=15 turn=15 age=AGE_EXPLORATION state={"claims":36,"pending":0,"field":329,"locked":25} foreignUnitsOnOurLand=1 
[2026-09-24 12:51:26]	[CulturalDiffusion] inject 92,32 civ=0 culture=40.8 vitality=54.8 strength=51.25 stock=86412.88 cap=102506.15 
[2026-09-24 12:51:26]	[CulturalDiffusion] inject 86,20 civ=0 culture=0 vitality=26.68 strength=0 stock=77.59 cap=0 
[2026-09-24 12:51:26]	[CulturalDiffusion] inject 93,26 civ=0 culture=11 vitality=59.59 strength=22.51 stock=9646.76 cap=45027.27 
[2026-09-24 12:51:26]	[CulturalDiffusion] inject 87,32 civ=0 culture=13.2 vitality=37.2 strength=21.49 stock=17693.54 cap=42983.54 
[2026-09-24 12:51:26]	[CulturalDiffusion] inject 84,35 civ=0 culture=1.1 vitality=27.44 strength=3.84 stock=5390.27 cap=7674.03 
[2026-09-24 12:51:26]	[CulturalDiffusion] inject 77,36 civ=2 culture=2.2 vitality=12.9 strength=5.46 stock=503.32 cap=10915.62 
[2026-09-24 12:51:26]	[CulturalDiffusion] inject 81,18 civ=3 culture=13.2 vitality=60.58 strength=18.15 stock=8880.39 cap=36302.87 
[2026-09-24 12:51:26]	[CulturalDiffusion] inject 82,23 civ=3 culture=7.7 vitality=24.32 strength=9.29 stock=2941.64 cap=18580 
[2026-09-24 12:51:26]	[CulturalDiffusion] inject 80,31 civ=3 culture=4.4 vitality=22.11 strength=6.24 stock=1875.99 cap=12488.64 
[2026-09-24 12:51:26]	[CulturalDiffusion] inject 90,37 civ=3 culture=7.7 vitality=31.37 strength=10.16 stock=3252.07 cap=20311.13 
[2026-09-24 12:51:26]	[CulturalDiffusion] inject 79,39 civ=5 culture=0 vitality=20.33 strength=0 stock=92.08 cap=0 
[2026-09-24 12:51:26]	[CulturalDiffusion] frontier city=65536 ring=4 best=20191.3 bar=375 over=19/23 centre=86412.88 
[2026-09-24 12:51:26]	[CulturalDiffusion] frontier city=131073 ring=4 best=841.54 bar=375 over=1/24 centre=77.59 
[2026-09-24 12:51:26]	[CulturalDiffusion] frontier city=196610 ring=4 best=43128.21 bar=375 over=11/19 centre=9646.76 
[2026-09-24 12:51:26]	[CulturalDiffusion] frontier city=262147 ring=4 best=63648.32 bar=375 over=16/24 centre=17693.54 
[2026-09-24 12:51:26]	[CulturalDiffusion] frontier city=327684 ring=4 best=17693.54 bar=375 over=4/24 centre=5390.27 
[2026-09-24 12:51:26]	[CulturalDiffusion] state bytes=13801 field=330 claims=36 locked=23 passMs=15 
[2026-09-24 12:51:26]	[CulturalDiffusion] pass: 0 flip(s), 0 pending, 0 ceded (0 pending), confirmed 0 claim/0 cede (0 dropped), 0 orphan(s) healed, 0 inner tile(s) released to base game, 330 active field tile(s) 
[2026-09-24 12:51:26]	[CulturalDiffusion] pass (turn 16): flips=0 field tiles=139 
[2026-09-24 12:51:32]	[CDH] TURN n=16 turn=16 age=AGE_EXPLORATION state={"claims":36,"pending":0,"field":330,"locked":23} foreignUnitsOnOurLand=0 
[2026-09-24 12:51:35]	[CulturalDiffusion] inject 92,32 civ=0 culture=40.8 vitality=54.8 strength=38.93 stock=82091.23 cap=77860.29 
[2026-09-24 12:51:35]	[CulturalDiffusion] inject 86,20 civ=0 culture=0 vitality=26.68 strength=0 stock=72.71 cap=0 
[2026-09-24 12:51:35]	[CulturalDiffusion] inject 93,26 civ=0 culture=11 vitality=59.59 strength=17.1 stock=9823.92 cap=34201.23 
[2026-09-24 12:51:35]	[CulturalDiffusion] inject 87,32 civ=0 culture=13.2 vitality=37.2 strength=16.32 stock=17658.85 cap=32648.88 
[2026-09-24 12:51:35]	[CulturalDiffusion] inject 84,35 civ=0 culture=1.1 vitality=27.44 strength=2.91 stock=5450.08 cap=5828.94 
[2026-09-24 12:51:35]	[CulturalDiffusion] inject 77,36 civ=2 culture=2.2 vitality=12.9 strength=5.37 stock=533.81 cap=10738.09 
[2026-09-24 12:51:35]	[CulturalDiffusion] inject 81,18 civ=3 culture=18 vitality=69.1 strength=31.69 stock=9602.12 cap=63387.78 
[2026-09-24 12:51:35]	[CulturalDiffusion] inject 82,23 civ=3 culture=7.7 vitality=25.42 strength=12.86 stock=3073.68 cap=25718.6 
[2026-09-24 12:51:35]	[CulturalDiffusion] inject 80,31 civ=3 culture=4.4 vitality=25.19 strength=8.91 stock=1940.63 cap=17816.26 
[2026-09-24 12:51:35]	[CulturalDiffusion] inject 90,37 civ=3 culture=7.7 vitality=32.99 strength=14.09 stock=3409.64 cap=28177.21 
[2026-09-24 12:51:35]	[CulturalDiffusion] inject 79,39 civ=5 culture=0 vitality=20.33 strength=0 stock=86.47 cap=0 
[2026-09-24 12:51:35]	[CulturalDiffusion] frontier city=65536 ring=4 best=20627.69 bar=375 over=19/23 centre=82091.23 
[2026-09-24 12:51:35]	[CulturalDiffusion] frontier city=131073 ring=4 best=848.75 bar=375 over=1/24 centre=72.71 
[2026-09-24 12:51:35]	[CulturalDiffusion] frontier city=196610 ring=4 best=43993.72 bar=375 over=11/19 centre=9823.92 
[2026-09-24 12:51:35]	[CulturalDiffusion] frontier city=262147 ring=4 best=64809.66 bar=375 over=16/24 centre=17658.85 
[2026-09-24 12:51:35]	[CulturalDiffusion] frontier city=327684 ring=4 best=17658.85 bar=375 over=4/24 centre=5450.08 
[2026-09-24 12:51:35]	[CulturalDiffusion] state bytes=14020 field=336 claims=36 locked=22 passMs=14 
[2026-09-24 12:51:35]	[CulturalDiffusion] pass: 0 flip(s), 0 pending, 0 ceded (0 pending), confirmed 0 claim/0 cede (0 dropped), 0 orphan(s) healed, 0 inner tile(s) released to base game, 336 active field tile(s) 
[2026-09-24 12:51:35]	[CulturalDiffusion] pass (turn 17): flips=0 field tiles=140 
[2026-09-24 12:51:41]	[CDH] TURN n=17 turn=17 age=AGE_EXPLORATION state={"claims":36,"pending":0,"field":336,"locked":22} foreignUnitsOnOurLand=1 
[2026-09-24 12:51:50]	[CulturalDiffusion] inject 92,32 civ=0 culture=40.8 vitality=54.8 strength=37.79 stock=77985.67 cap=75586.36 
[2026-09-24 12:51:50]	[CulturalDiffusion] inject 86,20 civ=0 culture=0 vitality=26.68 strength=0 stock=86.75 cap=0 
[2026-09-24 12:51:50]	[CulturalDiffusion] inject 93,26 civ=0 culture=11 vitality=59.24 strength=16.57 stock=9977.71 cap=33134.94 
[2026-09-24 12:51:50]	[CulturalDiffusion] inject 87,32 civ=0 culture=13.2 vitality=37.2 strength=15.85 stock=17600.54 cap=31695.36 
[2026-09-24 12:51:50]	[CulturalDiffusion] inject 84,35 civ=0 culture=1.1 vitality=27.44 strength=2.83 stock=5532.33 cap=5658.7 
[2026-09-24 12:51:50]	[CulturalDiffusion] inject 77,36 civ=2 culture=2.2 vitality=13.88 strength=5.48 stock=565.12 cap=10952.05 
[2026-09-24 12:51:50]	[CulturalDiffusion] inject 81,18 civ=3 culture=18 vitality=69.1 strength=31.53 stock=10327.54 cap=63055.35 
[2026-09-24 12:51:50]	[CulturalDiffusion] inject 82,23 civ=3 culture=7.7 vitality=25.42 strength=12.79 stock=3203.67 cap=25583.72 
[2026-09-24 12:51:50]	[CulturalDiffusion] inject 80,31 civ=3 culture=4.4 vitality=25.19 strength=8.86 stock=2003.79 cap=17722.82 
[2026-09-24 12:51:50]	[CulturalDiffusion] inject 90,37 civ=3 culture=7.7 vitality=32.99 strength=14.01 stock=3565.1 cap=28029.44 
[2026-09-24 12:51:50]	[CulturalDiffusion] inject 79,39 civ=5 culture=0 vitality=20.66 strength=0 stock=81.15 cap=0 
[2026-09-24 12:51:50]	[CulturalDiffusion] frontier city=65536 ring=4 best=21058.7 bar=375 over=19/23 centre=77985.67 
[2026-09-24 12:51:50]	[CulturalDiffusion] frontier city=131073 ring=4 best=855.83 bar=375 over=1/24 centre=86.75 
[2026-09-24 12:51:50]	[CulturalDiffusion] frontier city=196610 ring=4 best=44796.43 bar=375 over=11/19 centre=9977.71 
[2026-09-24 12:51:50]	[CulturalDiffusion] frontier city=262147 ring=4 best=61568.42 bar=375 over=16/24 centre=17600.54 
[2026-09-24 12:51:50]	[CulturalDiffusion] frontier city=327684 ring=4 best=17600.54 bar=375 over=4/24 centre=5532.33 
[2026-09-24 12:51:50]	[CulturalDiffusion] state bytes=14111 field=337 claims=36 locked=18 passMs=15 
[2026-09-24 12:51:50]	[CulturalDiffusion] pass: 0 flip(s), 0 pending, 0 ceded (0 pending), confirmed 0 claim/0 cede (0 dropped), 0 orphan(s) healed, 0 inner tile(s) released to base game, 337 active field tile(s) 
[2026-09-24 12:51:50]	[CulturalDiffusion] pass (turn 18): flips=0 field tiles=141 
[2026-09-24 12:51:56]	[CDH] TURN n=18 turn=18 age=AGE_EXPLORATION state={"claims":36,"pending":0,"field":337,"locked":18} foreignUnitsOnOurLand=1 
[2026-09-24 12:51:58]	[CulturalDiffusion] inject 92,32 civ=0 culture=40.8 vitality=49.43 strength=35.84 stock=74085.39 cap=71670.39 
[2026-09-24 12:51:58]	[CulturalDiffusion] inject 86,20 civ=0 culture=0 vitality=26.68 strength=0 stock=105.43 cap=0 
[2026-09-24 12:51:58]	[CulturalDiffusion] inject 93,26 civ=0 culture=11 vitality=55.94 strength=15.96 stock=10105.37 cap=31925.61 
[2026-09-24 12:51:58]	[CulturalDiffusion] inject 87,32 civ=0 culture=13.2 vitality=37.2 strength=15.58 stock=17529.98 cap=31157.49 
[2026-09-24 12:51:58]	[CulturalDiffusion] inject 84,35 civ=0 culture=1.1 vitality=27.44 strength=2.78 stock=5554.04 cap=5562.67 
[2026-09-24 12:51:58]	[CulturalDiffusion] inject 77,36 civ=2 culture=2.2 vitality=13.88 strength=4.42 stock=586.55 cap=8839.13 
[2026-09-24 12:51:58]	[CulturalDiffusion] inject 81,18 civ=3 culture=18 vitality=69.1 strength=29.58 stock=10984.33 cap=59156.46 
[2026-09-24 12:51:58]	[CulturalDiffusion] inject 82,23 civ=3 culture=7.7 vitality=25.42 strength=12 stock=3315.56 cap=24001.8 
[2026-09-24 12:51:58]	[CulturalDiffusion] inject 80,31 civ=3 culture=4.4 vitality=25.19 strength=8.31 stock=2056.73 cap=16626.97 
[2026-09-24 12:51:58]	[CulturalDiffusion] inject 90,37 civ=3 culture=7.7 vitality=31.62 strength=12.95 stock=3695.4 cap=25907.2 
[2026-09-24 12:51:58]	[CulturalDiffusion] inject 79,39 civ=5 culture=0 vitality=24.7 strength=0 stock=76.09 cap=0 
[2026-09-24 12:51:58]	[CulturalDiffusion] frontier city=65536 ring=4 best=21481.31 bar=375 over=19/23 centre=74085.39 
[2026-09-24 12:51:58]	[CulturalDiffusion] frontier city=131073 ring=4 best=862.65 bar=375 over=1/24 centre=105.43 
[2026-09-24 12:51:58]	[CulturalDiffusion] frontier city=196610 ring=4 best=42556.09 bar=375 over=11/19 centre=10105.37 
[2026-09-24 12:51:58]	[CulturalDiffusion] frontier city=262147 ring=4 best=58489.25 bar=375 over=16/24 centre=17529.98 
[2026-09-24 12:51:58]	[CulturalDiffusion] frontier city=327684 ring=4 best=17529.98 bar=375 over=4/24 centre=5554.04 
[2026-09-24 12:51:58]	[CulturalDiffusion] state bytes=14123 field=338 claims=36 locked=15 passMs=16 
[2026-09-24 12:51:58]	[CulturalDiffusion] pass: 0 flip(s), 0 pending, 0 ceded (0 pending), confirmed 0 claim/0 cede (0 dropped), 0 orphan(s) healed, 0 inner tile(s) released to base game, 338 active field tile(s) 
[2026-09-24 12:51:58]	[CulturalDiffusion] pass (turn 19): flips=0 field tiles=141 
[2026-09-24 12:52:04]	[CDH] TURN n=19 turn=19 age=AGE_EXPLORATION state={"claims":36,"pending":0,"field":338,"locked":15} foreignUnitsOnOurLand=1 
[2026-09-24 12:52:10]	[CulturalDiffusion] inject 92,32 civ=0 culture=40.8 vitality=49.94 strength=36.03 stock=70380.12 cap=72063.17 
[2026-09-24 12:52:10]	[CulturalDiffusion] inject 86,20 civ=0 culture=0 vitality=25.2 strength=0 stock=130.1 cap=0 
[2026-09-24 12:52:10]	[CulturalDiffusion] inject 93,26 civ=0 culture=11 vitality=55.94 strength=15.99 stock=10231.77 cap=31986.61 
[2026-09-24 12:52:10]	[CulturalDiffusion] inject 87,32 civ=0 culture=13.2 vitality=37.2 strength=15.61 stock=17462.86 cap=31217.03 
[2026-09-24 12:52:10]	[CulturalDiffusion] inject 84,35 civ=0 culture=1.1 vitality=27.44 strength=2.79 stock=5617.6 cap=5573.3 
[2026-09-24 12:52:10]	[CulturalDiffusion] inject 77,36 civ=2 culture=2.2 vitality=13.88 strength=4.22 stock=605.77 cap=8431.66 
[2026-09-24 12:52:10]	[CulturalDiffusion] inject 81,18 civ=3 culture=18 vitality=69.3 strength=29.48 stock=11640.76 cap=58960.92 
[2026-09-24 12:52:10]	[CulturalDiffusion] inject 82,23 civ=3 culture=7.7 vitality=25.42 strength=11.95 stock=3425.26 cap=23898.23 
[2026-09-24 12:52:10]	[CulturalDiffusion] inject 80,31 civ=3 culture=4.4 vitality=25.19 strength=8.28 stock=2108.28 cap=16555.22 
[2026-09-24 12:52:10]	[CulturalDiffusion] inject 90,37 civ=3 culture=9.9 vitality=34.36 strength=15.63 stock=3887.73 cap=31269.89 
[2026-09-24 12:52:10]	[CulturalDiffusion] inject 79,39 civ=5 culture=0 vitality=24.7 strength=0 stock=71.29 cap=0 
[2026-09-24 12:52:10]	[CulturalDiffusion] frontier city=65536 ring=4 best=21873.26 bar=375 over=19/23 centre=70380.12 
[2026-09-24 12:52:10]	[CulturalDiffusion] frontier city=131073 ring=4 best=883.73 bar=375 over=1/24 centre=130.1 
[2026-09-24 12:52:10]	[CulturalDiffusion] frontier city=196610 ring=4 best=40427.77 bar=375 over=11/19 centre=10231.77 
[2026-09-24 12:52:10]	[CulturalDiffusion] frontier city=262147 ring=4 best=55564.04 bar=375 over=16/24 centre=17462.86 
[2026-09-24 12:52:10]	[CulturalDiffusion] frontier city=327684 ring=4 best=17462.86 bar=375 over=4/24 centre=5617.6 
[2026-09-24 12:52:10]	[CulturalDiffusion] state bytes=14229 field=342 claims=36 locked=14 passMs=19 
[2026-09-24 12:52:10]	[CulturalDiffusion] pass: 0 flip(s), 0 pending, 0 ceded (0 pending), confirmed 0 claim/0 cede (0 dropped), 0 orphan(s) healed, 0 inner tile(s) released to base game, 342 active field tile(s) 
[2026-09-24 12:52:10]	[CulturalDiffusion] pass (turn 20): flips=0 field tiles=142 
[2026-09-24 12:52:16]	[CDH] TURN n=20 turn=20 age=AGE_EXPLORATION state={"claims":36,"pending":0,"field":342,"locked":14} foreignUnitsOnOurLand=1 
[2026-09-24 12:52:34]	[CulturalDiffusion] inject 92,32 civ=0 culture=40.8 vitality=49.94 strength=33.99 stock=66860.11 cap=67977.54 
[2026-09-24 12:52:34]	[CulturalDiffusion] inject 86,20 civ=0 culture=0 vitality=25.2 strength=0 stock=161.84 cap=0 
[2026-09-24 12:52:34]	[CulturalDiffusion] inject 93,26 civ=0 culture=11 vitality=55.94 strength=15.09 stock=10320.22 cap=30173.13 
[2026-09-24 12:52:34]	[CulturalDiffusion] inject 87,32 civ=0 culture=13.2 vitality=37.2 strength=14.72 stock=17352.28 cap=29447.17 
[2026-09-24 12:52:34]	[CulturalDiffusion] inject 84,35 civ=0 culture=1.1 vitality=27.44 strength=2.63 stock=5587.37 cap=5257.32 
[2026-09-24 12:52:34]	[CulturalDiffusion] inject 77,36 civ=2 culture=2.2 vitality=13.88 strength=4.21 stock=624.56 cap=8410.19 
[2026-09-24 12:52:34]	[CulturalDiffusion] inject 81,18 civ=3 culture=18 vitality=69.48 strength=29.86 stock=12315.46 cap=59719.43 
[2026-09-24 12:52:34]	[CulturalDiffusion] inject 82,23 civ=3 culture=8.8 vitality=26.53 strength=13.39 stock=3566.42 cap=26771.99 
[2026-09-24 12:52:34]	[CulturalDiffusion] inject 80,31 civ=3 culture=4.4 vitality=25.19 strength=8.38 stock=2160.83 cap=16753.4 
[2026-09-24 12:52:34]	[CulturalDiffusion] inject 90,37 civ=3 culture=9.9 vitality=34.54 strength=15.85 stock=4085.11 cap=31700.54 
[2026-09-24 12:52:34]	[CulturalDiffusion] inject 79,39 civ=5 culture=0 vitality=24.7 strength=0 stock=66.72 cap=0 
[2026-09-24 12:52:34]	[CulturalDiffusion] frontier city=65536 ring=4 best=20779.34 bar=375 over=19/23 centre=66860.11 
[2026-09-24 12:52:34]	[CulturalDiffusion] frontier city=131073 ring=4 best=904.36 bar=375 over=2/24 centre=161.84 
[2026-09-24 12:52:34]	[CulturalDiffusion] frontier city=196610 ring=4 best=38405.86 bar=375 over=12/19 centre=10320.22 
[2026-09-24 12:52:34]	[CulturalDiffusion] frontier city=262147 ring=4 best=52785.09 bar=375 over=16/24 centre=17352.28 
[2026-09-24 12:52:34]	[CulturalDiffusion] frontier city=327684 ring=4 best=17352.28 bar=375 over=4/24 centre=5587.37 
[2026-09-24 12:52:34]	[CulturalDiffusion] flip 87,24 -> player 0 via purchasePlot sent; pending confirmation next pass (was owner -1) 
[2026-09-24 12:52:34]	[CulturalDiffusion] state bytes=14337 field=343 claims=36 locked=11 passMs=17 
[2026-09-24 12:52:34]	[CulturalDiffusion] pass: 0 flip(s), 1 pending, 0 ceded (0 pending), confirmed 0 claim/0 cede (0 dropped), 0 orphan(s) healed, 0 inner tile(s) released to base game, 343 active field tile(s) 
[2026-09-24 12:52:34]	[CulturalDiffusion] pass (turn 21): flips=0 field tiles=143 
[2026-09-24 12:52:40]	[CDH] TURN n=21 turn=21 age=AGE_EXPLORATION state={"claims":36,"pending":1,"field":343,"locked":11} foreignUnitsOnOurLand=4 
[2026-09-24 12:52:49]	[CulturalDiffusion] notify: (87,24) unowned -> player 0 
[2026-09-24 12:52:49]	[CulturalDiffusion] pending 87,24 claim confirmed on the live map 
[2026-09-24 12:52:49]	[CulturalDiffusion] inject 92,32 civ=0 culture=40.8 vitality=49.94 strength=33.9 stock=64464.36 cap=67808.36 
[2026-09-24 12:52:49]	[CulturalDiffusion] inject 86,20 civ=0 culture=0 vitality=25.2 strength=0 stock=200.49 cap=0 
[2026-09-24 12:52:49]	[CulturalDiffusion] inject 93,26 civ=0 culture=11 vitality=55.94 strength=15.05 stock=10405.31 cap=30098.04 
[2026-09-24 12:52:49]	[CulturalDiffusion] inject 87,32 civ=0 culture=13.2 vitality=37.2 strength=14.69 stock=17242.96 cap=29373.89 
[2026-09-24 12:52:49]	[CulturalDiffusion] inject 84,35 civ=0 culture=1.1 vitality=27.44 strength=2.62 stock=5568.92 cap=5244.24 
[2026-09-24 12:52:49]	[CulturalDiffusion] inject 77,36 civ=2 culture=2.2 vitality=13.88 strength=4.44 stock=645.29 cap=8875.94 
[2026-09-24 12:52:49]	[CulturalDiffusion] inject 81,18 civ=3 culture=18 vitality=69.48 strength=20.19 stock=12576.54 cap=40383.61 
[2026-09-24 12:52:49]	[CulturalDiffusion] inject 82,23 civ=3 culture=8.8 vitality=26.53 strength=9.05 stock=3606.46 cap=18103.81 
[2026-09-24 12:52:49]	[CulturalDiffusion] inject 80,31 civ=3 culture=4.4 vitality=25.19 strength=5.66 stock=2163.77 cap=11329.02 
[2026-09-24 12:52:49]	[CulturalDiffusion] inject 90,37 civ=3 culture=9.9 vitality=34.54 strength=10.72 stock=4155.18 cap=21436.6 
[2026-09-24 12:52:49]	[CulturalDiffusion] inject 79,39 civ=5 culture=0 vitality=25.41 strength=0 stock=62.39 cap=0 
[2026-09-24 12:52:49]	[CulturalDiffusion] frontier city=65536 ring=4 best=19740.12 bar=375 over=19/23 centre=64464.36 
[2026-09-24 12:52:49]	[CulturalDiffusion] frontier city=131073 ring=4 best=923.91 bar=375 over=2/24 centre=200.49 
[2026-09-24 12:52:49]	[CulturalDiffusion] frontier city=196610 ring=4 best=36485.05 bar=375 over=12/19 centre=10405.31 
[2026-09-24 12:52:49]	[CulturalDiffusion] frontier city=262147 ring=4 best=50145.08 bar=375 over=16/24 centre=17242.96 
[2026-09-24 12:52:49]	[CulturalDiffusion] frontier city=327684 ring=4 best=17242.96 bar=375 over=4/24 centre=5568.92 
[2026-09-24 12:52:49]	[CulturalDiffusion] state bytes=14525 field=351 claims=37 locked=9 passMs=16 
[2026-09-24 12:52:49]	[CulturalDiffusion] pass: 0 flip(s), 0 pending, 0 ceded (0 pending), confirmed 1 claim/0 cede (0 dropped), 0 orphan(s) healed, 0 inner tile(s) released to base game, 351 active field tile(s) 
[2026-09-24 12:52:49]	[CulturalDiffusion] pass (turn 22): flips=0 field tiles=143 
[2026-09-24 12:52:55]	[CDH] TURN n=22 turn=22 age=AGE_EXPLORATION state={"claims":37,"pending":0,"field":351,"locked":9} foreignUnitsOnOurLand=3 
[2026-09-24 12:53:09]	[CulturalDiffusion] inject 92,32 civ=0 culture=40.8 vitality=49.94 strength=33.73 stock=64230.94 cap=67455.16 
[2026-09-24 12:53:09]	[CulturalDiffusion] inject 86,20 civ=0 culture=0 vitality=26.64 strength=0 stock=240.98 cap=0 
[2026-09-24 12:53:09]	[CulturalDiffusion] inject 93,26 civ=0 culture=11 vitality=55.94 strength=14.97 stock=10485.49 cap=29941.26 
[2026-09-24 12:53:09]	[CulturalDiffusion] inject 87,32 civ=0 culture=13.2 vitality=37.2 strength=14.61 stock=17132.86 cap=29220.88 
[2026-09-24 12:53:09]	[CulturalDiffusion] inject 84,35 civ=0 culture=1.1 vitality=27.44 strength=2.61 stock=5546.59 cap=5216.92 
[2026-09-24 12:53:09]	[CulturalDiffusion] inject 77,36 civ=2 culture=2.2 vitality=13.88 strength=4.44 stock=665.74 cap=8886.92 
[2026-09-24 12:53:09]	[CulturalDiffusion] inject 81,18 civ=3 culture=18 vitality=69.48 strength=20.17 stock=12832.64 cap=40334.27 
[2026-09-24 12:53:09]	[CulturalDiffusion] inject 82,23 civ=3 culture=8.8 vitality=26.53 strength=9.04 stock=3645.41 cap=18081.69 
[2026-09-24 12:53:09]	[CulturalDiffusion] inject 80,31 civ=3 culture=4.4 vitality=25.19 strength=5.66 stock=2166.51 cap=11315.18 
[2026-09-24 12:53:09]	[CulturalDiffusion] inject 90,37 civ=3 culture=9.9 vitality=34.54 strength=10.71 stock=4223.68 cap=21410.42 
[2026-09-24 12:53:09]	[CulturalDiffusion] inject 79,39 civ=5 culture=0 vitality=25.41 strength=0 stock=58.27 cap=0 
[2026-09-24 12:53:09]	[CulturalDiffusion] frontier city=65536 ring=4 best=18752.86 bar=375 over=19/23 centre=64230.94 
[2026-09-24 12:53:09]	[CulturalDiffusion] frontier city=131073 ring=4 best=943.21 bar=375 over=2/24 centre=240.98 
[2026-09-24 12:53:09]	[CulturalDiffusion] frontier city=196610 ring=4 best=34660.28 bar=375 over=12/19 centre=10485.49 
[2026-09-24 12:53:09]	[CulturalDiffusion] frontier city=262147 ring=4 best=48348.27 bar=375 over=16/24 centre=17132.86 
[2026-09-24 12:53:09]	[CulturalDiffusion] frontier city=327684 ring=4 best=17132.86 bar=375 over=4/24 centre=5546.59 
[2026-09-24 12:53:09]	[CulturalDiffusion] state bytes=14736 field=355 claims=37 locked=9 passMs=15 
[2026-09-24 12:53:09]	[CulturalDiffusion] pass: 0 flip(s), 0 pending, 0 ceded (0 pending), confirmed 0 claim/0 cede (0 dropped), 0 orphan(s) healed, 0 inner tile(s) released to base game, 355 active field tile(s) 
[2026-09-24 12:53:09]	[CulturalDiffusion] pass (turn 23): flips=0 field tiles=143 
[2026-09-24 12:53:15]	[CDH] TURN n=23 turn=23 age=AGE_EXPLORATION state={"claims":37,"pending":0,"field":355,"locked":9} foreignUnitsOnOurLand=6 
[2026-09-24 12:53:26]	[CulturalDiffusion] inject 92,32 civ=0 culture=40.8 vitality=49.94 strength=33.8 stock=64346.55 cap=67609.61 
[2026-09-24 12:53:26]	[CulturalDiffusion] inject 86,20 civ=0 culture=0 vitality=26.64 strength=0 stock=279.62 cap=0 
[2026-09-24 12:53:26]	[CulturalDiffusion] inject 93,26 civ=0 culture=11 vitality=55.94 strength=15 stock=10565.29 cap=30009.82 
[2026-09-24 12:53:26]	[CulturalDiffusion] inject 87,32 civ=0 culture=13.2 vitality=37.2 strength=14.64 stock=17027.58 cap=29287.79 
[2026-09-24 12:53:26]	[CulturalDiffusion] inject 84,35 civ=0 culture=1.1 vitality=27.44 strength=2.61 stock=5525.36 cap=5228.87 
[2026-09-24 12:53:26]	[CulturalDiffusion] inject 77,36 civ=2 culture=2.2 vitality=13.88 strength=4.48 stock=686.27 cap=8969.08 
[2026-09-24 12:53:26]	[CulturalDiffusion] inject 81,18 civ=3 culture=20.4 vitality=71.13 strength=22.08 stock=13168.68 cap=44157.1 
[2026-09-24 12:53:26]	[CulturalDiffusion] inject 82,23 civ=3 culture=8.8 vitality=26.53 strength=9.05 stock=3683.77 cap=18100.35 
[2026-09-24 12:53:26]	[CulturalDiffusion] inject 80,31 civ=3 culture=4.4 vitality=25.19 strength=5.66 stock=2169.28 cap=11326.86 
[2026-09-24 12:53:26]	[CulturalDiffusion] inject 90,37 civ=3 culture=9.9 vitality=34.54 strength=10.72 stock=4291.23 cap=21432.51 
[2026-09-24 12:53:26]	[CulturalDiffusion] inject 79,39 civ=5 culture=0 vitality=25.41 strength=0 stock=54.35 cap=0 
[2026-09-24 12:53:26]	[CulturalDiffusion] frontier city=65536 ring=4 best=17814.97 bar=375 over=19/23 centre=64346.55 
[2026-09-24 12:53:26]	[CulturalDiffusion] frontier city=131073 ring=4 best=962.14 bar=375 over=2/24 centre=279.62 
[2026-09-24 12:53:26]	[CulturalDiffusion] frontier city=196610 ring=4 best=33418.32 bar=375 over=11/19 centre=10565.29 
[2026-09-24 12:53:26]	[CulturalDiffusion] frontier city=262147 ring=4 best=48173.21 bar=375 over=16/24 centre=17027.58 
[2026-09-24 12:53:26]	[CulturalDiffusion] frontier city=327684 ring=4 best=17027.58 bar=375 over=4/24 centre=5525.36 
[2026-09-24 12:53:26]	[CulturalDiffusion] state bytes=14760 field=356 claims=37 locked=6 passMs=16 
[2026-09-24 12:53:26]	[CulturalDiffusion] pass: 0 flip(s), 0 pending, 0 ceded (0 pending), confirmed 0 claim/0 cede (0 dropped), 0 orphan(s) healed, 0 inner tile(s) released to base game, 356 active field tile(s) 
[2026-09-24 12:53:26]	[CulturalDiffusion] pass (turn 24): flips=0 field tiles=145 
[2026-09-24 12:53:32]	[CDH] TURN n=24 turn=24 age=AGE_EXPLORATION state={"claims":37,"pending":0,"field":356,"locked":6} foreignUnitsOnOurLand=5 
[2026-09-24 12:53:42]	[CulturalDiffusion] inject 92,32 civ=0 culture=40.8 vitality=49.94 strength=34.01 stock=64479.82 cap=68026.17 
[2026-09-24 12:53:42]	[CulturalDiffusion] inject 86,20 civ=0 culture=0 vitality=26.64 strength=0 stock=286.15 cap=0 
[2026-09-24 12:53:42]	[CulturalDiffusion] inject 93,26 civ=0 culture=11 vitality=55.94 strength=15.1 stock=10647.04 cap=30194.71 
[2026-09-24 12:53:42]	[CulturalDiffusion] inject 87,32 civ=0 culture=13.2 vitality=37.2 strength=14.73 stock=16929.84 cap=29468.24 
[2026-09-24 12:53:42]	[CulturalDiffusion] inject 84,35 civ=0 culture=1.1 vitality=27.44 strength=2.63 stock=5490.37 cap=5261.08 
[2026-09-24 12:53:42]	[CulturalDiffusion] inject 77,36 civ=2 culture=2.2 vitality=13.88 strength=4.47 stock=706.34 cap=8945.64 
[2026-09-24 12:53:42]	[CulturalDiffusion] inject 81,18 civ=3 culture=20.4 vitality=72.78 strength=22.26 stock=13508.58 cap=44520.12 
[2026-09-24 12:53:42]	[CulturalDiffusion] inject 82,23 civ=3 culture=8.8 vitality=26.53 strength=9.05 stock=3721.36 cap=18103.23 
[2026-09-24 12:53:42]	[CulturalDiffusion] inject 80,31 civ=3 culture=4.4 vitality=25.19 strength=5.66 stock=2171.99 cap=11328.66 
[2026-09-24 12:53:42]	[CulturalDiffusion] inject 90,37 civ=3 culture=12 vitality=36.09 strength=12.33 stock=4398.61 cap=24669.45 
[2026-09-24 12:53:42]	[CulturalDiffusion] inject 79,39 civ=5 culture=0 vitality=25.41 strength=0 stock=50.64 cap=0 
[2026-09-24 12:53:42]	[CulturalDiffusion] frontier city=65536 ring=4 best=16923.97 bar=375 over=19/23 centre=64479.82 
[2026-09-24 12:53:42]	[CulturalDiffusion] frontier city=131073 ring=4 best=979.7 bar=375 over=2/24 centre=286.15 
[2026-09-24 12:53:42]	[CulturalDiffusion] frontier city=196610 ring=4 best=33297.32 bar=375 over=11/19 centre=10647.04 
[2026-09-24 12:53:42]	[CulturalDiffusion] frontier city=262147 ring=4 best=48259.91 bar=375 over=16/24 centre=16929.84 
[2026-09-24 12:53:42]	[CulturalDiffusion] frontier city=327684 ring=4 best=16929.84 bar=375 over=4/24 centre=5490.37 
[2026-09-24 12:53:42]	[CulturalDiffusion] state bytes=14859 field=357 claims=37 locked=5 passMs=16 
[2026-09-24 12:53:42]	[CulturalDiffusion] pass: 0 flip(s), 0 pending, 0 ceded (0 pending), confirmed 0 claim/0 cede (0 dropped), 0 orphan(s) healed, 0 inner tile(s) released to base game, 357 active field tile(s) 
[2026-09-24 12:53:42]	[CulturalDiffusion] pass (turn 25): flips=0 field tiles=146 
[2026-09-24 12:53:48]	[CDH] TURN n=25 turn=25 age=AGE_EXPLORATION state={"claims":37,"pending":0,"field":357,"locked":5} foreignUnitsOnOurLand=5 
[2026-09-24 12:54:04]	[CulturalDiffusion] inject 92,32 civ=0 culture=40.8 vitality=49.94 strength=33.97 stock=64605.79 cap=67942.98 
[2026-09-24 12:54:04]	[CulturalDiffusion] inject 86,20 civ=0 culture=0 vitality=26.64 strength=0 stock=292.33 cap=0 
[2026-09-24 12:54:04]	[CulturalDiffusion] inject 93,26 civ=0 culture=17.6 vitality=53.99 strength=20.21 stock=10931.44 cap=40424.73 
[2026-09-24 12:54:04]	[CulturalDiffusion] inject 87,32 civ=0 culture=13.2 vitality=37.2 strength=14.72 stock=16833.94 cap=29432.21 
[2026-09-24 12:54:04]	[CulturalDiffusion] inject 84,35 civ=0 culture=1.1 vitality=27.44 strength=2.63 stock=5455.78 cap=5254.65 
[2026-09-24 12:54:04]	[CulturalDiffusion] inject 77,36 civ=2 culture=2.2 vitality=13.88 strength=4.43 stock=725.61 cap=8858.31 
[2026-09-24 12:54:04]	[CulturalDiffusion] inject 81,18 civ=3 culture=18 vitality=71.68 strength=16.44 stock=13582.01 cap=32872.37 
[2026-09-24 12:54:04]	[CulturalDiffusion] inject 82,23 civ=3 culture=8.8 vitality=26.53 strength=7.29 stock=3716.49 cap=14576.59 
[2026-09-24 12:54:04]	[CulturalDiffusion] inject 80,31 civ=3 culture=4.4 vitality=25.19 strength=4.56 stock=2154.71 cap=9121.75 
[2026-09-24 12:54:04]	[CulturalDiffusion] inject 90,37 civ=3 culture=12 vitality=39.04 strength=10.21 stock=4449.91 cap=20417.59 
[2026-09-24 12:54:04]	[CulturalDiffusion] inject 79,39 civ=5 culture=0 vitality=25.41 strength=0 stock=47.1 cap=0 
[2026-09-24 12:54:04]	[CulturalDiffusion] frontier city=65536 ring=4 best=16317.54 bar=375 over=18/23 centre=64605.79 
[2026-09-24 12:54:04]	[CulturalDiffusion] frontier city=131073 ring=4 best=930.7 bar=375 over=2/24 centre=292.33 
[2026-09-24 12:54:04]	[CulturalDiffusion] frontier city=196610 ring=4 best=33357.25 bar=375 over=11/19 centre=10931.44 
[2026-09-24 12:54:04]	[CulturalDiffusion] frontier city=262147 ring=4 best=48359.86 bar=375 over=16/24 centre=16833.94 
[2026-09-24 12:54:04]	[CulturalDiffusion] frontier city=327684 ring=4 best=16833.94 bar=375 over=4/24 centre=5455.78 
[2026-09-24 12:54:04]	[CulturalDiffusion] flip 89,23 -> player 0 via purchasePlot sent; pending confirmation next pass (was owner -1) 
[2026-09-24 12:54:04]	[CulturalDiffusion] state bytes=14922 field=357 claims=37 locked=4 passMs=19 
[2026-09-24 12:54:04]	[CulturalDiffusion] pass: 0 flip(s), 1 pending, 0 ceded (0 pending), confirmed 0 claim/0 cede (0 dropped), 0 orphan(s) healed, 0 inner tile(s) released to base game, 357 active field tile(s) 
[2026-09-24 12:54:04]	[CulturalDiffusion] pass (turn 26): flips=0 field tiles=146 
[2026-09-24 12:54:10]	[CDH] TURN n=26 turn=26 age=AGE_EXPLORATION state={"claims":37,"pending":1,"field":357,"locked":4} foreignUnitsOnOurLand=5 
[2026-09-24 12:54:20]	[CulturalDiffusion] notify: (89,23) unowned -> player 0 
[2026-09-24 12:54:20]	[CulturalDiffusion] pending 89,23 claim confirmed on the live map 
[2026-09-24 12:54:20]	[CulturalDiffusion] inject 92,32 civ=0 culture=40.8 vitality=50.68 strength=32.42 stock=61599.59 cap=64830.88 
[2026-09-24 12:54:20]	[CulturalDiffusion] inject 86,20 civ=0 culture=0 vitality=22.22 strength=0 stock=298.44 cap=0 
[2026-09-24 12:54:20]	[CulturalDiffusion] inject 93,26 civ=0 culture=17.6 vitality=52.92 strength=19.05 stock=11165.38 cap=38105.64 
[2026-09-24 12:54:20]	[CulturalDiffusion] inject 87,32 civ=0 culture=13.2 vitality=41.71 strength=14.54 stock=16731.89 cap=29080.5 
[2026-09-24 12:54:20]	[CulturalDiffusion] inject 84,35 civ=0 culture=1.1 vitality=25.12 strength=2.42 stock=5420.94 cap=4835.82 
[2026-09-24 12:54:20]	[CulturalDiffusion] inject 77,36 civ=2 culture=2.2 vitality=13.88 strength=4.23 stock=742.44 cap=8456.4 
[2026-09-24 12:54:20]	[CulturalDiffusion] inject 81,18 civ=3 culture=18 vitality=67.48 strength=16.06 stock=13636.98 cap=32127.8 
[2026-09-24 12:54:20]	[CulturalDiffusion] inject 82,23 civ=3 culture=8.8 vitality=26.53 strength=7.28 stock=3711.44 cap=14550.7 
[2026-09-24 12:54:20]	[CulturalDiffusion] inject 80,31 civ=3 culture=4.4 vitality=20.63 strength=4.25 stock=2132.31 cap=8491.51 
[2026-09-24 12:54:20]	[CulturalDiffusion] inject 90,37 civ=3 culture=12 vitality=36.39 strength=9.94 stock=4493.3 cap=19886.14 
[2026-09-24 12:54:20]	[CulturalDiffusion] inject 79,39 civ=5 culture=0 vitality=25.08 strength=0 stock=43.75 cap=0 
[2026-09-24 12:54:20]	[CulturalDiffusion] frontier city=65536 ring=4 best=16258.46 bar=375 over=18/23 centre=61599.59 
[2026-09-24 12:54:20]	[CulturalDiffusion] frontier city=131073 ring=4 best=884.16 bar=375 over=2/24 centre=298.44 
[2026-09-24 12:54:20]	[CulturalDiffusion] frontier city=196610 ring=4 best=33426.34 bar=375 over=11/19 centre=11165.38 
[2026-09-24 12:54:20]	[CulturalDiffusion] frontier city=262147 ring=4 best=48454.34 bar=375 over=16/24 centre=16731.89 
[2026-09-24 12:54:20]	[CulturalDiffusion] frontier city=327684 ring=4 best=16731.89 bar=375 over=4/24 centre=5420.94 
[2026-09-24 12:54:20]	[CulturalDiffusion] state bytes=14974 field=358 claims=38 locked=3 passMs=18 
[2026-09-24 12:54:20]	[CulturalDiffusion] pass: 0 flip(s), 0 pending, 0 ceded (0 pending), confirmed 1 claim/0 cede (0 dropped), 0 orphan(s) healed, 0 inner tile(s) released to base game, 358 active field tile(s) 
[2026-09-24 12:54:20]	[CulturalDiffusion] pass (turn 27): flips=0 field tiles=146 
